ID,Formula,Bulk,Mo,Nb,Ta,Ti,V,W,Zr
10607,Ta30Ti15Nb23V15Mo15W30,202.379216,15,23,30,15,15,30,0
8188,Zr30Ta23Ti15V15W45,167.95137,0,0,23,15,15,45,30
6908,Zr23Ta30Ti15V15Mo30W15,168.653416,30,0,30,15,15,15,23
6762,Zr68Ti15Nb15Mo30,113.841281,30,15,0,15,0,0,68
5697,Ta15Ti45Nb30W38,176.061554,0,30,15,45,0,38,0
10980,Zr15Ta30W83,235.622077,0,0,30,0,0,83,15
495,Zr60Ta15Nb30Mo23,126.676704,23,30,15,0,0,0,60
5238,Ta60Ti15V15Mo23W15,201.59731,23,0,60,15,15,15,0
2104,Ta60Nb23V15Mo15W15,205.151306,15,23,60,0,15,15,0
3210,Zr23Ta30Ti15Nb45W15,154.309834,0,45,30,15,0,15,23
8892,Nb15V53W60,232.680236,0,15,0,0,53,60,0
11721,Zr15Ta15Nb15V15Mo38W30,208.049149,38,15,15,0,15,30,15
9940,Zr30Ti38V15Mo45,137.73802,45,0,0,38,15,0,30
578,Ti45V53Mo30,161.762584,30,0,0,45,53,0,0
1698,Zr38Ta15Ti30V15Mo15W15,132.616402,15,0,15,30,15,15,38
5113,Ti15Nb45V15W53,209.066299,0,45,0,15,15,53,0
1237,Zr15Ti30V15Mo38W30,182.915963,38,0,0,30,15,30,15
3560,Ta60Ti15Nb30V23,174.394511,0,30,60,15,23,0,0
4745,Zr75Ti15Mo15W23,116.446876,15,0,0,15,0,23,75
9518,Zr30Nb60V15W23,156.049084,0,60,0,0,15,23,30
8527,Ta15Ti15Nb38V15Mo45,194.064414,45,38,15,15,15,0,0
11852,Zr23Ti30Nb30Mo15W30,158.761083,15,30,0,30,0,30,23
2821,Zr30Ta15Ti23Nb15Mo30W15,154.100111,30,15,15,23,0,15,30
7482,Ta30Ti15V45Mo15W23,198.410503,15,0,30,15,45,23,0
11638,Ta30Ti15Mo45W38,232.807487,45,0,30,15,0,38,0
653,Ta30Ti23Nb30Mo45,190.8122,45,30,30,23,0,0,0
9866,Ta60V45Mo23,198.759369,23,0,60,0,45,0,0
2479,Zr15Ta60Ti15Mo15W23,184.768317,15,0,60,15,0,23,15
3799,Zr30Ti38Nb15Mo45,140.497702,45,15,0,38,0,0,30
4809,Ta53Ti30Mo15W30,198.450982,15,0,53,30,0,30,0
4035,Ti15V75Mo23W15,194.114239,23,0,0,15,75,15,0
11899,Ta68V15Mo15W30,223.324626,15,0,68,0,15,30,0
920,Nb30Mo98,234.914406,98,30,0,0,0,0,0
4663,Ta30Ti45Nb38V15,147.421947,0,38,30,45,15,0,0
1781,Zr23Ti45V30Mo30,134.661759,30,0,0,45,30,0,23
9268,Ta30Ti38V30Mo15W15,173.877071,15,0,30,38,30,15,0
2680,Zr15Ti23V75Mo15,146.688026,15,0,0,23,75,0,15
7476,Zr23Ta15Nb30V45Mo15,154.190004,15,30,15,0,45,0,23
10345,Ta45Ti15Nb38Mo30,189.238634,30,38,45,15,0,0,0
11297,Ta98Nb15W15,205.111456,0,15,98,0,0,15,0
1839,Zr15Ti15Nb30V38Mo15W15,161.639251,15,30,0,15,38,15,15
1311,Zr45Ta30Ti23V15Mo15,121.689714,15,0,30,23,15,0,45
3022,Ti60Nb38V30,131.426497,0,38,0,60,30,0,0
2594,Ta45Nb15V23Mo45,209.050246,45,15,45,0,23,0,0
11345,Zr15Nb15V15Mo38W45,219.86772,38,15,0,0,15,45,15
10435,Zr23Ta90Ti15,151.883516,0,0,90,15,0,0,23
6012,Ti30Nb53V15W30,177.20283,0,53,0,30,15,30,0
9091,Zr68Ti30V15Mo15,102.855385,15,0,0,30,15,0,68
5663,Zr15Ti30Nb38Mo30W15,164.934059,30,38,0,30,0,15,15
2336,Zr15Ta15Nb38V45W15,167.472814,0,38,15,0,45,15,15
3336,Zr53Ta60Mo15,136.542452,15,0,60,0,0,0,53
7339,Ta38V45W45,222.67156,0,0,38,0,45,45,0
5836,Zr15V75Mo15W23,182.781824,15,0,0,0,75,23,15
2938,Zr38Ta30Ti30Mo30,135.172972,30,0,30,30,0,0,38
461,Zr45Ta30Nb30W23,146.109915,0,30,30,0,0,23,45
7644,Zr30Ta15Ti15Nb23Mo15W30,163.444124,15,23,15,15,0,30,30
5321,Zr15Ta15Ti23Nb30Mo45,168.743964,45,30,15,23,0,0,15
8371,Zr15Ti15Nb15V68Mo15,151.098527,15,15,0,15,68,0,15
6550,Zr23Ta45Nb15V30Mo15,160.903023,15,15,45,0,30,0,23
311,Ta53Mo75,233.490924,75,0,53,0,0,0,0
11513,Zr15Ta15Ti30Nb30V15Mo23,149.190861,23,30,15,30,15,0,15
10263,Ti15V38Mo30W45,227.160574,30,0,0,15,38,45,0
5451,Zr105W23,99.326969,0,0,0,0,0,23,105
8715,Zr15Ta45V23Mo15W30,194.707307,15,0,45,0,23,30,15
4321,Ta15Ti23Nb30V15Mo15W30,194.456195,15,30,15,23,15,30,0
5035,Ti15Nb68V15Mo30,180.103827,30,68,0,15,15,0,0
10177,Zr15Ti15Nb45V30Mo23,154.86001,23,45,0,15,30,0,15
8143,Zr30Ta30Ti30Nb23W15,137.771671,0,23,30,30,0,15,30
6796,Ti60Nb30Mo23W15,157.11702,23,30,0,60,0,15,0
1005,Ta15Ti15Nb60Mo38,189.383406,38,60,15,15,0,0,0
8940,Zr15Ti30V45Mo15W23,160.912179,15,0,0,30,45,23,15
10051,Zr15Ti45Nb23Mo15W30,156.681085,15,23,0,45,0,30,15
4207,Ta30V15Mo83,234.86257,83,0,30,0,15,0,0
1547,Zr60Ta45Mo23,131.73234,23,0,45,0,0,0,60
3446,Zr15Ta30Nb15W68,222.741733,0,15,30,0,0,68,15
3752,Zr30Nb15V15W68,195.193822,0,15,0,0,15,68,30
1775,Ta45Ti30Mo30W23,199.695705,30,0,45,30,0,23,0
6220,Zr15Ta15Ti38V60,130.818919,0,0,15,38,60,0,15
4577,Ti23Nb60V30Mo15,163.894053,15,60,0,23,30,0,0
8385,Ta30Ti15Nb60Mo23,182.669765,23,60,30,15,0,0,0
1806,Ta15Ti15Nb15V68Mo15,176.55061,15,15,15,15,68,0,0
8518,Zr83Ta15V15W15,107.969292,0,0,15,0,15,15,83
5207,Zr30Mo30W68,216.934518,30,0,0,0,0,68,30
8949,Zr30Ta23Ti15Nb45Mo15,142.455381,15,45,23,15,0,0,30
9892,Zr45Ti23V60,111.50209,0,0,0,23,60,0,45
9437,Zr60Ta23Ti15V15Mo15,117.315276,15,0,23,15,15,0,60
547,Ta23Ti45Nb45V15,146.671618,0,45,23,45,15,0,0
11051,Zr15Ti15V15Mo83,195.99523,83,0,0,15,15,0,15
775,Ta23Ti45V15Mo30W15,177.146816,30,0,23,45,15,15,0
6476,Ta23V90W15,195.981596,0,0,23,0,90,15,0
11607,Zr15Ta30Mo53W30,221.995494,53,0,30,0,0,30,15
2674,Ta23Ti75Mo15W15,147.50772,15,0,23,75,0,15,0
11263,Zr45Ti45W38,125.866779,0,0,0,45,0,38,45
2446,Zr15Ta45V38Mo30,178.703936,30,0,45,0,38,0,15
1830,Zr45Ta15Nb15V15Mo23W15,149.384811,23,15,15,0,15,15,45
2210,Ta15Ti30Mo38W45,222.157537,38,0,15,30,0,45,0
3594,Zr30Ti23Nb30V30W15,131.303772,0,30,0,23,30,15,30
6644,Ta23Ti15Nb15V30Mo15W30,203.043887,15,15,23,15,30,30,0
4583,Ta60Ti23V30Mo15,176.898681,15,0,60,23,30,0,0
7796,Ta23Ti15Nb15V15Mo60,205.283184,60,15,23,15,15,0,0
9261,Ta38Nb30V30Mo15W15,201.539243,15,30,38,0,30,15,0
781,Zr15Ta23Ti45Nb30V15,132.092825,0,30,23,45,15,0,15
3938,Zr38Ta15Ti30Nb30W15,127.645193,0,30,15,30,0,15,38
6482,Zr15V23W90,236.989749,0,0,0,0,23,90,15
123,Ta15Ti15V30Mo23W45,224.264923,23,0,15,15,30,45,0
1653,Zr15Ta45Ti15Nb15Mo23W15,178.718608,23,15,45,15,0,15,15
7550,Ta15Ti15Nb15V23W60,220.912852,0,15,15,15,23,60,0
7762,Ta15Ti30Nb15V15W53,201.98585,0,15,15,30,15,53,0
1495,Zr45Ta15Ti23Mo30W15,141.652811,30,0,15,23,0,15,45
10513,Zr90V15W23,107.4415,0,0,0,0,15,23,90
7306,Zr15Ta15Ti15Nb30Mo23W30,185.925193,23,30,15,15,0,30,15
2022,Ti30Nb15V83,152.769701,0,15,0,30,83,0,0
5809,Ta23Ti15Nb15V15Mo45W15,208.198358,45,15,23,15,15,15,0
9605,Zr30Ta30Nb15V23Mo30,159.689992,30,15,30,0,23,0,30
10183,Zr15Ta45V15Mo23W30,201.814986,23,0,45,0,15,30,15
10721,Ti15V38Mo75,213.879022,75,0,0,15,38,0,0
7908,Zr15Ta45V45Mo23,173.935862,23,0,45,0,45,0,15
11435,Ta60Ti15Nb15V15Mo23,187.343043,23,15,60,15,15,0,0
1461,Zr38Ta15Ti45V15W15,119.674002,0,0,15,45,15,15,38
6229,Ti68Nb15Mo30W15,157.437893,30,15,0,68,0,15,0
3104,Ta15Nb23Mo15W75,260.96556,15,23,15,0,0,75,0
4113,Ta30Nb15V30Mo38W15,216.837156,38,15,30,0,30,15,0
11141,Zr15Ta30Ti45Nb23Mo15,140.437822,15,23,30,45,0,0,15
2764,Zr23Nb75V30,143.915009,0,75,0,0,30,0,23
7440,Zr45Ta30Nb23Mo30,145.602023,30,23,30,0,0,0,45
11525,Zr15Ta15Ti15V23Mo15W45,194.574009,15,0,15,15,23,45,15
8408,Ta60Nb23V30W15,197.108963,0,23,60,0,30,15,0
5125,Ta30Nb15V15Mo23W45,237.127623,23,15,30,0,15,45,0
33,Zr30Ta15Ti15V15Mo30W23,165.067953,30,0,15,15,15,23,30
9982,Zr45Ta53Nb15V15,131.807021,0,15,53,0,15,0,45
7672,Ta30Nb45V23W30,203.544827,0,45,30,0,23,30,0
1318,Zr45Ta30Nb15V23W15,136.729902,0,15,30,0,23,15,45
457,Ta30Ti23Nb30W45,201.079673,0,30,30,23,0,45,0
665,Zr23Ta30Ti30Mo45,157.536867,45,0,30,30,0,0,23
2300,Zr38Ta15Ti15V60,119.825037,0,0,15,15,60,0,38
2132,Ti53Mo30W45,196.145182,30,0,0,53,0,45,0
8850,Ta38Ti15Nb15Mo30W30,215.602788,30,15,38,15,0,30,0
7024,Ta45Ti23Nb15Mo30W15,196.652114,30,15,45,23,0,15,0
11989,Zr60Ta15V38W15,120.837876,0,0,15,0,38,15,60
5919,Zr30Ti15Nb23V15Mo30W15,154.636274,30,23,0,15,15,15,30
3470,Zr15Ti15V15Mo30W53,211.295243,30,0,0,15,15,53,15
10058,Ta23Ti45Nb15V30W15,157.181627,0,15,23,45,30,15,0
5317,Zr15Ti30Nb45V23W15,145.631858,0,45,0,30,23,15,15
6592,Zr45Ta15Nb15V15Mo38,144.280607,38,15,15,0,15,0,45
3642,Zr60Ti38Mo30,111.708636,30,0,0,38,0,0,60
11373,Zr15Nb30V15Mo15W53,211.308192,15,30,0,0,15,53,15
5773,Zr113W15,92.611882,0,0,0,0,0,15,113
1327,Ti15Nb30V23Mo15W45,212.503799,15,30,0,15,23,45,0
11890,Ti15Nb68V30Mo15,170.171288,15,68,0,15,30,0,0
10728,Ta15Nb75V38,174.221003,0,75,15,0,38,0,0
6827,Zr15Ta23Ti30Nb15V30Mo15,144.135696,15,15,23,30,30,0,15
9053,Zr15Mo75W38,236.901187,75,0,0,0,0,38,15
8175,Zr30Ti15Nb15V45Mo23,138.191277,23,15,0,15,45,0,30
9295,Zr15Ta30Ti30Nb15V38,139.481335,0,15,30,30,38,0,15
5800,Ti75Nb23V15W15,135.085017,0,23,0,75,15,15,0
11058,Zr15Ta15Nb83V15,154.962452,0,83,15,0,15,0,15
8511,Ti15Nb15V15W83,240.153943,0,15,0,15,15,83,0
318,Nb75V53,171.160749,0,75,0,0,53,0,0
3931,Ta15Ti30V15Mo30W38,209.304234,30,0,15,30,15,38,0
6440,Zr15Ta30V30Mo38W15,195.04453,38,0,30,0,30,15,15
5458,Zr30Ti38Nb45Mo15,126.688435,15,45,0,38,0,0,30
2219,Ta15Ti30Nb38V45,154.191352,0,38,15,30,45,0,0
2689,Ti23Nb15V75W15,170.888239,0,15,0,23,75,15,0
788,Nb60V23Mo45,202.662158,45,60,0,0,23,0,0
8181,Zr30Ta15V15Mo23W45,192.155118,23,0,15,0,15,45,30
10942,Zr38Ti45V15W30,126.045343,0,0,0,45,15,30,38
4328,Ta15Ti23Nb30V15Mo30W15,190.471807,30,30,15,23,15,15,0
11864,Zr23Ta15Ti30V30W30,149.492624,0,0,15,30,30,30,23
8347,Zr45Ti15Mo15W53,164.089743,15,0,0,15,0,53,45
7901,Nb45V45Mo23W15,201.781697,23,45,0,0,45,15,0
1468,Ti15Nb15V23Mo30W45,225.01332,30,15,0,15,23,45,0
7134,Ti15Nb30V23Mo30W30,209.299605,30,30,0,15,23,30,0
916,Zr15Ta38Ti30Nb15W30,165.820275,0,15,38,30,0,30,15
3132,Ta15Ti23V15W75,228.951715,0,0,15,23,15,75,0
3569,Zr23Nb30V60W15,153.334166,0,30,0,0,60,15,23
2817,Zr53Ti15Nb15V15W30,127.807476,0,15,0,15,15,30,53
4926,Ta15Mo83W30,266.180392,83,0,15,0,0,30,0
8723,Ta30Ti30Nb15V15Mo23W15,183.903616,23,15,30,30,15,15,0
7559,Ta45Nb15V30Mo23W15,208.266346,23,15,45,0,30,15,0
3828,Zr15Ta15Ti15Nb15V23Mo15W30,179.363214,15,15,15,15,23,30,15
7686,Zr15Ta15Ti45Nb30Mo23,141.087007,23,30,15,45,0,0,15
6672,Zr15Ta30V15Mo68,202.51348,68,0,30,0,15,0,15
2642,Zr30Ta15V15Mo68,180.397938,68,0,15,0,15,0,30
9378,Zr60Ta15Ti15Nb38,109.917578,0,38,15,15,0,0,60
6818,Zr15Ti30Nb23V60,133.21518,0,23,0,30,60,0,15
4807,Zr30Nb53Mo15W30,170.53987,15,53,0,0,0,30,30
8098,Nb23V60Mo30W15,208.559904,30,23,0,0,60,15,0
8982,Zr30Ti15Nb45V23Mo15,137.120819,15,45,0,15,23,0,30
5467,Zr30Ta45Mo15W38,186.7659,15,0,45,0,0,38,30
11255,Ta45Ti38V45,153.213738,0,0,45,38,45,0,0
3764,Zr15Ti30Nb38Mo45,161.764933,45,38,0,30,0,0,15
4541,Nb75Mo15W38,217.653201,15,75,0,0,0,38,0
10373,Zr15Ti38Nb30W45,164.956652,0,30,0,38,0,45,15
691,Ta15Nb23V15Mo60W15,230.326155,60,23,15,0,15,15,0
4125,Ta15Ti30Nb38V30W15,166.340737,0,38,15,30,30,15,0
4317,Zr15Ti45Nb15V23Mo15W15,144.168232,15,15,0,45,23,15,15
1033,Zr15Ti60Nb38W15,129.00992,0,38,0,60,0,15,15
4919,Ta30Nb15Mo83,234.412176,83,15,30,0,0,0,0
1549,Ti45Mo23W60,211.721544,23,0,0,45,0,60,0
3226,Zr15Ta15Ti68Mo15W15,135.318297,15,0,15,68,0,15,15
5655,Ta30Ti15Nb38V15Mo30,186.333325,30,38,30,15,15,0,0
6024,Ta15Nb15V45Mo15W38,222.734036,15,15,15,0,45,38,0
3300,Nb15V30Mo15W68,250.634449,15,15,0,0,30,68,0
11093,Zr45Ta45Nb15V23,128.995167,0,15,45,0,23,0,45
10387,Zr15Ti30Nb30V23Mo30,151.090628,30,30,0,30,23,0,15
8378,Zr15Ti15V15Mo15W68,215.519375,15,0,0,15,15,68,15
3556,Ti60V15Mo30W23,169.799329,30,0,0,60,15,23,0
8516,Zr83Ta15Ti15V15,98.237015,0,0,15,15,15,0,83
10717,Ta15Ti38Mo75,196.758804,75,0,15,38,0,0,0
5493,Ti15Nb15V30Mo45W23,213.18918,45,15,0,15,30,23,0
115,Zr45Ta15Ti30Nb15Mo23,122.57243,23,15,15,30,0,0,45
1457,Zr38Ta45Ti15Nb15V15,128.046,0,15,45,15,15,0,38
6216,Zr15Ti38Nb15V60,129.451105,0,15,0,38,60,0,15
6102,Zr60Ti15Mo23W30,135.439418,23,0,0,15,0,30,60
6754,Zr45Ta15V23W45,157.577812,0,0,15,0,23,45,45
7592,Zr23Ta30Mo30W45,209.813887,30,0,30,0,0,45,23
2484,Zr15Ta60Ti15Nb15W23,174.902387,0,15,60,15,0,23,15
9516,Zr30Ti15Nb60V23,128.742055,0,60,0,15,23,0,30
3810,Zr30Ti15V38Mo45,150.565214,45,0,0,15,38,0,30
4467,Zr30Ti30Nb23V45,120.883288,0,23,0,30,45,0,30
6798,Nb30V60Mo23W15,202.859185,23,30,0,0,60,15,0
9976,Zr45Ti53Mo15W15,115.775103,15,0,0,53,0,15,45
585,Ta45Nb30V53,182.425715,0,30,45,0,53,0,0
10255,Zr45Nb15V38Mo30,134.34544,30,15,0,0,38,0,45
9850,Ta30Ti75V23,130.069684,0,0,30,75,23,0,0
10141,Zr45Ti15Nb53V15,117.141284,0,53,0,15,15,0,45
3448,Zr15Ti30Nb15V68,133.143364,0,15,0,30,68,0,15
2790,Zr15Ta23V30Mo30W30,203.652708,30,0,23,0,30,30,15
10525,Ti75Mo38W15,158.668142,38,0,0,75,0,15,0
929,Nb98W30,198.841826,0,98,0,0,0,30,0
1201,Zr60V23Mo45,130.46706,45,0,0,0,23,0,60
3790,Zr15Ta45Ti38W30,160.279043,0,0,45,38,0,30,15
1743,Ta15Ti15Nb38Mo30W30,210.741055,30,38,15,15,0,30,0
4773,Ta23Ti15V30Mo60,205.800486,60,0,23,15,30,0,0
2470,Ta15Nb60V23Mo15W15,198.038938,15,60,15,0,23,15,0
7330,Ti45Nb38V45,142.240117,0,38,0,45,45,0,0
1665,Ta23Mo75W30,259.669977,75,0,23,0,0,30,0
9408,Ta15Nb60W53,223.055989,0,60,15,0,0,53,0
8340,Ta15Ti53Mo15W45,188.252092,15,0,15,53,0,45,0
9292,Zr15Ta30V30Mo15W38,201.432826,15,0,30,0,30,38,15
2226,Zr45Ti15Nb38V30,115.112738,0,38,0,15,30,0,45
3013,Ti60Mo38W30,181.997554,38,0,0,60,0,30,0
6337,Ta45Nb53V15Mo15,190.661276,15,53,45,0,15,0,0
11380,Zr15Ta30Ti15Nb15V53,145.789521,0,15,30,15,53,0,15
9529,Zr15Ta38Nb30Mo30W15,193.260786,30,30,38,0,0,15,15
4838,Zr15Ta15Nb30Mo30W38,210.392634,30,30,15,0,0,38,15
1691,Zr30Ti75W23,115.203992,0,0,0,75,0,23,30
7754,Zr53Ti30Nb15V15Mo15,112.616711,15,15,0,30,15,0,53
2936,Ta30Ti30V38Mo30,176.393267,30,0,30,30,38,0,0
5807,Zr15Ta23V75W15,169.709164,0,0,23,0,75,15,15
11945,Zr45Nb53W30,146.317894,0,53,0,0,0,30,45
7681,Zr30Ta45Ti30W23,145.153887,0,0,45,30,0,23,30
8868,Zr30Ti15Nb30V38W15,137.141413,0,30,0,15,38,15,30
10897,Zr53Ta15Nb30V30,118.211197,0,30,15,0,30,0,53
4236,Ta15Ti30Nb45V23Mo15,163.237448,15,45,15,30,23,0,0
10299,Zr30Ta45Ti15Nb23W15,148.410513,0,23,45,15,0,15,30
743,Zr38V60Mo30,141.223046,30,0,0,0,60,0,38
7308,Zr15Ti15Nb30V15Mo23W30,183.559135,23,30,0,15,15,30,15
3221,Zr15Ti68Nb15V15Mo15,123.635951,15,15,0,68,15,0,15
8266,Zr45Ti30Nb23V15Mo15,116.686637,15,23,0,30,15,0,45
11609,Zr15Ti30V30Mo53,165.420655,53,0,0,30,30,0,15
4699,Ta15Ti75Nb15W23,143.931954,0,15,15,75,0,23,0
8724,Zr15Ta30Ti30Nb15V15Mo23,151.718319,23,15,30,30,15,0,15
1576,Zr15Ta30Ti15Nb15Mo15W38,191.329956,15,15,30,15,0,38,15
11863,Zr23Ti30Nb15V30W30,146.778612,0,15,0,30,30,30,23
6561,Ta15Ti45Nb15V30W23,163.271387,0,15,15,45,30,23,0
8976,Ta15Ti23Nb45Mo15W30,194.828904,15,45,15,23,0,30,0
4004,Ti15Nb15V60Mo23W15,193.338743,23,15,0,15,60,15,0
7478,Ti15Nb30V45Mo15W23,192.482782,15,30,0,15,45,23,0
7102,Zr15Nb15Mo75W23,224.107461,75,15,0,0,0,23,15
1744,Zr30Ta15Ti15Nb38Mo30,147.226637,30,38,15,15,0,0,30
10252,Ti38Nb15Mo30W45,206.326215,30,15,0,38,0,45,0
6478,Zr15Ta23W90,239.692993,0,0,23,0,0,90,15
4460,Ta30Ti45Nb23V30,146.617027,0,23,30,45,30,0,0
1112,Ta60Nb23Mo15W30,219.071895,15,23,60,0,0,30,0
10989,Zr15Ti15Nb30V15Mo15W38,185.595824,15,30,0,15,15,38,15
8430,Ta23Ti30V15Mo45W15,198.066535,45,0,23,30,15,15,0
2828,Ti75Nb15Mo38,144.631921,38,15,0,75,0,0,0
8054,Ta45V53Mo15W15,205.155351,15,0,45,0,53,15,0
2448,Ti45V38Mo30W15,173.735756,30,0,0,45,38,15,0
2797,Zr15Ta30Ti23V30W30,168.101283,0,0,30,23,30,30,15
3936,Ta15Ti30Nb30V15W38,186.679162,0,30,15,30,15,38,0
11403,Zr15Ta30Nb15V23W45,196.879868,0,15,30,0,23,45,15
5209,Ta68Nb30V30,187.335206,0,30,68,0,30,0,0
9098,Zr68Ta30Nb15V15,112.354702,0,15,30,0,15,0,68
5231,Ta15Nb60V15Mo23W15,204.106737,23,60,15,0,15,15,0
911,Zr15Ta38Ti30Mo15W30,174.840035,15,0,38,30,0,30,15
10404,Zr15Ta30Nb15V15Mo30W23,197.707631,30,15,30,0,15,23,15
2810,Zr53Ta15Ti15Mo15W30,138.729733,15,0,15,15,0,30,53
10636,Ta23Ti60Nb15Mo15W15,157.25394,15,15,23,60,0,15,0
7906,Zr15Ta45Ti45Mo23,146.95942,23,0,45,45,0,0,15
8172,Zr30Ta15Nb15V45Mo23,150.045247,23,15,15,0,45,0,30
11179,Zr15V15Mo45W53,233.788423,45,0,0,0,15,53,15
696,Zr15Ti15Nb23Mo60W15,195.800019,60,23,0,15,0,15,15
549,Zr15Ta23Ti45Nb45,132.792788,0,45,23,45,0,0,15
5003,Nb15V15Mo60W38,249.424843,60,15,0,0,15,38,0
837,Zr45Ta15Ti30Nb15V23,114.081657,0,15,15,30,23,0,45
6753,Zr45Ta15Ti23W45,146.280039,0,0,15,23,0,45,45
9186,Ti30Nb30V38W30,177.699831,0,30,0,30,38,30,0
239,Zr30Ti45Nb38Mo15,122.840212,15,38,0,45,0,0,30
7798,Zr15Ta23Ti15Nb15Mo60,185.860096,60,15,23,15,0,0,15
7566,Ta15Ti45V30Mo23W15,171.821098,23,0,15,45,30,15,0
7820,Ta15Nb45V38Mo15W15,197.564385,15,45,15,0,38,15,0
2014,Zr83Ti30Mo15,97.408028,15,0,0,30,0,0,83
327,Zr53Ti75,92.99341,0,0,0,75,0,0,53
8602,Zr45Ta38Ti15Mo15W15,140.700757,15,0,38,15,0,15,45
571,Nb45V53Mo30,192.770973,30,45,0,0,53,0,0
6686,Zr15Ti30Nb68W15,146.846625,0,68,0,30,0,15,15
11631,Ti15Nb30V38Mo45,192.454196,45,30,0,15,38,0,0
3645,Zr60Mo30W38,154.473198,30,0,0,0,0,38,60
11067,Zr15Ta83V15W15,180.829939,0,0,83,0,15,15,15
4787,Zr30Ta23Nb60V15,142.046175,0,60,23,0,15,0,30
7939,Ta15Ti30V30Mo53,187.705618,53,0,15,30,30,0,0
10146,Zr45Ta53Ti15W15,136.551247,0,0,53,15,0,15,45
10179,Zr15Nb45V15Mo23W30,194.374471,23,45,0,0,15,30,15
1696,Zr38Ta30Nb15V15Mo15W15,151.76819,15,15,30,0,15,15,38
5262,Ta53V15Mo30W30,231.848942,30,0,53,0,15,30,0
5652,Zr15Ta15Ti68W30,138.564563,0,0,15,68,0,30,15
1808,Zr68Ta15Ti15Nb15Mo15,110.883329,15,15,15,15,0,0,68
1239,Zr15Ta30Ti15Nb38V30,147.886381,0,38,30,15,30,0,15
10945,Zr15Ta30Ti38Nb15Mo15W15,156.112761,15,15,30,38,0,15,15
2013,Ti30Mo15W83,240.107304,15,0,0,30,0,83,0
1450,Zr38Nb45V15Mo15W15,148.205795,15,45,0,0,15,15,38
11404,Zr15Ti30Nb15V23W45,169.190514,0,15,0,30,23,45,15
11252,Nb45V38W45,213.291772,0,45,0,0,38,45,0
8186,Zr30Ta15Nb23V15W45,176.353603,0,23,15,0,15,45,30
4774,Ta23Ti15Mo60W30,233.83155,60,0,23,15,0,30,0
4122,Zr15Ta15Ti30Mo38W30,185.153648,38,0,15,30,0,30,15
11299,Ti98Nb15V15,112.870134,0,15,0,98,15,0,0
4579,Zr30Ti23Nb60Mo15,133.520771,15,60,0,23,0,0,30
5699,Ta15Nb30V45W38,209.937582,0,30,15,0,45,38,0
7561,Zr15Ta45Nb15Mo23W30,202.191594,23,15,45,0,0,30,15
2483,Zr15Ta60Ti15Nb15V23,153.553672,0,15,60,15,23,0,15
1837,Zr15Ta15Ti38Nb30Mo15W15,152.429282,15,30,15,38,0,15,15
11060,Ti15Nb83V15W15,173.740727,0,83,0,15,15,15,0
5494,Zr23Ti15Nb15V30Mo45,160.057195,45,15,0,15,30,0,23
5004,Zr38Nb15V15Mo60,163.019658,60,15,0,0,15,0,38
10710,Zr30Ta38V15W45,179.711161,0,0,38,0,15,45,30
9054,Ta38Ti15Nb75,171.332637,0,75,38,15,0,0,0
10522,Ta75Mo38W15,226.224478,38,0,75,0,0,15,0
11897,Ta68Ti15Mo15W30,212.376566,15,0,68,15,0,30,0
7595,Zr23Ti30Mo30W45,182.625585,30,0,0,30,0,45,23
11094,Zr45Ta45Nb15W23,148.78757,0,15,45,0,0,23,45
7753,Ti30Nb15V15Mo15W53,210.522674,15,15,0,30,15,53,0
2477,Ta60Ti15V23Mo15W15,195.643805,15,0,60,15,23,15,0
9266,Zr15Ti38Nb30Mo15W30,163.571852,15,30,0,38,0,30,15
744,Zr38Mo30W60,199.142477,30,0,0,0,0,60,38
1662,Zr30Nb23Mo75,184.298466,75,23,0,0,0,0,30
9259,Ta38Ti30Nb30Mo15W15,180.977376,15,30,38,30,0,15,0
3338,Ti60Mo15W53,188.422417,15,0,0,60,0,53,0
10374,Zr15Nb30V38W45,191.836238,0,30,0,0,38,45,15
6681,Ta30Nb68V15W15,191.315539,0,68,30,0,15,15,0
576,Ta45Mo30W53,251.070404,30,0,45,0,0,53,0
3135,Zr75Ta15V23W15,113.460833,0,0,15,0,23,15,75
5236,Zr15Ti15Nb60Mo23W15,170.268432,23,60,0,15,0,15,15
9602,Ta30Ti23Nb15Mo30W30,207.76032,30,15,30,23,0,30,0
5838,Ta75Ti23Nb15W15,183.799124,0,15,75,23,0,15,0
9868,Zr45Ta60Mo23,147.338339,23,0,60,0,0,0,45
6820,Zr15Nb23V30W60,206.505975,0,23,0,0,30,60,15
2221,Zr45Ta15Ti30Nb38,114.655365,0,38,15,30,0,0,45
8529,Zr15Ta15Ti15Nb38Mo45,174.754064,45,38,15,15,0,0,15
11636,Zr38Nb30Mo45W15,167.439596,45,30,0,0,0,15,38
7105,Zr15Ta15Ti23Mo75,188.262692,75,0,15,23,0,0,15
8971,Zr15Ta15Nb45V23Mo15W15,177.442238,15,45,15,0,23,15,15
9430,Zr60Ta15Nb23V15Mo15,122.985894,15,23,15,0,15,0,60
4921,Nb15V30Mo83,230.31817,83,15,0,0,30,0,0
6707,Zr15Ti15Nb53V30Mo15,151.029316,15,53,0,15,30,0,15
7397,Zr15Ta68Ti15Nb15V15,155.782779,0,15,68,15,15,0,15
7083,Zr30Ta30Ti23V15Mo30,145.065462,30,0,30,23,15,0,30
3505,Ta90Nb15Mo23,203.314768,23,15,90,0,0,0,0
5720,Nb68V45Mo15,180.470333,15,68,0,0,45,0,0
7621,Nb30V98,177.541607,0,30,0,0,98,0,0
5182,Zr30Ta30Nb38V15W15,154.073782,0,38,30,0,15,15,30
7151,Zr23Ta15Ti45Nb15V15Mo15,128.49752,15,15,15,45,15,0,23
1146,Ta90Mo38,212.332153,38,0,90,0,0,0,0
112,Zr15Ta45Ti15V23W30,176.530385,0,0,45,15,23,30,15
6999,Ta23Ti45Mo30W30,191.085086,30,0,23,45,0,30,0
4050,Zr15Ta23Ti15V75,145.906411,0,0,23,15,75,0,15
1034,Zr15Nb38V60W15,163.223346,0,38,0,0,60,15,15
3797,Ti38Nb15V30Mo45,174.70643,45,15,0,38,30,0,0
10662,Ti45Nb15V15Mo23W30,181.970525,23,15,0,45,15,30,0
8925,Zr15Ta15Ti30V53W15,146.138455,0,0,15,30,53,15,15
7999,Zr15Ti15V38Mo30W30,187.817669,30,0,0,15,38,30,15
4546,Zr38Ta75Mo15,151.471366,15,0,75,0,0,0,38
1636,Ti23Nb15V30Mo30W30,203.283567,30,15,0,23,30,30,0
1710,Ta15Ti15V23Mo75,214.626093,75,0,15,15,23,0,0
1380,Zr15Ta30Ti23Nb15Mo15W30,177.083839,15,15,30,23,0,30,15
2505,Zr15Ta60Ti23Nb15W15,162.345283,0,15,60,23,0,15,15
11582,Zr15Ta45V38Mo15W15,182.428129,15,0,45,0,38,15,15
6447,Zr15Ta38Ti30V30W15,150.111161,0,0,38,30,30,15,15
6245,Ta15Ti68Nb30W15,141.962293,0,30,15,68,0,15,0
3423,Ta68Nb30Mo15W15,206.173884,15,30,68,0,0,15,0
2645,Zr30Ti15V15Mo68,167.219829,68,0,0,15,15,0,30
10034,Ta98Ti15W15,194.70914,0,0,98,15,0,15,0
10320,Zr23Ti30V15Mo60,161.037225,60,0,0,30,15,0,23
1060,Ta38Ti15Nb60V15,170.108875,0,60,38,15,15,0,0
3611,Zr30Ti30Nb38Mo15W15,140.004024,15,38,0,30,0,15,30
7245,Zr15Ta30Nb60W23,179.37926,0,60,30,0,0,23,15
5434,V105Mo23,197.886584,23,0,0,0,105,0,0
11034,Ta15Ti15Nb15Mo83,218.707128,83,15,15,15,0,0,0
6675,Zr15Ti30V15Mo68,176.35613,68,0,0,30,15,0,15
146,Zr15Ta30Ti38Mo45,162.815953,45,0,30,38,0,0,15
10206,Ta15Ti45Nb23Mo30W15,175.314452,30,23,15,45,0,15,0
6363,Zr15Ti53Nb15V45,120.624161,0,15,0,53,45,0,15
9857,Zr23Ti30V75,125.462213,0,0,0,30,75,0,23
380,Zr15Ti15V45Mo15W38,185.156244,15,0,0,15,45,38,15
9119,Ta30Nb15V45Mo23W15,207.236741,23,15,30,0,45,15,0
2195,Zr30Ta15Ti23Nb45W15,138.662053,0,45,15,23,0,15,30
6023,Zr38Ta15Ti45Nb15Mo15,116.233859,15,15,15,45,0,0,38
7077,Zr30Ta23Nb30Mo30W15,172.187278,30,30,23,0,0,15,30
6151,Zr45Ta23Ti15W45,152.223889,0,0,23,15,0,45,45
582,Zr53V45Mo30,128.31245,30,0,0,0,45,0,53
3737,Zr30Ta15V68Mo15,142.412659,15,0,15,0,68,0,30
4434,Zr60Ta53V15,122.466456,0,0,53,0,15,0,60
1374,Ti15V45W68,228.894461,0,0,0,15,45,68,0
5512,Zr15Nb53Mo60,194.38089,60,53,0,0,0,0,15
1206,Zr60Ta23Nb45,118.292056,0,45,23,0,0,0,60
450,Zr45Ta30V23Mo30,139.841301,30,0,30,0,23,0,45
6211,Zr15Ta38Ti60Nb15,125.111002,0,15,38,60,0,0,15
4310,Zr30Ta23Ti15W60,182.186662,0,0,23,15,0,60,30
374,Zr15Ti45Nb15Mo15W38,165.622939,15,15,0,45,0,38,15
5460,Zr30Nb45V38Mo15,142.826978,15,45,0,0,38,0,30
3909,Zr15Nb15V38Mo45W15,195.287345,45,15,0,0,38,15,15
2423,Ti30Nb38V30W30,177.494855,0,38,0,30,30,30,0
6077,Ta23Ti15Nb15V15Mo30W30,213.908058,30,15,23,15,15,30,0
6413,Ta30Ti30Nb23W45,196.224011,0,23,30,30,0,45,0
3307,Zr68Ta15V30Mo15,112.957073,15,0,15,0,30,0,68
10380,Ta30Ti23Nb30V15Mo30,180.896058,30,30,30,23,15,0,0
6397,Ti30Nb30Mo23W45,205.446944,23,30,0,30,0,45,0
5050,Zr15V68Mo30W15,186.299852,30,0,0,0,68,15,15
10450,Zr60Ti15Nb23Mo30,121.118919,30,23,0,15,0,0,60
7337,Ta38Ti45W45,187.32926,0,0,38,45,0,45,0
8803,Ta30Nb23W75,246.91282,0,23,30,0,0,75,0
8985,Ta45Ti15V23Mo15W30,207.481692,15,0,45,15,23,30,0
5122,Ta30Ti15Nb15V45Mo23,182.107024,23,15,30,15,45,0,0
11808,Zr30Ta15Ti30Nb15V15W23,139.192405,0,15,15,30,15,23,30
4606,Zr30Ta15V60W23,153.210571,0,0,15,0,60,23,30
3551,Ta60Ti15Mo30W23,213.708291,30,0,60,15,0,23,0
6535,Zr45Ta15Ti15Nb15W38,143.708593,0,15,15,15,0,38,45
60,Zr15Ta45Nb53V15,163.252351,0,53,45,0,15,0,15
6083,Zr30Ta15Ti23Nb30V15W15,135.990544,0,30,15,23,15,15,30
9925,Ta15Nb38Mo45W30,234.317371,45,38,15,0,0,30,0
7535,Ta15Ti23Nb15V60Mo15,168.915297,15,15,15,23,60,0,0
94,Zr15Ta23Ti30Nb15Mo45,165.304545,45,15,23,30,0,0,15
4262,Zr15Ta45Nb30Mo23W15,189.252149,23,30,45,0,0,15,15
3763,Ti30Nb38Mo45W15,193.95617,45,38,0,30,0,15,0
1252,Zr15Ti45Nb38Mo15W15,145.473699,15,38,0,45,0,15,15
3047,Zr30Ta45Mo53,177.631258,53,0,45,0,0,0,30
8119,Zr15Ti23Nb30W60,190.262356,0,30,0,23,0,60,15
10808,Ta30Ti53Mo45,168.805567,45,0,30,53,0,0,0
3275,Ta30Nb60W38,210.726892,0,60,30,0,0,38,0
252,Zr30V38Mo15W45,180.921598,15,0,0,0,38,45,30
11112,Zr23Nb45V15Mo45,169.79741,45,45,0,0,15,0,23
1094,Ti83Nb15V30,122.832501,0,15,0,83,30,0,0
4780,Zr30Ti23V15Mo60,156.180048,60,0,0,23,15,0,30
320,Zr53Nb75,119.905789,0,75,0,0,0,0,53
9803,Ta38V15Mo30W45,240.896116,30,0,38,0,15,45,0
1299,Zr98V15W15,100.141004,0,0,0,0,15,15,98
5639,Zr15V68Mo15W30,189.74556,15,0,0,0,68,30,15
11320,Zr68Mo60,133.095768,60,0,0,0,0,0,68
1404,Zr15Ti15Nb15V53W30,165.110949,0,15,0,15,53,30,15
3353,Ta15Ti60V53,135.908048,0,0,15,60,53,0,0
4182,Ti83V15Mo15W15,138.659619,15,0,0,83,15,15,0
4176,Ta83Ti15V15Mo15,187.792882,15,0,83,15,15,0,0
11450,Ta15Ti60Nb23V15W15,146.947371,0,23,15,60,15,15,0
7707,Zr30Ta15Ti15Nb53Mo15,139.322775,15,53,15,15,0,0,30
7363,Ta45Nb60W23,201.052419,0,60,45,0,0,23,0
3195,Zr23Ta15Ti15Nb30Mo45,164.978544,45,30,15,15,0,0,23
11696,Zr15Ti60V15W38,145.138881,0,0,0,60,15,38,15
5898,Zr23Ta30Nb30V15Mo30,167.200942,30,30,30,0,15,0,23
11662,Ta38Ti15Nb15Mo60,207.059767,60,15,38,15,0,0,0
10576,Ta68Ti45W15,165.798964,0,0,68,45,0,15,0
1897,Ta38V30Mo15W45,233.016413,15,0,38,0,30,45,0
179,Ta30Nb30V23Mo15W30,214.023822,15,30,30,0,23,30,0
2398,Ta30Nb30V30Mo38,202.498966,38,30,30,0,30,0,0
6880,Zr45Ta15Ti15V23Mo15W15,133.657402,15,0,15,15,23,15,45
3161,Zr15Ta60Nb30V23,164.917818,0,30,60,0,23,0,15
11837,Ta45V15W68,242.954604,0,0,45,0,15,68,0
11206,Ta30Ti53Mo15W30,176.726951,15,0,30,53,0,30,0
3078,Zr30Ti15Nb15V15Mo38W15,160.322305,38,15,0,15,15,15,30
5296,Zr15Ta15Ti38V15Mo15W30,164.533445,15,0,15,38,15,30,15
5606,Zr30Ti45Nb38W15,124.075424,0,38,0,45,0,15,30
6621,Zr23Ta75Ti15Mo15,157.924421,15,0,75,15,0,0,23
4512,Zr15Nb15Mo68W30,226.840449,68,15,0,0,0,30,15
10112,Zr23Ta15Ti15V30Mo15W30,170.75123,15,0,15,15,30,30,23
8490,Ti15Nb15Mo15W83,251.626537,15,15,0,15,0,83,0
3844,Zr23Ti45Nb30V15Mo15,127.523261,15,30,0,45,15,0,23
8589,Zr15Ta38Ti45V15W15,144.310086,0,0,38,45,15,15,15
4720,Ta23Ti15Nb15V15Mo15W45,217.781354,15,15,23,15,15,45,0
1945,Zr23Ta45Nb15Mo30W15,184.162565,30,15,45,0,0,15,23
7413,Ta23Ti15Mo45W45,237.129506,45,0,23,15,0,45,0
710,Zr53Ta15Ti15Nb15V15Mo15,118.301985,15,15,15,15,15,0,53
7952,Ta15Nb53V30W30,201.772615,0,53,15,0,30,30,0
1179,Ta90W38,225.233196,0,0,90,0,0,38,0
9669,Zr30Ta15Ti30Mo23W30,158.535848,23,0,15,30,0,30,30
2047,Ti30V30Mo68,197.121052,68,0,0,30,30,0,0
4898,Zr15Ti30Nb15V15Mo53,165.22395,53,15,0,30,15,0,15
522,Ta23Ti30V15W60,210.375223,0,0,23,30,15,60,0
10744,Zr38Ti75V15,100.710124,0,0,0,75,15,0,38
2996,Zr15Ti15V30Mo15W53,200.06055,15,0,0,15,30,53,15
3281,Zr38Nb60V30,129.770207,0,60,0,0,30,0,38
2281,Zr38Ta15Ti60Mo15,111.510115,15,0,15,60,0,0,38
11576,Zr15Ti38Nb45V15Mo15,138.031863,15,45,0,38,15,0,15
636,Zr30Ta15Ti15V38Mo30,143.381979,30,0,15,15,38,0,30
2275,Zr38Ti60Nb15Mo15,110.904725,15,15,0,60,0,0,38
9126,Ta15Ti30V45Mo23W15,183.039305,23,0,15,30,45,15,0
10582,Zr15Ti68V45,116.823637,0,0,0,68,45,0,15
4344,Zr30Nb23Mo45W30,191.247824,45,23,0,0,0,30,30
10696,Zr30V15Mo38W45,199.006505,38,0,0,0,15,45,30
2611,Zr23Ti15Mo45W45,203.208926,45,0,0,15,0,45,23
8126,Ta30Ti15Nb30V30Mo23,181.738044,23,30,30,15,30,0,0
6060,Zr38Ti45Mo15W30,132.76698,15,0,0,45,0,30,38
2865,Ta15Nb15V15Mo53W30,241.135363,53,15,15,0,15,30,0
158,Zr15Ta30Nb45V38,157.932963,0,45,30,0,38,0,15
2296,Zr38Ti15Nb15V60,115.354974,0,15,0,15,60,0,38
6404,Zr45Ta30Ti30Mo23,126.144567,23,0,30,30,0,0,45
6069,Zr38Ti45Nb15V30,109.534677,0,15,0,45,30,0,38
4737,Ta15Ti23V75Mo15,170.849205,15,0,15,23,75,0,0
1621,Ta60Ti38W30,183.481017,0,0,60,38,0,30,0
12004,Zr15Ta53V15Mo30W15,194.278051,30,0,53,0,15,15,15
10939,Zr38Ta45Ti15V30,129.043974,0,0,45,15,30,0,38
3344,Ta60Nb15V53,185.324606,0,15,60,0,53,0,0
11218,Ta30Nb15V53W30,205.770274,0,15,30,0,53,30,0
4161,Ta15Ti15V83W15,181.122648,0,0,15,15,83,15,0
5618,Zr15Ta15Ti15V23Mo45W15,186.755322,45,0,15,15,23,15,15
3176,Zr23Ta15Nb15V15Mo60,184.629288,60,15,15,0,15,0,23
11816,Ta15Mo45W68,274.789571,45,0,15,0,0,68,0
3512,Ta15Mo23W90,281.510295,23,0,15,0,0,90,0
4353,Zr30Ti23Mo45W30,174.584925,45,0,0,23,0,30,30
6636,Zr23Ti75Nb15V15,109.882874,0,15,0,75,15,0,23
1245,Ta45Ti15Nb38Mo15W15,193.066753,15,38,45,15,0,15,0
397,Zr38Ta15Nb60Mo15,140.935461,15,60,15,0,0,0,38
7719,Zr30Ti53V15Mo15W15,125.022575,15,0,0,53,15,15,30
2059,Zr30Ti30Nb68,124.340734,0,68,0,30,0,0,30
5872,Zr15Ta23Ti30V30W30,161.970578,0,0,23,30,30,30,15
10753,Zr15Ti38Nb60Mo15,139.302035,15,60,0,38,0,0,15
9028,Ta15Ti23V30Mo15W45,211.450076,15,0,15,23,30,45,0
9683,Ti15Nb53Mo45W15,205.176775,45,53,0,15,0,15,0
6855,Ta23Ti15Nb45Mo30W15,198.930165,30,45,23,15,0,15,0
7973,Zr15Nb15V30Mo30W38,206.37289,30,15,0,0,30,38,15
1413,Ta38Mo15W75,267.611221,15,0,38,0,0,75,0
8751,Ta15Ti15Nb45V23Mo30,182.937499,30,45,15,15,23,0,0
10561,Zr15Ti45Mo68,165.440152,68,0,0,45,0,0,15
11681,Zr15V15Mo60W38,229.461192,60,0,0,0,15,38,15
8335,Zr45Ti53Nb15Mo15,109.439917,15,15,0,53,0,0,45
5281,Zr30Ta30Ti53W15,125.981311,0,0,30,53,0,15,30
964,Zr15Ta15Ti23Nb30V30Mo15,150.527126,15,30,15,23,30,0,15
8107,Ti23V60Mo30W15,192.272515,30,0,0,23,60,15,0
8563,Ta23Ti15Nb30V15W45,205.890708,0,30,23,15,15,45,0
2898,Ta15Ti38Nb15V30W30,173.973281,0,15,15,38,30,30,0
9814,Zr45Ta38Nb30V15,129.787464,0,30,38,0,15,0,45
3943,Zr30Ta15Ti30Nb15V23Mo15,128.54968,15,15,15,30,23,0,30
1943,Ta45Nb15V15Mo30W23,221.915512,30,15,45,0,15,23,0
5071,Zr15Ta30Nb15Mo45W23,208.825602,45,15,30,0,0,23,15
7244,Zr15Ta30Nb60V23,158.902648,0,60,30,0,23,0,15
10568,Zr15Ta45Nb68,164.915879,0,68,45,0,0,0,15
7886,Zr15Ta15V15Mo60W23,216.664575,60,0,15,0,15,23,15
2630,Ta15Nb15Mo68W30,246.830429,68,15,15,0,0,30,0
5881,Zr15Ti23Nb30Mo30W30,183.221817,30,30,0,23,0,30,15
7288,Zr30Ta15Ti15V30Mo23W15,152.238335,23,0,15,15,30,15,30
6290,Zr45Nb68W15,135.43498,0,68,0,0,0,15,45
6954,Ta53Nb30V15Mo30,200.786568,30,30,53,0,15,0,0
4168,Ta15Nb83Mo15W15,198.787134,15,83,15,0,0,15,0
6396,Ti30Nb30V45Mo23,165.274547,23,30,0,30,45,0,0
6264,Zr15Ta30Ti30V23Mo15W15,160.606534,15,0,30,30,23,15,15
5415,Ti90Nb15V23,118.728202,0,15,0,90,23,0,0
7987,Zr15Ta38Ti30Nb15Mo30,159.06745,30,15,38,30,0,0,15
990,Ta38Ti30Nb30V30,157.989748,0,30,38,30,30,0,0
8234,Ta45Ti30V30Mo23,174.094995,23,0,45,30,30,0,0
891,Zr60Ti23Nb15V30,103.630028,0,15,0,23,30,0,60
2990,Zr15Ti30Nb15Mo15W53,189.20035,15,15,0,30,0,53,15
2402,Ti30Nb30Mo38W30,202.168276,38,30,0,30,0,30,0
3988,Zr15Ti15Nb23V30Mo30W15,173.636655,30,23,0,15,30,15,15
4855,Zr15Ta15Ti15Nb15V30Mo23W15,172.377799,23,15,15,15,30,15,15
3944,Zr30Ta15Ti30Nb15Mo15W23,148.516697,15,15,15,30,0,23,30
11471,Zr15Ta45Mo38W30,214.571,38,0,45,0,0,30,15
11789,Zr30Ta45V53,141.943372,0,0,45,0,53,0,30
4365,Ta45Ti23V30W30,190.951525,0,0,45,23,30,30,0
9120,Zr15Ta30Nb15V45Mo23,171.861875,23,15,30,0,45,0,15
4391,Zr60Ti30Nb38,103.197533,0,38,0,30,0,0,60
59,Ta45Nb53V15W15,194.322959,0,53,45,0,15,15,0
9442,Zr60Ta23Ti15Nb15V15,112.232953,0,15,23,15,15,0,60
10930,Zr38Ta15Ti30Nb45,118.960104,0,45,15,30,0,0,38
2254,Zr53Ta30Ti15V15W15,123.545372,0,0,30,15,15,15,53
8904,Zr60V15W53,144.996598,0,0,0,0,15,53,60
10791,Zr30Nb23V45Mo15W15,153.055722,15,23,0,0,45,15,30
9445,Zr60Ti23Nb15V15W15,111.179342,0,15,0,23,15,15,60
8138,Zr30Ta30Ti30Mo23W15,149.461478,23,0,30,30,0,15,30
3178,Ti15Nb15V15Mo60W23,224.131982,60,15,0,15,15,23,0
11015,Ti75Mo53,153.525828,53,0,0,75,0,0,0
4954,Ta15Ti30Nb15V15Mo38W15,191.655362,38,15,15,30,15,15,0
8597,Zr45Ti15Nb38V15Mo15,123.993382,15,38,0,15,15,0,45
5719,Ti45Nb68Mo15,150.675051,15,68,0,45,0,0,0
3140,Zr15Ta23Nb60Mo30,176.780278,30,60,23,0,0,0,15
9677,Zr30Ta23Ti15V30W30,152.527289,0,0,23,15,30,30,30
9312,V45Mo45W38,244.133996,45,0,0,0,45,38,0
1287,Nb15V15W98,277.767449,0,15,0,0,15,98,0
731,Ti38Nb60Mo30,164.994957,30,60,0,38,0,0,0
1889,Ti30Nb38Mo15W45,200.931667,15,38,0,30,0,45,0
4701,Ta15Nb15V75W23,200.214454,0,15,15,0,75,23,0
5243,Ta60Ti15Nb23V15W15,186.559178,0,23,60,15,15,15,0
5987,Ta15Nb30V30Mo53,210.261746,53,30,15,0,30,0,0
10765,Zr15Ti60Mo15W38,155.69937,15,0,0,60,0,38,15
9213,Zr38Ta15Nb15V45W15,140.666906,0,15,15,0,45,15,38
6168,Zr60Ta15V23Mo30,126.630424,30,0,15,0,23,0,60
10831,Ta45V30W53,230.934032,0,0,45,0,30,53,0
11227,Zr30Ta15Ti30W53,163.436561,0,0,15,30,0,53,30
355,Zr45Ta30Nb38V15,129.871346,0,38,30,0,15,0,45
8006,Ta45Ti38Nb30Mo15,163.92104,15,30,45,38,0,0,0
5627,Nb68V30Mo15W15,194.64467,15,68,0,0,30,15,0
11688,Ti15Nb60V38W15,173.642634,0,60,0,15,38,15,0
865,Ta30Nb23V60Mo15,188.720448,15,23,30,0,60,0,0
7342,Ti38V45W45,186.888924,0,0,0,38,45,45,0
2066,Ta68V30W30,212.885541,0,0,68,0,30,30,0
11643,Ti30V15Mo45W38,217.953065,45,0,0,30,15,38,0
5886,Zr15Ta30V23Mo30W30,204.721896,30,0,30,0,23,30,15
11829,Ti15Nb45W68,225.722199,0,45,0,15,0,68,0
7872,Zr83V30W15,105.940415,0,0,0,0,30,15,83
5973,Nb90V23W15,182.381275,0,90,0,0,23,15,0
3628,Zr23Ti15Nb15V30Mo30W15,161.657125,30,15,0,15,30,15,23
1041,Ta15Nb38V15Mo60,213.262679,60,38,15,0,15,0,0
2891,Zr30Ti38Nb15Mo15W30,146.121249,15,15,0,38,0,30,30
3729,Zr30Ti68Nb15Mo15,112.395155,15,15,0,68,0,0,30
7389,Zr15Ti15Nb68Mo15W15,165.331674,15,68,0,15,0,15,15
5288,Zr15Ti15Nb15V38Mo30W15,174.012897,30,15,0,15,38,15,15
1628,Zr30Ti60W38,132.171995,0,0,0,60,0,38,30
10301,Zr30Ti45Nb23V15W15,123.614367,0,23,0,45,15,15,30
1842,Ta45Ti15Nb23V15Mo15W15,193.064149,15,23,45,15,15,15,0
6432,Zr15Ta30Nb30Mo38W15,197.056486,38,30,30,0,0,15,15
167,Zr15Ta45V30W38,194.489575,0,0,45,0,30,38,15
4069,Zr23Ta45Mo15W45,201.396513,15,0,45,0,0,45,23
11319,Mo60W68,281.580698,60,0,0,0,0,68,0
7170,Zr30V75Mo23,144.801981,23,0,0,0,75,0,30
9021,Ta23Nb15V30Mo15W45,231.094258,15,15,23,0,30,45,0
405,Ta60Ti15Mo15W38,218.733495,15,0,60,15,0,38,0
1381,Zr15Ta30Nb15V23Mo15W30,192.695536,15,15,30,0,23,30,15
10451,Nb23V15Mo30W60,252.519038,30,23,0,0,15,60,0
3610,Zr30Ti30Nb38V15Mo15,128.841549,15,38,0,30,15,0,30
3280,Nb60V30W38,205.612007,0,60,0,0,30,38,0
3046,Ta45Mo53W30,243.922737,53,0,45,0,0,30,0
10663,Zr30Ti45Nb15V15Mo23,123.717427,23,15,0,45,15,0,30
11745,Ta15Ti38Nb15V60,148.224509,0,15,15,38,60,0,0
8802,Ta30Nb23V75,180.572434,0,23,30,0,75,0,0
5721,Nb68Mo15W45,222.673163,15,68,0,0,0,45,0
7076,Zr30Ta23Nb30V15Mo30,157.954954,30,30,23,0,15,0,30
1711,Ta15Ti15Mo75W23,235.561985,75,0,15,15,0,23,0
2352,Zr15Ta45V30Mo23W15,188.282554,23,0,45,0,30,15,15
4435,Zr60Ta53W15,132.072106,0,0,53,0,0,15,60
7412,Ta23Ti15V45Mo45,196.578036,45,0,23,15,45,0,0
11577,Zr15Ti38Nb45Mo15W15,150.635002,15,45,0,38,0,15,15
1523,Zr45V30Mo15W38,156.59155,15,0,0,0,30,38,45
6534,Zr45Ta15Ti15Nb15V38,116.410916,0,15,15,15,38,0,45
5183,Zr30Ti30Nb38V15W15,131.729038,0,38,0,30,15,15,30
4051,Zr15Ta23Ti15W75,216.74915,0,0,23,15,0,75,15
6706,Ti15Nb53V30Mo15W15,184.338053,15,53,0,15,30,15,0
4899,Zr15Ti30Nb15Mo53W15,180.556259,53,15,0,30,0,15,15
253,Ta38Ti45Nb15V30,147.050011,0,15,38,45,30,0,0
637,Zr30Ta15Ti15Mo30W38,179.728038,30,0,15,15,0,38,30
2160,Ta15Nb15V23Mo45W30,235.084165,45,15,15,0,23,30,0
7514,Ta23Ti15Nb15V60Mo15,176.788932,15,15,23,15,60,0,0
1273,Zr98Ta15Mo15,99.199137,15,0,15,0,0,0,98
10557,Ta45Mo68W15,240.605958,68,0,45,0,0,15,0
5085,Zr15Ti15Nb45V30W23,160.489298,0,45,0,15,30,23,15
2608,Zr23Ta15Mo45W45,217.790712,45,0,15,0,0,45,23
9648,Ti30Nb30V15W53,198.204785,0,30,0,30,15,53,0
503,Ta30Ti15Mo23W60,237.625068,23,0,30,15,0,60,0
7184,Zr30Ta23Ti75,108.276457,0,0,23,75,0,0,30
7980,Zr15Ta15Ti30Nb30V38,137.334974,0,30,15,30,38,0,15
9825,Ta23Nb75Mo30,195.459963,30,75,23,0,0,0,0
10133,Zr45V15Mo53W15,164.057593,53,0,0,0,15,15,45
2896,Zr30Ta15V38Mo15W30,170.82164,15,0,15,0,38,30,30
2092,Zr30Ti15Nb15V15W53,169.732667,0,15,0,15,15,53,30
3386,Ti15V60Mo30W23,206.6501,30,0,0,15,60,23,0
8590,Ta15Ti15Nb38V45Mo15,173.860702,15,38,15,15,45,0,0
5177,Zr30Ta30V15Mo38W15,177.658499,38,0,30,0,15,15,30
5049,Zr15Ti68Mo30W15,140.557328,30,0,0,68,0,15,15
11485,Zr15Nb38V45W30,176.422918,0,38,0,0,45,30,15
10134,Ta15Ti15Nb53V45,164.54334,0,53,15,15,45,0,0
8668,Ta15Ti30Nb38Mo15W30,189.647655,15,38,15,30,0,30,0
11449,Zr15Ti15V60Mo23W15,169.084823,23,0,0,15,60,15,15
3524,Ti15Nb23V90,164.796501,0,23,0,15,90,0,0
193,Zr30Ta30Ti30Nb15W23,142.302854,0,15,30,30,0,23,30
1425,Ti38Nb15V75,147.1565,0,15,0,38,75,0,0
9822,Zr45Ta30Ti38W15,119.984727,0,0,30,38,0,15,45
6056,Zr38Ta45V30Mo15,143.243333,15,0,45,0,30,0,38
7726,Ta15Ti15Nb30V53Mo15,173.643431,15,30,15,15,53,0,0
3372,Ta60Nb15Mo30W23,224.261353,30,15,60,0,0,23,0
399,Ti15Nb60Mo15W38,206.246797,15,60,0,15,0,38,0
1617,Nb60V38W30,198.404544,0,60,0,0,38,30,0
4533,Ta68Ti15V30W15,187.665878,0,0,68,15,30,15,0
6600,Zr45Ta15Ti15Mo38W15,149.987415,38,0,15,15,0,15,45
3716,Zr23Ta105,164.455603,0,0,105,0,0,0,23
4953,Zr30V83W15,144.638419,0,0,0,0,83,15,30
10697,Ta15Ti45Nb38V30,144.102527,0,38,15,45,30,0,0
8564,Zr45Ta23Ti15Nb30V15,121.705021,0,30,23,15,15,0,45
9684,Zr15Ti15Nb53Mo45,169.793805,45,53,0,15,0,0,15
4157,Ti15Nb15V83W15,178.292767,0,15,0,15,83,15,0
4739,Zr75Ta15Ti23Mo15,103.00725,15,0,15,23,0,0,75
9127,Zr15Ta15Ti30V45Mo23,149.54918,23,0,15,30,45,0,15
8233,Zr30Nb45Mo23W30,177.140768,23,45,0,0,0,30,30
2709,Ta30Ti30V53Mo15,166.788868,15,0,30,30,53,0,0
5148,Zr30Ta23Nb30Mo15W30,174.776362,15,30,23,0,0,30,30
5974,Zr15Nb90V23,152.103377,0,90,0,0,23,0,15
6852,Zr15Ti45Nb30V15W23,142.561752,0,30,0,45,15,23,15
8465,Zr15Ta45Nb45V23,161.444452,0,45,45,0,23,0,15
298,Ta30Ti45V23W30,170.990734,0,0,30,45,23,30,0
7183,Ta23Ti75W30,150.936579,0,0,23,75,0,30,0
9118,Zr15Ta30Ti45Nb15Mo23,144.74607,23,15,30,45,0,0,15
6638,Zr23Nb15V75W15,154.799833,0,15,0,0,75,15,23
11811,Nb15V68Mo45,206.441085,45,15,0,0,68,0,0
2862,Ta15Ti15Nb15V30Mo53,199.985759,53,15,15,15,30,0,0
7974,Ta15Ti30V38Mo30W15,187.863587,30,0,15,30,38,15,0
1079,Zr30Nb83Mo15,146.120747,15,83,0,0,0,0,30
6953,Ta53Ti15Nb30Mo30,191.822252,30,30,53,15,0,0,0
5875,Zr15Ta23Ti30Nb30Mo30,156.933973,30,30,23,30,0,0,15
4638,Ta23Ti15V15W75,236.30247,0,0,23,15,15,75,0
997,Zr30Ti38Nb30V30,117.842636,0,30,0,38,30,0,30
3523,Zr90Ta15Nb23,98.361258,0,23,15,0,0,0,90
2963,Zr23Ta15Ti60Nb15Mo15,121.416028,15,15,15,60,0,0,23
9026,Zr45Ti23Nb15Mo15W30,141.351782,15,15,0,23,0,30,45
6051,Zr38Nb45Mo15W30,161.085546,15,45,0,0,0,30,38
1274,Ti15V98Mo15,176.887618,15,0,0,15,98,0,0
7049,Zr15Ta53Nb15Mo30W15,196.09602,30,15,53,0,0,15,15
8756,Zr23Ta15Nb45Mo30W15,178.695389,30,45,15,0,0,15,23
10339,Zr15Ta15Ti45Nb15V15Mo23,141.217871,23,15,15,45,15,0,15
9019,Ta23Ti30Nb15Mo15W45,205.854727,15,15,23,30,0,45,0
9214,Zr38Ti15Nb15V45W15,129.117289,0,15,0,15,45,15,38
7148,Zr30Ta30Ti30V15W23,141.382145,0,0,30,30,15,23,30
963,Ta15Ti23Nb30V30Mo15W15,182.243663,15,30,15,23,30,15,0
4852,Zr15Ti30Nb30V15W38,164.870405,0,30,0,30,15,38,15
709,Ta15Ti15Nb15V15Mo15W53,225.168916,15,15,15,15,15,53,0
9315,Ta45Ti38Nb45,155.386881,0,45,45,38,0,0,0
4706,Zr23Ti15Nb15W75,199.681355,0,15,0,15,0,75,23
8332,Zr45Ta53Nb15Mo15,142.740975,15,15,53,0,0,0,45
2298,Zr38Nb15V15W60,174.38117,0,15,0,0,15,60,38
1845,Zr15Ta45Nb23V15Mo15W15,183.625359,15,23,45,0,15,15,15
10937,Zr38Nb45V15W30,151.566013,0,45,0,0,15,30,38
8100,Zr15Nb23Mo30W60,229.454078,30,23,0,0,0,60,15
9670,Zr30Ta15V30Mo23W30,176.14937,23,0,15,0,30,30,30
6150,Zr45Ta23Ti15V45,117.036829,0,0,23,15,45,0,45
6930,Zr15Ta23Ti30Mo60,174.746756,60,0,23,30,0,0,15
1610,Ta38Ti30Nb60,159.925717,0,60,38,30,0,0,0
10855,Zr15Ta53Ti30Nb15W15,156.122581,0,15,53,30,0,15,15
1459,Zr38Ta45Nb15V15W15,149.098263,0,15,45,0,15,15,38
9771,Ti30V23Mo15W60,218.030727,15,0,0,30,23,60,0
9250,Zr75Ta30Ti23,102.06786,0,0,30,23,0,0,75
7177,Ti75Nb23W30,146.195355,0,23,0,75,0,30,0
10908,Ta30Ti38Nb15Mo45,180.758133,45,15,30,38,0,0,0
5789,Zr15Ta75Mo23W15,196.057295,23,0,75,0,0,15,15
3375,Ti60Nb15Mo30W23,169.027605,30,15,0,60,0,23,0
3711,Nb105W23,190.801542,0,105,0,0,0,23,0
5082,Zr15Ta15Ti30Nb45V23,137.581564,0,45,15,30,23,0,15
11644,Zr38Ti30V15Mo45,135.124531,45,0,0,30,15,0,38
736,Ta60V38Mo30,202.629844,30,0,60,0,38,0,0
9543,Zr15Ti30Nb30V38W15,144.550021,0,30,0,30,38,15,15
11389,Zr15Ta23Nb30V45Mo15,164.605501,15,30,23,0,45,0,15
8769,Zr23Ta45Nb30V15W15,164.182687,0,30,45,0,15,15,23
3079,Zr30Ta15Ti15V15Mo38W15,163.024524,38,0,15,15,15,15,30
1801,Zr38Ta15Ti15Nb15Mo30W15,152.316125,30,15,15,15,0,15,38
4396,Ta38Ti30W60,213.812445,0,0,38,30,0,60,0
11987,Zr60Ta15Ti38V15,97.956971,0,0,15,38,15,0,60
10550,Ta15Nb45Mo68,217.379052,68,45,15,0,0,0,0
11476,Ta45Ti30Nb38V15,160.369658,0,38,45,30,15,0,0
9376,Ta15Ti15Nb38V60,164.520092,0,38,15,15,60,0,0
1280,Ta15Ti98Nb15,118.468317,0,15,15,98,0,0,0
194,Zr30Ta30Nb15V30W23,158.108687,0,15,30,0,30,23,30
2399,Ta30Nb30Mo38W30,231.928392,38,30,30,0,0,30,0
6568,Ta60Ti23Nb15Mo15W15,189.797966,15,15,60,23,0,15,0
6816,Zr15Ta30Nb23W60,212.765759,0,23,30,0,0,60,15
1329,Zr45Ti15Nb30Mo15W23,141.134538,15,30,0,15,0,23,45
4998,Ta15Nb15Mo60W38,250.84656,60,15,15,0,0,38,0
4831,Zr30Ta15V53W30,159.327727,0,0,15,0,53,30,30
5620,Ta30Ti15Nb68Mo15,177.909683,15,68,30,15,0,0,0
2061,Zr30Nb68V30,135.520749,0,68,0,0,30,0,30
2558,Nb60V30Mo15W23,202.695163,15,60,0,0,30,23,0
5244,Zr15Ta60Ti15Nb23V15,155.296993,0,23,60,15,15,0,15
4789,Ti23Nb60V15W30,181.951005,0,60,0,23,15,30,0
9406,Ta15Ti53Nb60,141.388115,0,60,15,53,0,0,0
5980,Zr15Ta90V23,169.228153,0,0,90,0,23,0,15
2095,Zr15Ta30Ti15Nb38V15Mo15,157.153098,15,38,30,15,15,0,15
2997,Ta15Ti30Nb15V53W15,167.058047,0,15,15,30,53,15,0
3147,Ta60Ti23V15Mo30,185.962769,30,0,60,23,15,0,0
8978,Ta15Nb45V23Mo15W30,210.99329,15,45,15,0,23,30,0
7930,Ta30Nb15V30Mo53,213.462387,53,15,30,0,30,0,0
6435,Zr15Ti30Nb30Mo38W15,170.116016,38,30,0,30,0,15,15
8491,Zr83Ti15Nb15Mo15,101.328145,15,15,0,15,0,0,83
10306,Zr23Ta15Nb30Mo60,185.752164,60,30,15,0,0,0,23
9978,Ta53Ti15Nb15V45,171.790668,0,15,53,15,45,0,0
3900,Ta38Ti15Nb15V15Mo45,197.408996,45,15,38,15,15,0,0
9489,Ta23Ti30Nb15Mo60,194.030897,60,15,23,30,0,0,0
4534,Zr15Ta68Ti15V30,153.735004,0,0,68,15,30,0,15
11069,Ta23Ti45Nb45Mo15,155.055407,15,45,23,45,0,0,0
10762,Zr15Ta60Mo15W38,208.403502,15,0,60,0,0,38,15
7688,Zr15Ta15Nb30V45Mo23,167.598374,23,30,15,0,45,0,15
8382,Zr15Ta15Nb15V15W68,218.723461,0,15,15,0,15,68,15
4362,Zr30Ti23Nb45V30,126.218625,0,45,0,23,30,0,30
9520,Zr30Ta60Ti15V23,138.034608,0,0,60,15,23,0,30
329,Zr53V75,110.819292,0,0,0,0,75,0,53
4469,Zr30Nb23V30W45,169.089537,0,23,0,0,30,45,30
1422,Ta38Nb15V75,182.636011,0,15,38,0,75,0,0
3845,Zr23Ti45Nb30Mo15W15,138.910296,15,30,0,45,0,15,23
5076,Ta15Ti30V23Mo45W15,197.207126,45,0,15,30,23,15,0
504,Zr60Ta30Ti15Mo23,121.73817,23,0,30,15,0,0,60
3381,Ta15Ti60Mo30W23,171.67894,30,0,15,60,0,23,0
352,Ta30Ti15Nb38W45,206.929258,0,38,30,15,0,45,0
11482,Ti45Nb38V30W15,152.865333,0,38,0,45,30,15,0
3228,Zr15Ti15V68Mo15W15,162.445052,15,0,0,15,68,15,15
7513,Zr23Ta15Ti60V15W15,123.651021,0,0,15,60,15,15,23
4150,Zr15V15Mo15W83,242.928024,15,0,0,0,15,83,15
9144,Zr23Ta30Nb45Mo15W15,172.411643,15,45,30,0,0,15,23
6263,Zr15Ti30Nb30V23Mo15W15,155.435244,15,30,0,30,23,15,15
3826,Zr30Ta45V15W38,174.391986,0,0,45,0,15,38,30
4319,Zr15Ta15Ti45Nb15V23W15,138.459648,0,15,15,45,23,15,15
9712,Zr15Ti45V53W15,136.10514,0,0,0,45,53,15,15
10796,Zr30Ti23V45Mo15W15,138.932504,15,0,0,23,45,15,30
6739,Zr45Ti23Mo15W45,152.543098,15,0,0,23,0,45,45
2253,Zr53Ti15Nb30V15W15,120.143569,0,30,0,15,15,15,53
11855,Zr23Ta30Ti30V30Mo15,140.877169,15,0,30,30,30,0,23
11012,Zr23Ta30Ti15V15W45,176.602968,0,0,30,15,15,45,23
6218,Zr15Nb15V38W60,207.988042,0,15,0,0,38,60,15
6607,Zr45Ti15Nb38V15W15,124.96339,0,38,0,15,15,15,45
7721,Zr30Ta53Ti15Nb15V15,138.490217,0,15,53,15,15,0,30
1046,Zr15Ti15Nb38Mo60,181.501104,60,38,0,15,0,0,15
6133,Zr45Ta15V45Mo23,132.627469,23,0,15,0,45,0,45
7345,Zr45V38W45,151.129307,0,0,0,0,38,45,45
4917,Zr15Ta38Ti15V15Mo30W15,180.612359,30,0,38,15,15,15,15
10987,Zr15Ta15Ti15Nb30Mo15W38,188.404662,15,30,15,15,0,38,15
6301,Ta15Ti30Nb60Mo23,169.047519,23,60,15,30,0,0,0
6297,Ti68V15W45,164.107854,0,0,0,68,15,45,0
1124,Zr30Ta23V60Mo15,144.564036,15,0,23,0,60,0,30
5831,Zr15Ta75V23Mo15,176.701654,15,0,75,0,23,0,15
5584,Zr30Ti15Nb45Mo38,148.844431,38,45,0,15,0,0,30
3025,Nb38V60W30,200.355479,0,38,0,0,60,30,0
2900,Zr30Ta15Ti38Nb15W30,139.805612,0,15,15,38,0,30,30
8406,Ta60Ti30Nb23W15,175.267862,0,23,60,30,0,15,0
10432,Zr23Nb90W15,157.311303,0,90,0,0,0,15,23
3441,Ta30Ti68Nb15V15,134.841071,0,15,30,68,15,0,0
1772,Zr23Nb45V30Mo30,160.950565,30,45,0,0,30,0,23
10389,Zr15Nb30V30Mo30W23,190.954451,30,30,0,0,30,23,15
3558,Zr23Ti60Mo30W15,137.529359,30,0,0,60,0,15,23
7471,Zr45Ti30V23W30,126.363516,0,0,0,30,23,30,45
11719,Zr15Ta15Ti15Nb15V30Mo38,167.713647,38,15,15,15,30,0,15
5412,Ta90Nb15V23,192.045481,0,15,90,0,23,0,0
8903,Zr60Ti15W53,138.544308,0,0,0,15,0,53,60
459,Ta30Nb30V23W45,218.731089,0,30,30,0,23,45,0
5469,Zr30Ti45V38Mo15,120.093941,15,0,0,45,38,0,30
10600,Zr45Ti15V38Mo15W15,130.611533,15,0,0,15,38,15,45
8520,Ta30Ti15Nb30V15Mo15W23,196.956683,15,30,30,15,15,23,0
11220,Zr30Ta30Nb15W53,188.165849,0,15,30,0,0,53,30
1316,Zr45Ta30Ti23Nb15V15,117.829905,0,15,30,23,15,0,45
8712,Ta45Ti23V30Mo15W15,188.093242,15,0,45,23,30,15,0
2103,Zr15Ta60Ti15Nb23Mo15,164.128876,15,23,60,15,0,0,15
2637,Zr30Nb15Mo68W15,192.276915,68,15,0,0,0,15,30
2826,Zr15Ta15Ti15Nb15V15Mo15W38,188.337937,15,15,15,15,15,38,15
7485,Zr23Ta30V15Mo15W45,197.770662,15,0,30,0,15,45,23
2593,Ta45Ti23Nb15Mo45,192.471092,45,15,45,23,0,0,0
8439,Zr15Ti23Nb45V30W15,149.14441,0,45,0,23,30,15,15
4664,Ta30Ti45Nb38W15,158.602223,0,38,30,45,0,15,0
6899,Zr38Ta30Ti15Nb30W15,138.432288,0,30,30,15,0,15,38
4456,Ti30V45Mo23W30,196.588229,23,0,0,30,45,30,0
927,Ti30Nb98,152.187617,0,98,0,30,0,0,0
1540,Ti60Nb45Mo23,146.120796,23,45,0,60,0,0,0
160,Ti30Nb45V38W15,164.194955,0,45,0,30,38,15,0
801,Ta60Ti23Nb45,169.359816,0,45,60,23,0,0,0
7568,Zr15Ta15Ti45Mo23W30,164.899766,23,0,15,45,0,30,15
1918,Zr45Ti15V38W30,133.836536,0,0,0,15,38,30,45
10264,Zr45Ti15V38Mo30,128.14969,30,0,0,15,38,0,45
6557,Zr23Ta15Ti45V30Mo15,128.81657,15,0,15,45,30,0,23
9096,Zr68Ta30Ti15Nb15,107.616685,0,15,30,15,0,0,68
9062,Zr15Nb75V38,150.891304,0,75,0,0,38,0,15
11184,Zr15Ta15Nb45V53,154.355166,0,45,15,0,53,0,15
5917,Zr30Ta15Ti15Nb23Mo30W15,160.339943,30,23,15,15,0,15,30
9349,Zr38Ti15V30Mo15W30,148.806052,15,0,0,15,30,30,38
3819,Ti15Nb45V38W30,188.03247,0,45,0,15,38,30,0
8895,Ta15Ti53V60,139.918999,0,0,15,53,60,0,0
3217,Ta68Nb15V15Mo15W15,206.86024,15,15,68,0,15,15,0
5319,Ta15Ti23Nb30V15Mo45,188.182984,45,30,15,23,15,0,0
10973,Zr15Nb30V83,150.880921,0,30,0,0,83,0,15
8144,Zr30Ta30Nb23V30W15,152.63166,0,23,30,0,30,15,30
2228,Zr45Nb38V15W30,143.810665,0,38,0,0,15,30,45
3673,Nb15V45Mo53W15,224.168896,53,15,0,0,45,15,0
6688,Ta68Ti30V15W15,176.012363,0,0,68,30,15,15,0
10056,Zr15Ta23V45Mo15W30,192.48489,15,0,23,0,45,30,15
8376,Zr15Ta15Ti15Mo15W68,218.921033,15,0,15,15,0,68,15
2405,Zr30Nb30V30Mo38,156.520871,38,30,0,0,30,0,30
8349,Ta15Ti53Nb15V45,140.493945,0,15,15,53,45,0,0
2331,Zr15Ta15V45Mo38W15,193.131253,38,0,15,0,45,15,15
2217,Zr45Ti15Mo38W30,157.416269,38,0,0,15,0,30,45
11056,Zr15Ta15Ti15Nb83,147.657352,0,83,15,15,0,0,15
2025,Nb15V30W83,254.273919,0,15,0,0,30,83,0
5928,Zr60Ta15Nb15Mo23W15,136.981442,23,15,15,0,0,15,60
5548,Ti23Nb15Mo45W45,228.961663,45,15,0,23,0,45,0
2,Ta128,201.557954,0,0,128,0,0,0,0
806,Ti60Nb45W23,150.734901,0,45,0,60,0,23,0
466,Ta30Ti30V23W45,197.021667,0,0,30,30,23,45,0
6643,Zr23Ti15V75W15,145.225216,0,0,0,15,75,15,23
5910,Zr23Ta30Ti30Nb30V15,132.43313,0,30,30,30,15,0,23
1230,Zr15Ti15Nb30V30Mo38,163.991706,38,30,0,15,30,0,15
772,Zr15Ti45Nb23V15Mo30,142.972692,30,23,0,45,15,0,15
4584,Ta60Ti23Mo15W30,204.702486,15,0,60,23,0,30,0
2441,Zr15Nb45Mo30W38,208.28356,30,45,0,0,0,38,15
6485,Ta30Nb53Mo30W15,211.693626,30,53,30,0,0,15,0
654,Ta30Nb30V23Mo45,206.71,45,30,30,0,23,0,0
7301,Zr30Ti15Nb30V15Mo15W23,154.414927,15,30,0,15,15,23,30
9895,Ta15Ti15Nb30V15Mo38W15,202.034312,38,30,15,15,15,15,0
11264,Zr45V45W38,147.751883,0,0,0,0,45,38,45
3593,Zr30Ta23Nb30V30W15,149.567271,0,30,23,0,30,15,30
8947,Ta23Ti15Nb45V30Mo15,176.038362,15,45,23,15,30,0,0
3821,Zr30Ti15Nb45W38,157.142638,0,45,0,15,0,38,30
10719,Ta15Mo75W38,267.886104,75,0,15,0,0,38,0
10290,Zr30Ti15Nb45Mo23W15,153.051105,23,45,0,15,0,15,30
2819,Ta15Ti23Nb15V15Mo30W30,205.157706,30,15,15,23,15,30,0
11514,Zr15Ta15Ti30Nb30Mo23W15,163.225764,23,30,15,30,0,15,15
918,Zr15Ti38Nb15V30W30,152.018006,0,15,0,38,30,30,15
5200,Ta68Mo30W30,235.339024,30,0,68,0,0,30,0
10184,Zr15Ti45V15Mo23W30,161.959322,23,0,0,45,15,30,15
3103,Ta15Nb23V75Mo15,188.67973,15,23,15,0,75,0,0
2755,Zr23Mo75W30,220.748111,75,0,0,0,0,30,23
4690,Zr23Ta15Ti75Mo15,115.621308,15,0,15,75,0,0,23
7133,Zr30Ta15Nb30Mo30W23,178.176513,30,30,15,0,0,23,30
540,Ta23V45Mo45W15,223.363683,45,0,23,0,45,15,0
7227,Nb30V23Mo60W15,228.206229,60,30,0,0,23,15,0
8065,Zr15Ta45Nb15V53,160.767996,0,15,45,0,53,0,15
7557,Ta45Ti30Nb15Mo23W15,187.092821,23,15,45,30,0,15,0
6791,Ta60Ti15Nb30Mo23,188.1257,23,30,60,15,0,0,0
316,Ta53Nb75,185.334736,0,75,53,0,0,0,0
2309,Zr30Ta15Ti15V38Mo15W15,147.049093,15,0,15,15,38,15,30
7015,Zr30Ti23Nb30V45,122.815445,0,30,0,23,45,0,30
124,Zr45Ta15Ti15V30Mo23,127.873539,23,0,15,15,30,0,45
11432,Zr15Ti15Nb45V15W38,174.591897,0,45,0,15,15,38,15
5114,Zr53Ti15Nb45V15,110.949571,0,45,0,15,15,0,53
5456,Ti38Nb45V30Mo15,155.16948,15,45,0,38,30,0,0
7765,Zr53Ta15Nb15V30W15,125.139521,0,15,15,0,30,15,53
8633,Zr15Ta23Ti15Nb75,149.86034,0,75,23,15,0,0,15
1492,Zr45Nb15V23Mo30W15,148.604758,30,15,0,0,23,15,45
2673,Ta23Ti75V15Mo15,136.413981,15,0,23,75,15,0,0
11726,Ta38Nb15V60Mo15,190.59251,15,15,38,0,60,0,0
11170,Ta15Ti53V15Mo45,167.05811,45,0,15,53,15,0,0
2567,Ti60V30Mo15W23,159.188363,15,0,0,60,30,23,0
5326,Zr15Ti15Nb30V23Mo45,169.640876,45,30,0,15,23,0,15
10726,Zr38Mo75W15,187.512883,75,0,0,0,0,15,38
11600,Zr15Nb30V30Mo53,185.647348,53,30,0,0,30,0,15
8401,Ti60V30Mo23W15,158.946168,23,0,0,60,30,15,0
5664,Zr15Nb38V30Mo30W15,184.697261,30,38,0,0,30,15,15
5742,Zr45Nb15W68,176.321599,0,15,0,0,0,68,45
3331,Nb60Mo15W53,231.251454,15,60,0,0,0,53,0
9634,Zr53Ta30Ti15Mo30,128.407134,30,0,30,15,0,0,53
3687,Ta15Ti45Nb53W15,156.755635,0,53,15,45,0,15,0
2907,Ta30Nb15V38Mo15W30,215.734133,15,15,30,0,38,30,0
5570,Zr45Ti15Nb45V23,117.273667,0,45,0,15,23,0,45
5032,Ta15Nb68V15Mo30,193.914587,30,68,15,0,15,0,0
9861,Ti45Nb60Mo23,155.434434,23,60,0,45,0,0,0
5690,Zr38Ta15V45Mo30,143.989731,30,0,15,0,45,0,38
3755,Zr30Ta15Ti15W68,187.346651,0,0,15,15,0,68,30
4742,Zr75Ta15Mo15W23,125.405852,15,0,15,0,0,23,75
1466,Zr45Ta15Nb15V23Mo30,139.077916,30,15,15,0,23,0,45
9439,Zr60Ta23V15Mo15W15,131.333542,15,0,23,0,15,15,60
6471,Zr15Nb23V90,152.584113,0,23,0,0,90,0,15
3567,Zr23Ti60Nb30V15,114.573259,0,30,0,60,15,0,23
6449,Ti15Nb90Mo23,174.666596,23,90,0,15,0,0,0
4570,Zr38Ti15V75,117.815405,0,0,0,15,75,0,38
6227,Zr15Ta68Nb15Mo30,184.736521,30,15,68,0,0,0,15
6829,Zr15Ta23Nb15V30Mo15W30,192.691274,15,15,23,0,30,30,15
786,Ta23Nb60Mo45,208.174157,45,60,23,0,0,0,0
9633,Ta30Ti15Mo30W53,235.731847,30,0,30,15,0,53,0
2687,Zr15Ta23Nb15V75,155.388513,0,15,23,0,75,0,15
10342,Zr15Ti15Nb15V45Mo23W15,169.147127,23,15,0,15,45,15,15
4326,Zr30Ta30Ti15V23Mo15W15,150.069134,15,0,30,15,23,15,30
9401,Ti15Mo60W53,258.934283,60,0,0,15,0,53,0
9065,Ta75Ti38W15,171.032304,0,0,75,38,0,15,0
3309,Ti15V30Mo15W68,237.281071,15,0,0,15,30,68,0
10514,Zr15Ta15Ti15Nb38V15Mo15W15,167.931731,15,38,15,15,15,15,15
1002,Zr30Ta30Ti38W30,142.44932,0,0,30,38,0,30,30
6811,Ta30Ti60Nb23V15,139.196717,0,23,30,60,15,0,0
7791,Zr15Ta15Ti15Nb15Mo23W45,200.27393,23,15,15,15,0,45,15
4238,Zr23Ta15Ti30Nb45Mo15,138.905285,15,45,15,30,0,0,23
3907,Zr15Ti38Nb15V15Mo45,154.952095,45,15,0,38,15,0,15
4910,Zr15Ti15Nb53V30W15,154.014359,0,53,0,15,30,15,15
3680,Zr15Ta15V45Mo53,190.113667,53,0,15,0,45,0,15
7937,Zr30Nb15V30Mo53,166.510933,53,15,0,0,30,0,30
11980,Zr60Ta38Nb15V15,119.367502,0,15,38,0,15,0,60
237,Ti45Nb38V30Mo15,149.783743,15,38,0,45,30,0,0
9527,Ta38Nb30V15Mo30W15,211.393247,30,30,38,0,15,15,0
9188,Zr30Ti30Nb30W38,149.989057,0,30,0,30,0,38,30
8268,Zr45Nb23V30Mo15W15,138.915774,15,23,0,0,30,15,45
698,Ta23Ti15V15Mo60W15,221.046148,60,0,23,15,15,15,0
2752,Zr23Ti30Mo75,170.944609,75,0,0,30,0,0,23
8091,Ta60Ti15Nb23Mo30,192.505575,30,23,60,15,0,0,0
839,Zr45Ta15Nb15V30W23,140.314265,0,15,15,0,30,23,45
10170,Ta15Ti30Nb45V15Mo23,167.879409,23,45,15,30,15,0,0
1208,Ti23Nb45W60,210.771987,0,45,0,23,0,60,0
5745,Zr45Ta15Ti68,100.349874,0,0,15,68,0,0,45
10148,Zr45Ti53V15W15,108.772988,0,0,0,53,15,15,45
6339,Zr15Ta45Nb53Mo15,172.257627,15,53,45,0,0,0,15
10899,Ti15Nb30V30W53,210.435572,0,30,0,15,30,53,0
9715,Zr30Ta23Ti30Nb15Mo15W15,144.476929,15,15,23,30,0,15,30
1578,Zr15Ti30Nb15V15Mo15W38,174.409637,15,15,0,30,15,38,15
3479,Zr15Ta23Ti45Nb15Mo30,146.182987,30,15,23,45,0,0,15
6937,Zr15V23Mo60W30,221.383397,60,0,0,0,23,30,15
9257,Zr75V30W23,114.093291,0,0,0,0,30,23,75
10852,Zr15Ti53V30Mo15W15,141.148237,15,0,0,53,30,15,15
9143,Zr23Ta30Nb45V15Mo15,158.87156,15,45,30,0,15,0,23
4548,Ti75Mo15W38,163.836365,15,0,0,75,0,38,0
2799,Ta15Ti30Nb15Mo15W53,212.814259,15,15,15,30,0,53,0
4114,Zr15Ta30Nb15V30Mo38,181.396538,38,15,30,0,30,0,15
6015,Zr30Nb53V30W15,146.897135,0,53,0,0,30,15,30
5,W128,297.945396,0,0,0,0,0,128,0
10974,Zr15Nb30W83,231.157237,0,30,0,0,0,83,15
8859,Ta15Ti38V15Mo30W30,194.409567,30,0,15,38,15,30,0
7220,Ta23Ti15Nb30Mo60,205.387262,60,30,23,15,0,0,0
4836,Ta15Nb30V38Mo30W15,208.622452,30,30,15,0,38,15,0
11290,Ti98Mo15W15,131.68209,15,0,0,98,0,15,0
8866,Zr30Ta15Ti38Nb30W15,131.353058,0,30,15,38,0,15,30
9371,Zr60Ta15Mo38W15,141.422683,38,0,15,0,0,15,60
4928,Ti15V30Mo83,219.52533,83,0,0,15,30,0,0
1920,Ta83Mo45,216.045967,45,0,83,0,0,0,0
4697,Zr23V15Mo15W75,222.474373,15,0,0,0,15,75,23
7012,Zr30Ta23Nb30V45,141.026558,0,30,23,0,45,0,30
9859,Zr23V30W75,211.208881,0,0,0,0,30,75,23
5577,Zr45Ti45V15W23,116.711481,0,0,0,45,15,23,45
1654,Zr15Ta45Nb15V15Mo23W15,188.14977,23,15,45,0,15,15,15
1447,Ti15Nb45V15Mo15W38,205.530851,15,45,0,15,15,38,0
10707,Ta38Ti15V45W30,196.57637,0,0,38,15,45,30,0
10532,Ta75Nb38W15,199.900644,0,38,75,0,0,15,0
2493,Zr15Ta23Nb60Mo15W15,180.489891,15,60,23,0,0,15,15
7911,Zr15Ti45V45Mo23,137.865852,23,0,0,45,45,0,15
595,Ta30Ti45W53,194.015813,0,0,30,45,0,53,0
7585,Zr23Nb30V45Mo30,160.473464,30,30,0,0,45,0,23
4135,Ti83Nb15V15Mo15,129.239665,15,15,0,83,15,0,0
6450,Nb90V15Mo23,183.880154,23,90,0,0,15,0,0
2807,Zr53Nb15V15Mo15W30,143.602425,15,15,0,0,15,30,53
9418,Zr53Ta60Ti15,116.934251,0,0,60,15,0,0,53
308,Zr15Ta15Ti30V15Mo38W15,172.172948,38,0,15,30,15,15,15
8357,Zr45Ti15Nb15W53,155.324529,0,15,0,15,0,53,45
7582,Ti45Nb30Mo30W23,179.542378,30,30,0,45,0,23,0
2209,Ta15Ti30V45Mo38,179.819446,38,0,15,30,45,0,0
6201,Zr15Ta38Ti60Mo15,132.585831,15,0,38,60,0,0,15
8165,Zr23Ta15Nb15V30W45,181.68964,0,15,15,0,30,45,23
7549,Zr60Ti15V15Mo15W23,124.093391,15,0,0,15,15,23,60
1440,Zr75V15W38,119.275825,0,0,0,0,15,38,75
10535,Ti75Nb38W15,136.017813,0,38,0,75,0,15,0
1023,Zr15Ti60Mo38W15,150.749364,38,0,0,60,0,15,15
10363,Zr15Ti38Mo30W45,185.989405,30,0,0,38,0,45,15
5483,Zr30Ta15Ti45V38,116.080696,0,0,15,45,38,0,30
5448,Zr105Ti23,87.592174,0,0,0,23,0,0,105
4307,Zr30Nb23V15W60,185.403597,0,23,0,0,15,60,30
6033,Zr38Ta15Ti15Mo15W45,165.648692,15,0,15,15,0,45,38
11048,Zr15Ta15V15Mo83,209.700438,83,0,15,0,15,0,15
906,Zr15Ti30Nb38V30Mo15,142.265672,15,38,0,30,30,0,15
9285,Ti30Nb30V38Mo15W15,173.493417,15,30,0,30,38,15,0
8959,Zr30Ta45Ti23Mo15W15,152.489806,15,0,45,23,0,15,30
5810,Zr15Ta23Ti15Nb15V15Mo45,174.552597,45,15,23,15,15,0,15
8501,Ti15V15Mo15W83,255.085323,15,0,0,15,15,83,0
6457,Ti90V15Mo23,129.566632,23,0,0,90,15,0,0
6034,Zr38Ta15V15Mo15W45,173.3277,15,0,15,0,15,45,38
10364,Zr15V38Mo30W45,215.08744,30,0,0,0,38,45,15
1675,Ta23Nb75W30,203.152564,0,75,23,0,0,30,0
1216,Ta45V23W60,236.807991,0,0,45,0,23,60,0
4909,Zr15Ta15Nb53V30W15,167.791421,0,53,15,0,30,15,15
6662,Ti15Nb30V15Mo68,205.924537,68,30,0,15,15,0,0
3310,Zr68Ti15V30Mo15,103.343303,15,0,0,15,30,0,68
3317,Zr68Ta15Nb15V30,108.74211,0,15,15,0,30,0,68
11874,Zr30Nb15V15Mo38W30,184.690458,38,15,0,0,15,30,30
8733,Ta15Nb30V15Mo53W15,222.91709,53,30,15,0,15,15,0
6206,Zr15Ti38V60Mo15,137.0782,15,0,0,38,60,0,15
4551,Zr38V75Mo15,132.72063,15,0,0,0,75,0,38
1818,Zr68Ta15Ti15Mo15W15,118.557993,15,0,15,15,0,15,68
3774,Ti38V30Mo45W15,188.723982,45,0,0,38,30,15,0
9427,Ta15Ti15Nb23Mo15W60,231.970714,15,23,15,15,0,60,0
11083,Zr45Ta45V23Mo15,135.713647,15,0,45,0,23,0,45
3773,Zr15Ta38Mo45W30,219.028075,45,0,38,0,0,30,15
1024,Zr15V60Mo38W15,191.248897,38,0,0,0,60,15,15
10952,Nb83V15Mo30,190.331619,30,83,0,0,15,0,0
3122,Ta23Ti15Nb15V75,167.137552,0,15,23,15,75,0,0
9840,Ta75Ti23Nb30,171.876434,0,30,75,23,0,0,0
5788,Zr15Ta75V15Mo23,181.160989,23,0,75,0,15,0,15
8635,Zr15Ta23Nb75V15,157.518114,0,75,23,0,15,0,15
10068,Zr38Ta15Nb15V15Mo45,154.648307,45,15,15,0,15,0,38
8407,Zr15Ta60Ti30Nb23,146.213956,0,23,60,30,0,0,15
7645,Zr30Ta15Nb23V15Mo15W30,171.739544,15,23,15,0,15,30,30
1328,Zr45Ti15Nb30V23Mo15,121.89903,15,30,0,15,23,0,45
458,Zr45Ta30Ti23Nb30,119.040871,0,30,30,23,0,0,45
5318,Zr15Ta45Ti30V23W15,152.380359,0,0,45,30,23,15,15
7689,Zr15Ta15Nb30Mo23W45,212.394837,23,30,15,0,0,45,15
9979,Ta53Ti15Nb15W45,213.293138,0,15,53,15,0,45,0
6569,Zr15Ta60Ti23Nb15Mo15,159.657832,15,15,60,23,0,0,15
10854,Zr15Ta53Ti30Nb15V15,145.005507,0,15,53,30,15,0,15
8097,Zr15Ti60Nb23Mo30,134.377586,30,23,0,60,0,0,15
5916,Zr30Ta15Ti15Nb23V15Mo30,146.810981,30,23,15,15,15,0,30
9521,Zr30Ta60Ti15W23,158.496798,0,0,60,15,0,23,30
1926,Ti83Nb45,122.979162,0,45,0,83,0,0,0
8063,Zr15Ta45Ti53Nb15,131.102491,0,15,45,53,0,0,15
7219,Zr15Ta15Ti15Nb30V30W23,163.431719,0,30,15,15,30,23,15
2901,Zr30Ta15Nb15V38W30,160.483781,0,15,15,0,38,30,30
9383,Zr60Ti15Nb38V15,107.59449,0,38,0,15,15,0,60
11972,Ti38V15Mo15W60,211.918027,15,0,0,38,15,60,0
4468,Zr30Ti30Nb23W45,153.342831,0,23,0,30,0,45,30
800,Zr23Mo45W60,230.445733,45,0,0,0,0,60,23
6931,Ta23V30Mo60W15,233.106598,60,0,23,0,30,15,0
9377,Ta15Ti15Nb38W60,219.860846,0,38,15,15,0,60,0
7817,Ta15Ti38Nb45V15Mo15,158.662622,15,45,15,38,15,0,0
11718,Ta15Ti15Nb15V30Mo38W15,203.195425,38,15,15,15,30,15,0
2559,Zr23Nb60V30Mo15,151.17489,15,60,0,0,30,0,23
4830,Zr30Ta15Ti53W30,132.212572,0,0,15,53,0,30,30
5743,Ta15Ti68V45,131.620314,0,0,15,68,45,0,0
10738,Ta75Ti15W38,211.2878,0,0,75,15,0,38,0
4300,Zr30Ta15Ti60Nb23,111.317865,0,23,15,60,0,0,30
2566,Zr23Ta60Mo15W30,190.719518,15,0,60,0,0,30,23
6239,Zr15Ta15Mo30W68,240.818102,30,0,15,0,0,68,15
2699,Ta30Ti53Nb30Mo15,150.866385,15,30,30,53,0,0,0
6837,Zr15Ta15Nb45V23Mo30,172.664658,30,45,15,0,23,0,15
11986,Ta15Ti38V15W60,202.499391,0,0,15,38,15,60,0
9615,Zr30Ti15V30Mo30W23,161.315315,30,0,0,15,30,23,30
7642,Ta15Ti15Nb23V30Mo15W30,201.614013,15,23,15,15,30,30,0
8894,Zr60Nb15W53,147.920698,0,15,0,0,0,53,60
3,Ti128,107.530933,0,0,0,128,0,0,0
10291,Zr30Nb45V15Mo23W15,161.326315,23,45,0,0,15,15,30
4936,Ta15Nb83W30,201.971457,0,83,15,0,0,30,0
11515,Zr15Ta15Nb30V30Mo23W15,181.829091,23,30,15,0,30,15,15
8191,Nb23V45Mo60,212.599544,60,23,0,0,45,0,0
9249,Ta30Ti23W75,231.1187,0,0,30,23,0,75,0
1125,Zr30Ta23Mo15W60,203.391918,15,0,23,0,0,60,30
6132,Ta15V45Mo23W45,235.265884,23,0,15,0,45,45,0
11343,Zr15Ti15Nb15V45Mo38,165.415564,38,15,0,15,45,0,15
2330,Zr15Ta15Ti45Mo38W15,163.036188,38,0,15,45,0,15,15
4556,Zr38Ta75Nb15,144.974791,0,15,75,0,0,0,38
8860,Zr30Ta15Ti38V15Mo30,134.304134,30,0,15,38,15,0,30
11727,Ta38Nb15Mo15W60,244.818555,15,15,38,0,0,60,0
4691,Ta15V75Mo15W23,210.684119,15,0,15,0,75,23,0
8995,Zr30Ta15Ti45V15W23,130.58404,0,0,15,45,15,23,30
9271,Zr15Ta30V38Mo15W30,192.881793,15,0,30,0,38,30,15
4790,Zr30Ti23Nb60V15,125.899393,0,60,0,23,15,0,30
1478,Zr45Ta15Ti15Nb30V23,119.905495,0,30,15,15,23,0,45
5929,Ti15Nb15V15Mo23W60,234.129776,23,15,0,15,15,60,0
3125,Ta23Nb15V15W75,245.366118,0,15,23,0,15,75,0
11880,Ta15Ti15Nb38V30W30,190.43759,0,38,15,15,30,30,0
8438,Zr15Ta23Nb45V30W15,169.090406,0,45,23,0,30,15,15
5327,Zr15Ti15Nb30Mo45W23,193.254268,45,30,0,15,0,23,15
6790,Zr68Ti30V15W15,102.411964,0,0,0,30,15,15,68
655,Ta30Nb30Mo45W23,229.587139,45,30,30,0,0,23,0
5571,Zr45Ti15Nb45W23,132.497304,0,45,0,15,0,23,45
7226,Zr15Ti23Nb30Mo60,175.397534,60,30,0,23,0,0,15
2102,Ta60Ti15Nb23Mo15W15,195.880275,15,23,60,15,0,15,0
5484,Zr30Ta15Ti45W38,142.212584,0,0,15,45,0,38,30
592,Zr53Nb30V45,116.076556,0,30,0,0,45,0,53
7014,Ti23Nb30V45W30,182.71467,0,30,0,23,45,30,0
3579,Zr30Ta30Nb23V15Mo30,159.05934,30,23,30,0,15,0,30
2592,Zr15Ta23Ti15Nb30V15W30,171.240439,0,30,23,15,15,30,15
3919,Zr15Ti15Nb45V38W15,154.614285,0,45,0,15,38,15,15
6665,Nb30V15Mo68W15,233.940733,68,30,0,0,15,15,0
1787,Ta45Nb30V30W23,200.000214,0,30,45,0,30,23,0
11171,Ta15Ti53Mo45W15,180.459533,45,0,15,53,0,15,0
4132,Ta83Nb15V15Mo15,198.069746,15,15,83,0,15,0,0
3686,Ta15Ti45Nb53V15,146.025479,0,53,15,45,15,0,0
10700,Ta15Nb38V45W30,201.602267,0,38,15,0,45,30,0
4338,Zr30Ta30Nb23Mo45,169.280869,45,23,30,0,0,0,30
10057,Zr15Ti23V45Mo15W30,171.394121,15,0,0,23,45,30,15
231,Zr53Ta15V15W45,149.870953,0,0,15,0,15,45,53
9043,Zr15Nb38Mo75,202.335013,75,38,0,0,0,0,15
5115,Zr53Ti15Nb45W15,120.648723,0,45,0,15,0,15,53
1672,Zr30Mo75W23,203.939265,75,0,0,0,0,23,30
7470,Zr45Ta30V23W30,148.472097,0,0,30,0,23,30,45
798,V60Mo45W23,229.569797,45,0,0,0,60,23,0
467,Zr45Ta30Ti30V23,113.349226,0,0,30,30,23,0,45
7828,Zr15Ta45Ti15V38Mo15,158.665951,15,0,45,15,38,0,15
1820,Zr68Ti15V15Mo15W15,113.128306,15,0,0,15,15,15,68
3921,Ta30Ti15Nb15V38Mo30,187.450268,30,15,30,15,38,0,0
1827,Ta15Ti15Nb15V15Mo23W45,222.325808,23,15,15,15,15,45,0
11414,Ta15Ti38Nb15Mo45W15,190.770175,45,15,15,38,0,15,0
11626,Zr15Ti53V30W30,142.14452,0,0,0,53,30,30,15
2467,Ta15Ti23Nb60V15Mo15,168.18057,15,60,15,23,15,0,0
4764,Ta15Nb23V30Mo60,214.410882,60,23,15,0,30,0,0
9612,Zr30Ta15Ti30V23Mo30,137.666681,30,0,15,30,23,0,30
8506,Ta15Ti15Nb15W83,240.9819,0,15,15,15,0,83,0
11070,Ta23Nb45V45Mo15,185.72556,15,45,23,0,45,0,0
330,Zr53W75,172.796083,0,0,0,0,0,75,53
3787,Zr15Nb45V38W30,177.678826,0,45,0,0,38,30,15
10156,Ta15Ti15Nb15V15Mo45W23,215.56901,45,15,15,15,15,23,0
11242,V38Mo45W45,252.504368,45,0,0,0,38,45,0
8196,Ta23Mo60W45,266.641608,60,0,23,0,0,45,0
2655,Zr30Ti15Nb68V15,129.254684,0,68,0,15,15,0,30
8539,Zr15Ta38Ti15Mo45W15,191.263738,45,0,38,15,0,15,15
102,Ta15Ti23V30Mo45W15,203.045353,45,0,15,23,30,15,0
10955,Ta83Ti15Mo30,197.110399,30,0,83,15,0,0,0
2231,Zr45Ta38Ti15W30,142.528987,0,0,38,15,0,30,45
5470,Zr30Ti45Mo15W38,148.194443,15,0,0,45,0,38,30
5226,Zr30Ti30W68,172.771454,0,0,0,30,0,68,30
7115,Zr15Ta15Ti23Nb75,143.355112,0,75,15,23,0,0,15
8350,Ta15Ti53Nb15W45,177.522143,0,15,15,53,0,45,0
5828,Ta75Ti23Mo15W15,194.060575,15,0,75,23,0,15,0
7929,Ta30Ti30Nb15Mo53,190.794878,53,15,30,30,0,0,0
8961,Zr30Ti45V23Mo15W15,129.496296,15,0,0,45,23,15,30
2003,Ta83Nb30Mo15,198.142659,15,30,83,0,0,0,0
566,Zr15Ti23Nb15V45Mo15W15,157.522607,15,15,0,23,45,15,15
10390,Ta30Ti30V23Mo30W15,189.335502,30,0,30,30,23,15,0
7571,Ta15Ti45Nb23V30W15,156.500516,0,23,15,45,30,15,0
5642,Zr15Ta68Ti30Nb15,148.084125,0,15,68,30,0,0,15
754,Zr38Nb30W60,177.495597,0,30,0,0,0,60,38
7327,Ta45Nb38V45,182.589207,0,38,45,0,45,0,0
901,Zr15Ta30Ti30Nb38Mo15,149.612365,15,38,30,30,0,0,15
11084,Zr45Ta45Mo15W23,156.879925,15,0,45,0,0,23,45
7743,Zr53Ta30Ti15Nb15W15,126.207178,0,15,30,15,0,15,53
9847,Nb30V75W23,195.436468,0,30,0,0,75,23,0
6691,Zr15Ta68V30W15,178.718011,0,0,68,0,30,15,15
1686,Ta75V23W30,214.523893,0,0,75,0,23,30,0
5014,Zr38Ti15Mo60W15,166.687535,60,0,0,15,0,15,38
3541,Ta15Nb60V23Mo30,194.452174,30,60,15,0,23,0,0
1343,Ta68Nb45Mo15,195.597985,15,45,68,0,0,0,0
8498,Ta15V15Mo15W83,276.31692,15,0,15,0,15,83,0
4067,Ta45V45Mo15W23,212.841903,15,0,45,0,45,23,0
1229,Ti15Nb30V30Mo38W15,199.621795,38,30,0,15,30,15,0
6354,Zr15Ti53Mo15W45,164.439524,15,0,0,53,0,45,15
1727,Zr23Ti15Nb75V15,135.730282,0,75,0,15,15,0,23
4569,Ti15V75W38,201.113981,0,0,0,15,75,38,0
2390,Zr23Nb60V15W30,166.948266,0,60,0,0,15,30,23
10901,Zr53Ti15Nb30W30,131.293215,0,30,0,15,0,30,53
1626,Ti60V38W30,155.61916,0,0,0,60,38,30,0
6058,Ti45V30Mo15W38,184.00733,15,0,0,45,30,38,0
9276,Zr15Ta30Nb15V38W30,183.408825,0,15,30,0,38,30,15
8136,Ta30Ti30V15Mo23W30,198.451538,23,0,30,30,15,30,0
12003,Zr15Ta53Ti15Mo30W15,185.141959,30,0,53,15,0,15,15
3926,Zr38Ta30Nb15Mo30W15,164.958648,30,15,30,0,0,15,38
5629,Zr15Nb68Mo15W30,189.34024,15,68,0,0,0,30,15
11619,Zr15Ti30Nb53V30,135.525327,0,53,0,30,30,0,15
6730,Zr45Nb23Mo15W45,166.681338,15,23,0,0,0,45,45
5689,Ta15V45Mo30W38,234.086366,30,0,15,0,45,38,0
3626,Zr23Ta15Ti30Nb15Mo30W15,159.759346,30,15,15,30,0,15,23
955,Zr23Ti30V15Mo30W30,169.043206,30,0,0,30,15,30,23
10754,Nb60V38Mo15W15,195.702258,15,60,0,0,38,15,0
9010,Zr38Ta15V15Mo30W30,172.230675,30,0,15,0,15,30,38
3070,Ti53V45W30,161.096549,0,0,0,53,45,30,0
559,Zr15Ta45Ti23W45,185.476792,0,0,45,23,0,45,15
7318,Ta45Mo38W45,249.211547,38,0,45,0,0,45,0
4255,Zr23Ti45Nb15V15W30,141.740726,0,15,0,45,15,30,23
1619,Zr30Nb60W38,168.976671,0,60,0,0,0,38,30
1873,Zr30Ta15Nb30V53,136.861195,0,30,15,0,53,0,30
3414,Zr30Ta15Ti15Nb15Mo23W30,167.775296,23,15,15,15,0,30,30
1414,Zr75Ta38Mo15,115.192269,15,0,38,0,0,0,75
11827,Zr68Ta15Nb45,110.763356,0,45,15,0,0,0,68
4159,Zr15Ti15Nb15W83,220.266003,0,15,0,15,0,83,15
291,Ta45Nb30V23W30,205.976415,0,30,45,0,23,30,0
11787,Zr30Ta45Ti53,118.881378,0,0,45,53,0,0,30
3328,Ta53Nb60Mo15,193.037781,15,60,53,0,0,0,0
10467,Ta23Nb30V15W60,234.751069,0,30,23,0,15,60,0
10169,Zr15Ta15Ti23Nb15V15W45,178.68656,0,15,15,23,15,45,15
7942,Ta15V30Mo53W30,242.368055,53,0,15,0,30,30,0
1289,Zr98Nb15W15,99.038096,0,15,0,0,0,15,98
6192,Zr15Ta60Nb38Mo15,176.666592,15,38,60,0,0,0,15
57,Ta45Ti15Nb53W15,184.592705,0,53,45,15,0,15,0
11125,Ta45Ti15Nb45W23,190.982226,0,45,45,15,0,23,0
5817,Ta23Ti15Nb75Mo15,175.971217,15,75,23,15,0,0,0
3718,Ti105W23,123.781923,0,0,0,105,0,23,0
5387,Zr30Ta15Ti53Mo15W15,129.449249,15,0,15,53,0,15,30
5219,Ta30Ti68W30,156.242271,0,0,30,68,0,30,0
8599,Zr45Nb38V15Mo15W15,140.841672,15,38,0,0,15,15,45
6468,Ti90Nb23W15,128.573378,0,23,0,90,0,15,0
8734,Zr15Ta15Nb30V15Mo53,190.333106,53,30,15,0,15,0,15
4931,V15Mo83W30,265.160374,83,0,0,0,15,30,0
7916,Zr15Ta45Ti45Nb23,135.299525,0,23,45,45,0,0,15
9679,Ta15Nb53V15Mo45,206.417949,45,53,15,0,15,0,0
7888,Ta15Ti15Nb60V23W15,177.091875,0,60,15,15,23,15,0
9044,Ta38Ti15Mo75,217.796836,75,0,38,15,0,0,0
9222,Zr23Ta15Ti45Nb15V15W15,130.927195,0,15,15,45,15,15,23
11887,Ta15Nb68V30Mo15,183.421989,15,68,15,0,30,0,0
1171,Zr38Mo90,185.254666,90,0,0,0,0,0,38
6631,Zr23Ta75Ti15Nb15,150.412144,0,15,75,15,0,0,23
8162,Ta15Ti30Nb15V45W23,173.666449,0,15,15,30,45,23,0
9282,Ta30Nb30V38Mo15W15,200.518882,15,30,30,0,38,15,0
2800,Zr53Ta15Ti30Nb15Mo15,113.741399,15,15,15,30,0,0,53
2458,Ti45Nb30V38W15,153.86175,0,30,0,45,38,15,0
9420,Zr53Ta60V15,127.59714,0,0,60,0,15,0,53
7788,Zr38Ta15Ti30V30W15,126.842591,0,0,15,30,30,15,38
5717,Zr15Ta15Ti30Nb15V30W23,155.554199,0,15,15,30,30,23,15
11873,Zr30Ti15Nb15Mo38W30,174.117394,38,15,0,15,0,30,30
11289,Ti98V15Mo15,121.611043,15,0,0,98,15,0,0
10566,Ta45Nb68V15,182.916595,0,68,45,0,15,0,0
10231,Zr15Mo113,225.780877,113,0,0,0,0,0,15
3242,Zr15Ta15Nb23Mo45W30,211.947557,45,23,15,0,0,30,15
9878,Zr45Ta60Nb23,135.886427,0,23,60,0,0,0,45
6830,Zr15Ti23Nb15V30Mo15W30,172.294897,15,15,0,23,30,30,15
3972,Ta45Nb30V15W38,213.379218,0,30,45,0,15,38,0
6864,Ta45Ti23V15Mo30W15,196.402545,30,0,45,23,15,15,0
11328,Ta60W68,244.75727,0,0,60,0,0,68,0
4991,Zr68Ta30W30,129.913933,0,0,30,0,0,30,68
3619,Zr30Ta38Ti30Nb15V15,128.854269,0,15,38,30,15,0,30
8304,Ta30Nb15V15Mo38W30,232.462325,38,15,30,0,15,30,0
4965,Zr68Nb30Mo30,121.526235,30,30,0,0,0,0,68
2854,Zr75Ta38Ti15,103.640333,0,0,38,15,0,0,75
9480,Ti45Nb23V15W45,180.487795,0,23,0,45,15,45,0
3986,Zr15Ta15Ti30Nb23Mo30W15,167.652151,30,23,15,30,0,15,15
11926,Ta30Ti45Mo53,180.439464,53,0,30,45,0,0,0
2169,Zr30Ta15Ti15Mo45W23,175.864131,45,0,15,15,0,23,30
8205,Ta23Nb60V45,177.175524,0,60,23,0,45,0,0
2955,Zr38Nb30V30W30,148.487274,0,30,0,0,30,30,38
8794,Zr75Ta30Mo23,118.512875,23,0,30,0,0,0,75
8037,Zr38Ta15Ti30V45,114.986281,0,0,15,30,45,0,38
2291,Zr38Ta15Ti60Nb15,107.021677,0,15,15,60,0,0,38
5728,Ti68Mo15W45,175.204567,15,0,0,68,0,45,0
5843,Ti75Nb15V23W15,135.668285,0,15,0,75,23,15,0
11229,Zr30Ti15V30W53,168.542115,0,0,0,15,30,53,30
4166,Ta15Ti15Nb83Mo15,173.599817,15,83,15,15,0,0,0
1887,Zr45Ta30Nb38Mo15,138.316329,15,38,30,0,0,0,45
10458,Zr60Ta23V15Mo30,131.475367,30,0,23,0,15,0,60
854,Zr15Ta38Ti15Mo30W30,195.122455,30,0,38,15,0,30,15
5942,Zr60Ti15Nb23V15W15,113.875863,0,23,0,15,15,15,60
10559,Ti45V15Mo68,185.463281,68,0,0,45,15,0,0
4890,Zr15Ti38V15W60,179.278896,0,0,0,38,15,60,15
8552,Zr45Ta15Nb23V15Mo30,140.258487,30,23,15,0,15,0,45
8661,Ta23Ti15Nb30V30W30,192.673581,0,30,23,15,30,30,0
68,Zr15Ta53Ti45W15,146.621426,0,0,53,45,0,15,15
10800,Zr30Ta23Nb15V45W15,149.039002,0,15,23,0,45,15,30
1084,Ti83V30Mo15,128.635052,15,0,0,83,30,0,0
169,Ta15Ti30Nb30V23Mo15W15,176.331473,15,30,15,30,23,15,0
1388,Ta53Nb15V30Mo15W15,204.557651,15,15,53,0,30,15,0
9581,Ta15Ti15Nb30Mo23W45,221.33671,23,30,15,15,0,45,0
3289,Ti60V30W38,163.130078,0,0,0,60,30,38,0
7717,Zr30Ta53Ti15Mo15W15,158.944564,15,0,53,15,0,15,30
8695,Ta38Ti15Nb15V15Mo15W30,205.356263,15,15,38,15,15,30,0
1515,Ta30Ti38Mo15W45,202.453684,15,0,30,38,0,45,0
1986,Zr30Ta23Nb15V45Mo15,146.185856,15,15,23,0,45,0,30
6159,Ti23Nb15Mo30W60,232.451589,30,15,0,23,0,60,0
5989,Zr30Ta15Nb30Mo53,172.135326,53,30,15,0,0,0,30
8760,Zr23Nb45V15Mo30W15,174.806878,30,45,0,0,15,15,23
9474,Ta45Ti15Nb23V45,170.676273,0,23,45,15,45,0,0
2068,Zr30Ta68W30,174.80698,0,0,68,0,0,30,30
7728,Zr53Ta15Ti15Nb30Mo15,121.248517,15,30,15,15,0,0,53
6991,Zr30Ta45Nb23Mo30,164.390315,30,23,45,0,0,0,30
3388,Zr23Ti15Mo30W60,208.083289,30,0,0,15,0,60,23
9646,Zr53Ta30Nb30V15,122.277076,0,30,30,0,15,0,53
6403,Ta30Ti30Mo23W45,213.0114,23,0,30,30,0,45,0
11686,Zr15Ta15Nb60V38,155.252479,0,60,15,0,38,0,15
5888,Ta30Ti23Nb30V30W15,174.354839,0,30,30,23,30,15,0
7843,Ta15Ti83Mo30,138.843582,30,0,15,83,0,0,0
6890,Zr38Ti15Nb30Mo30W15,148.13003,30,30,0,15,0,15,38
7275,Zr15Ta15Ti23V15W60,192.95833,0,0,15,23,15,60,15
1176,Zr38Nb90,131.347169,0,90,0,0,0,0,38
3077,Zr30Ta15Nb15V15Mo38W15,173.049374,38,15,15,0,15,15,30
7281,Zr23Ta30Ti15V15Mo15W30,173.172522,15,0,30,15,15,30,23
3245,Zr15Ti15Nb23Mo45W30,197.789808,45,23,0,15,0,30,15
8833,Zr60Mo68,146.7419,68,0,0,0,0,0,60
2397,Ta30Ti30Nb30Mo38,181.088393,38,30,30,30,0,0,0
10652,Zr15Ta15Ti23Nb15W60,193.28468,0,15,15,23,0,60,15
6161,Nb15V23Mo30W60,254.603744,30,15,0,0,23,60,0
1344,Ti68Nb45Mo15,137.087977,15,45,0,68,0,0,0
2999,Zr15Ta15Ti30Nb15W53,181.616239,0,15,15,30,0,53,15
1720,Ta15Ti15Nb75V23,165.357742,0,75,15,15,23,0,0
11780,Ti53Nb45W30,159.420187,0,45,0,53,0,30,0
10838,Ta30Ti15Nb53V15Mo15,176.946978,15,53,30,15,15,0,0
4636,Zr75Ti15Nb23W15,106.385974,0,23,0,15,0,15,75
9915,Ta83W45,231.325394,0,0,83,0,0,45,0
10460,Ti23V15Mo30W60,232.973124,30,0,0,23,15,60,0
6737,Ti23V45Mo15W45,210.971075,15,0,0,23,45,45,0
4060,Zr23Ti45Nb45Mo15,127.952605,15,45,0,45,0,0,23
1182,Ti90W38,143.018614,0,0,0,90,0,38,0
4252,Zr23Ta45Ti15Nb15V30,142.783352,0,15,45,15,30,0,23
296,Zr30Ti45Nb30W23,129.271375,0,30,0,45,0,23,30
9129,Zr15Ta15V30Mo23W45,212.913069,23,0,15,0,30,45,15
3413,Zr30Ta15Ti15Nb15V30Mo23,140.308265,23,15,15,15,30,0,30
898,Zr60Ti15V23W30,122.80659,0,0,0,15,23,30,60
5710,Zr38Ti30V15W45,145.298715,0,0,0,30,15,45,38
5380,Zr30Ta53Nb15Mo15W15,169.815597,15,15,53,0,0,15,30
262,Zr30Nb15V38W45,171.035871,0,15,0,0,38,45,30
2707,Zr53Nb30V30Mo15,120.620829,15,30,0,0,30,0,53
2601,Zr23Nb15V45Mo45,169.374148,45,15,0,0,45,0,23
9813,Ta38Nb30V15W45,220.048863,0,30,38,0,15,45,0
3727,Ti68Nb15V30Mo15,136.61782,15,15,0,68,30,0,0
1242,Zr15Ti30Nb38V15W30,158.308057,0,38,0,30,15,30,15
10330,Zr23Ti30Nb60V15,128.203931,0,60,0,30,15,0,23
2433,Ta38Nb45V15Mo30,199.019454,30,45,38,0,15,0,0
7141,Zr30Ta30V15Mo30W23,179.274201,30,0,30,0,15,23,30
5424,Ta15V90W23,202.055871,0,0,15,0,90,23,0
7387,Ti15Nb68V15Mo15W15,184.132295,15,68,0,15,15,15,0
5616,Zr15Ta15Nb15V23Mo45W15,197.783553,45,15,15,0,23,15,15
10102,Zr23Ta15Ti30Nb45V15,131.361586,0,45,15,30,15,0,23
11818,Ti15V68Mo45,195.838,45,0,0,15,68,0,0
3171,Zr15Ti30V60W23,151.291158,0,0,0,30,60,23,15
11024,Ta53Ti75,133.432182,0,0,53,75,0,0,0
532,Ti45Nb23Mo45W15,182.687214,45,23,0,45,0,15,0
8935,Zr15Nb30V45Mo15W23,180.258342,15,30,0,0,45,23,15
6067,Zr38Ta45Nb15W30,162.82081,0,15,45,0,0,30,38
11216,Ta30Ti53Nb15W30,165.736587,0,15,30,53,0,30,0
3343,Ta60Ti53Nb15,147.860504,0,15,60,53,0,0,0
4730,Zr75Ta23Nb15Mo15,113.409218,15,15,23,0,0,0,75
4502,Zr15Ta15Ti38V15W45,168.829362,0,0,15,38,15,45,15
390,Zr15Ta15Nb45V15Mo23W15,181.73567,23,45,15,0,15,15,15
11672,Ta15Ti38V15Mo60,187.412294,60,0,15,38,15,0,0
6255,Zr15Ta30Ti15V68,148.42323,0,0,30,15,68,0,15
8109,Zr15Ti23Mo30W60,212.189167,30,0,0,23,0,60,15
4354,Zr30V23Mo45W30,189.812838,45,0,0,0,23,30,30
364,Zr45Ta38V30W15,139.415912,0,0,38,0,30,15,45
5286,Zr15Ta15Ti38Nb15Mo30W15,162.774787,30,15,15,38,0,15,15
3515,Ti15Mo23W90,273.827623,23,0,0,15,0,90,0
7373,Zr23Ta60Ti45,128.816218,0,0,60,45,0,0,23
4192,Ti83Nb15V15W15,131.024481,0,15,0,83,15,15,0
1070,Ta60Ti38V15W15,169.001456,0,0,60,38,15,15,0
156,Zr15Ta30Ti38Nb45,137.715449,0,45,30,38,0,0,15
6093,Zr60Nb15Mo23W30,144.557299,23,15,0,0,0,30,60
7989,Zr15Ta38Nb15V30Mo30,177.970278,30,15,38,0,30,0,15
5272,Ta53Nb30V15W30,207.84266,0,30,53,0,15,30,0
8767,Zr23Ta45Ti15Nb30V15,143.042546,0,30,45,15,15,0,23
8793,Ta30Mo23W75,274.766073,23,0,30,0,0,75,0
10906,Zr53Ta30V15W30,142.119073,0,0,30,0,15,30,53
2639,Ta15Ti15Mo68W30,238.380305,68,0,15,15,0,30,0
3981,Zr38Ta30Ti45W15,122.07493,0,0,30,45,0,15,38
3975,Ti45Nb30V15W38,173.064113,0,30,0,45,15,38,0
5423,Zr23Ta15Ti90,103.569223,0,0,15,90,0,0,23
9487,Zr45Ta23V45W15,130.638201,0,0,23,0,45,15,45
6897,Ta30Ti15Nb30V15W38,200.253744,0,30,30,15,15,38,0
7525,Zr60Ta15Ti23V15Mo15,111.037457,15,0,15,23,15,0,60
8555,Zr45Ti15Nb23V15Mo30,131.279735,30,23,0,15,15,0,45
2265,Zr15Ta23Nb30V15Mo30W15,188.982012,30,30,23,0,15,15,15
11440,Zr15Ta60Nb15Mo23W15,192.611296,23,15,60,0,0,15,15
11820,Zr68Ti15Mo45,119.981072,45,0,0,15,0,0,68
9473,Zr45V45Mo23W15,141.736249,23,0,0,0,45,15,45
3149,Zr15Ta60Ti23Mo30,167.112062,30,0,60,23,0,0,15
738,Zr38Ta60Mo30,159.703308,30,0,60,0,0,0,38
3185,Zr23Ta15V15Mo60W15,198.322244,60,0,15,0,15,15,23
9641,Zr53V30Mo30W15,134.619649,30,0,0,0,30,15,53
2057,Ti30Nb68V30,152.028613,0,68,0,30,30,0,0
5844,Zr15Ti75Nb15V23,112.371698,0,15,0,75,23,0,15
4398,Ta38V30W60,236.814872,0,0,38,0,30,60,0
952,Zr23Ta30Ti15V30Mo30,156.351531,30,0,30,15,30,0,23
2853,Ta38Ti15W75,237.709926,0,0,38,15,0,75,0
5078,Zr15Ta15Ti30Mo45W23,183.899721,45,0,15,30,0,23,15
4996,Ta15Ti38Nb15Mo60,185.532049,60,15,15,38,0,0,0
11478,Zr15Ta45Ti30Nb38,144.269348,0,38,45,30,0,0,15
6609,Ta15Ti23Nb75Mo15,168.247933,15,75,15,23,0,0,0
4962,Ti68Nb30Mo30,145.496647,30,30,0,68,0,0,0
1880,Zr30Ta30Ti15V53,130.059025,0,0,30,15,53,0,30
10308,Ti15Nb30Mo60W23,221.815813,60,30,0,15,0,23,0
7179,Nb23V75W30,202.483539,0,23,0,0,75,30,0
8131,Zr30Ta30Nb30Mo23W15,168.802928,23,30,30,0,0,15,30
6299,Zr45Ti68W15,104.769151,0,0,0,68,0,15,45
10592,Ti38Nb15V15Mo15W45,195.908701,15,15,0,38,15,45,0
10798,Zr30Ta23Ti45Nb15V15,118.197378,0,15,23,45,15,0,30
7945,Ti15V30Mo53W30,226.913854,53,0,0,15,30,30,0
9225,Nb23V75Mo30,195.583273,30,23,0,0,75,0,0
700,Zr15Ta23Ti15Mo60W15,199.308729,60,0,23,15,0,15,15
4708,Ta15Ti15V75W23,189.323217,0,0,15,15,75,23,0
8303,Zr30Ta30Ti15Nb15Mo38,155.105165,38,15,30,15,0,0,30
5040,Zr15Nb68Mo30W15,186.084456,30,68,0,0,0,15,15
3182,Ta15Ti15V15Mo60W23,228.091874,60,0,15,15,15,23,0
7710,Zr30Ta15Nb53Mo15W15,159.987847,15,53,15,0,0,15,30
2262,Ta23Ti15Nb30V15Mo30W15,198.681812,30,30,23,15,15,15,0
11921,Ta45Nb30Mo53,214.341139,53,30,45,0,0,0,0
6996,Zr30Nb23V45Mo30,150.915166,30,23,0,0,45,0,30
853,Zr15Ta38Ti15V30Mo30,167.270748,30,0,38,15,30,0,15
3273,Ta30Ti38Nb60,153.456571,0,60,30,38,0,0,0
2606,Ta15V45Mo45W23,229.604844,45,0,15,0,45,23,0
1981,Zr15Ta15Ti15V38W45,183.495717,0,0,15,15,38,45,15
7522,Zr60Ti23Nb15Mo15W15,119.044613,15,15,0,23,0,15,60
9923,Ta15Ti30Nb38Mo45,183.189578,45,38,15,30,0,0,0
5611,Zr30Ta38V45W15,152.418664,0,0,38,0,45,15,30
363,Zr45Ta38Ti30W15,126.821925,0,0,38,30,0,15,45
1048,Zr15Nb38V15Mo60,193.477225,60,38,0,0,15,0,15
6252,Zr15Ti15Nb30W68,203.390121,0,30,0,15,0,68,15
4056,Ta45Nb45Mo15W23,209.569757,15,45,45,0,0,23,0
2738,Zr15Ti23Nb15V15Mo30W30,181.823603,30,15,0,23,15,30,15
8666,Zr30Ta30Ti23V15W30,149.049568,0,0,30,23,15,30,30
10105,Zr23Ti15Nb45V30W15,145.857668,0,45,0,15,30,15,23
1077,Nb83V30Mo15,179.240599,15,83,0,0,30,0,0
11211,Ti30V53Mo15W30,190.310418,15,0,0,30,53,30,0
92,Ta23Ti30Nb15V15Mo45,183.544144,45,15,23,30,15,0,0
3720,V105W23,202.261447,0,0,0,0,105,23,0
707,Zr15Ti23Nb60V15W15,150.601993,0,60,0,23,15,15,15
4897,Ti30Nb15V15Mo53W15,199.369336,53,15,0,30,15,15,0
10664,Zr30Ti45Nb15Mo23W15,134.794613,23,15,0,45,0,15,30
7146,Zr30Ta30Nb30V15W23,160.157376,0,30,30,0,15,23,30
8932,Ti45Nb30V23Mo15W15,163.963876,15,30,0,45,23,15,0
4505,Ta30Nb15Mo68W15,238.972313,68,15,30,0,0,15,0
4195,Zr15Nb15V83W15,163.808944,0,15,0,0,83,15,15
3425,Ti68Nb30V15Mo15,136.29105,15,30,0,68,15,0,0
4432,Zr60Ta53Ti15,115.731818,0,0,53,15,0,0,60
6398,Zr45Ti30Nb30Mo23,121.478453,23,30,0,30,0,0,45
6533,Ta15Ti15Nb15V38W45,206.109897,0,15,15,15,38,45,0
11447,Zr15Ta15Ti60Mo23W15,144.728524,23,0,15,60,0,15,15
6701,Ta15Ti30Nb53Mo15W15,177.188078,15,53,15,30,0,15,0
999,Zr30Nb30V38W30,157.721644,0,30,0,0,38,30,30
9017,Zr38Ta30Ti15V15W30,147.1356,0,0,30,15,15,30,38
11023,Zr75Nb53,104.476049,0,53,0,0,0,0,75
5184,Zr30Ta38Ti30V15W15,138.097363,0,0,38,30,15,15,30
4600,Zr30Ti60Nb15V23,109.047885,0,15,0,60,23,0,30
3617,Zr30Ti38V30Mo15W15,132.123384,15,0,0,38,30,15,30
10337,Zr23Ti60V30W15,121.689308,0,0,0,60,30,15,23
8202,Zr45V23Mo60,153.583105,60,0,0,0,23,0,45
1524,Ta30Ti38Nb15V45,151.97526,0,15,30,38,45,0,0
3041,Nb45V30Mo53,208.787125,53,45,0,0,30,0,0
1372,Zr68Ta15V45,106.813253,0,0,15,0,45,0,68
7844,Ta15V83Mo30,199.457898,30,0,15,0,83,0,0
10200,Zr15Ta23Ti30Nb30Mo15W15,159.857705,15,30,23,30,0,15,15
10032,Zr15Nb98W15,164.632351,0,98,0,0,0,15,15
5945,Zr45Ta15Ti15Nb23V15Mo15,125.620328,15,23,15,15,15,0,45
639,Zr30Ti15V15Mo30W38,176.28785,30,0,0,15,15,38,30
151,Zr15Ti30V38Mo45,161.00721,45,0,0,30,38,0,15
6157,Zr60Ta23Nb15Mo30,131.05957,30,15,23,0,0,0,60
5047,Ti68V15Mo30W15,157.284039,30,0,0,68,15,15,0
10456,Zr60Ta23Ti15Mo30,125.073694,30,0,23,15,0,0,60
10595,Zr45Nb15V38Mo15W15,139.140227,15,15,0,0,38,15,45
1083,Zr30Ta83Mo15,161.96706,15,0,83,0,0,0,30
7374,Ta60V45W23,205.244401,0,0,60,0,45,23,0
1874,Zr30Ta15Nb30W53,184.547312,0,30,15,0,0,53,30
10699,Zr30Ta15Ti45Nb38,118.435663,0,38,15,45,0,0,30
5179,Ta30Ti15Nb38V15W30,193.3892,0,38,30,15,15,30,0
7380,Zr23V60W45,181.151028,0,0,0,0,60,45,23
6365,Zr15Nb15V53W45,193.041953,0,15,0,0,53,45,15
2050,V30Mo68W30,250.408431,68,0,0,0,30,30,0
7085,Zr30Ta30V23Mo30W15,171.360341,30,0,30,0,23,15,30
8030,Zr38Ta30Nb15V45,132.591058,0,15,30,0,45,0,38
11584,Ta45Ti38Nb15V15W15,166.050313,0,15,45,38,15,15,0
9749,Zr15Ta45V68,158.260562,0,0,45,0,68,0,15
2434,Ta38Nb45Mo30W15,212.232277,30,45,38,0,0,15,0
11675,Ta15V38Mo60W15,232.824056,60,0,15,0,38,15,0
535,Zr15Nb23V45Mo45,180.693934,45,23,0,0,45,0,15
1140,Ta15Ti23V60W30,188.129629,0,0,15,23,60,30,0
7078,Ti23Nb30V15Mo30W30,201.412108,30,30,0,23,15,30,0
6094,Ta15Ti30V60Mo23,170.810014,23,0,15,30,60,0,0
5275,Ti53Nb30V15W30,159.545483,0,30,0,53,15,30,0
8758,Zr23Ti15Nb45V15Mo30,151.910363,30,45,0,15,15,0,23
2193,Ta15Ti23Nb45V15W30,185.30892,0,45,15,23,15,30,0
6863,Zr15Nb45V23Mo30W15,185.091292,30,45,0,0,23,15,15
7711,Ti15Nb53V15Mo15W30,197.614697,15,53,0,15,15,30,0
3719,Zr23Ti105,97.329923,0,0,0,105,0,0,23
2069,Ti68V30W30,150.650564,0,0,0,68,30,30,0
1288,Zr98Nb15V15,94.138317,0,15,0,0,15,0,98
2435,Zr15Ta38Nb45Mo30,180.059763,30,45,38,0,0,0,15
9475,Ta45Ti15Nb23W45,210.774892,0,23,45,15,0,45,0
4148,Zr15Ti15V83Mo15,151.890548,15,0,0,15,83,0,15
9481,Zr45Ti45Nb23V15,105.416178,0,23,0,45,15,0,45
2607,Zr23Ta15V45Mo45,171.02528,45,0,15,0,45,0,23
8553,Zr45Ta15Nb23Mo30W15,154.631709,30,23,15,0,0,15,45
7375,Zr23Ta60V45,153.155671,0,0,60,0,45,0,23
7729,Ta15Nb30V15Mo15W53,236.137592,15,30,15,0,15,53,0
1082,Ta83Mo15W30,226.279938,15,0,83,0,0,30,0
8759,Zr23Ti15Nb45Mo30W15,165.114154,30,45,0,15,0,15,23
2290,Ta15Ti60Nb15W38,166.034446,0,15,15,60,0,38,0
6059,Zr38Ti45V30Mo15,113.457337,15,0,0,45,30,0,38
3997,Zr30Ta38Ti15Nb15V15W15,145.813096,0,15,38,15,15,15,30
8934,Zr15Ti45Nb30Mo15W23,153.14018,15,30,0,45,0,23,15
11687,Zr15Ta15Nb60W38,189.307202,0,60,15,0,0,38,15
2937,Ta30Ti30Mo30W38,211.87235,30,0,30,30,0,38,0
8055,Zr15Ta45V53Mo15,170.009715,15,0,45,0,53,0,15
8543,Zr15Ta38Ti15Nb45V15,151.007021,0,45,38,15,15,0,15
5638,Zr15Ti68Mo15W30,144.040552,15,0,0,68,0,30,15
7821,Zr15Ta15Nb45V38Mo15,163.575377,15,45,15,0,38,0,15
7140,Zr30Ta30Ti15Mo30W23,170.400044,30,0,30,15,0,23,30
8127,Ta30Ti15Nb30Mo23W30,208.560435,23,30,30,15,0,30,0
6092,Zr60Nb15V30Mo23,119.58029,23,15,0,0,30,0,60
168,Zr15Ti45V30W38,155.696,0,0,0,45,30,38,15
1872,Ta15Nb30V53W30,202.601927,0,30,15,0,53,30,0
10298,Zr30Ta45Ti15Nb23V15,137.568262,0,23,45,15,15,0,30
9223,Ta75Nb23Mo30,204.249657,30,23,75,0,0,0,0
9491,Ta23Nb15Mo60W30,243.760931,60,15,23,0,0,30,0
9011,Zr38Ti15V15Mo30W30,159.717393,30,0,0,15,15,30,38
4158,Zr15Ti15Nb15V83,142.133202,0,15,0,15,83,0,15
3514,Ti15V90Mo23,183.034283,23,0,0,15,90,0,0
6891,Zr38Nb30V15Mo30W15,154.485618,30,30,0,0,15,15,38
3399,Zr23Nb30V15W60,196.074157,0,30,0,0,15,60,23
5425,Zr23Ta15V90,143.420819,0,0,15,0,90,0,23
2845,Zr75Ta15Nb38,106.875458,0,38,15,0,0,0,75
8108,Zr15Ti23V60Mo30,154.013628,30,0,0,23,60,0,15
1886,Ta30Nb38Mo15W45,230.501159,15,38,30,0,0,45,0
2600,Nb15V45Mo45W23,226.262772,45,15,0,0,45,23,0
4980,Ti30Nb30V68,151.360475,0,30,0,30,68,0,0
11217,Zr30Ta30Ti53Nb15,117.307608,0,15,30,53,0,0,30
10103,Zr23Ta15Ti30Nb45W15,141.956044,0,45,15,30,0,15,23
7739,Zr53Ta30V15Mo15W15,140.869174,15,0,30,0,15,15,53
6066,Zr38Ta45Nb15V30,137.077931,0,15,45,0,30,0,38
10896,Ta15Nb30V30W53,225.457293,0,30,15,0,30,53,0
157,Ta30Nb45V38W15,190.877855,0,45,30,0,38,15,0
5273,Zr30Ta53Nb30V15,145.853185,0,30,53,0,15,0,30
7372,Ta60Ti45W23,171.049747,0,0,60,45,0,23,0
11819,Ti15Mo45W68,265.632608,45,0,0,15,0,68,0
8603,Zr45Ta38V15Mo15W15,147.397447,15,0,38,0,15,15,45
1085,Ti83Mo15W30,151.159618,15,0,0,83,0,30,0
2432,Ta38Ti15Nb45Mo30,188.294627,30,45,38,15,0,0,0
2079,Ti15Nb15V53Mo15W30,200.824794,15,15,0,15,53,30,0
4167,Ta15Nb83V15Mo15,182.651845,15,83,15,0,15,0,0
7479,Zr23Ti15Nb30V45Mo15,142.661449,15,30,0,15,45,0,23
1627,Zr30Ti60V38,109.446022,0,0,0,60,38,0,30
8771,Zr23Ta30Ti45V15W15,133.556774,0,0,30,45,15,15,23
8137,Zr30Ta30Ti30V15Mo23,137.736127,23,0,30,30,15,0,30
8431,Zr15Ta23Ti30V15Mo45,165.166544,45,0,23,30,15,0,15
9647,Zr53Ta30Nb30W15,132.892027,0,30,30,0,0,15,53
1618,Zr30Nb60V38,136.152295,0,60,0,0,38,0,30
3170,Zr15Ta30V60W23,177.353698,0,0,30,0,60,23,15
5852,Ta30Ti30Nb30V15Mo23,171.065815,23,30,30,30,15,0,0
8795,Ti30V75Mo23,170.163003,23,0,0,30,75,0,0
11944,Zr45Nb53V30,123.29842,0,53,0,0,30,0,45
5920,Zr30Ta23Ti15V15Mo30W15,159.053826,30,0,23,15,15,15,30
6865,Zr15Ta45Ti23V15Mo30,164.77549,30,0,45,23,15,0,15
1298,Zr98Ti15W15,95.32023,0,0,0,15,0,15,98
9187,Zr30Ti30Nb30V38,120.462988,0,30,0,30,38,0,30
8267,Zr45Ti30Nb23Mo15W15,125.917824,15,23,0,30,0,15,45
10558,Zr15Ta45Mo68,205.071483,68,0,45,0,0,0,15
6799,Zr15Nb30V60Mo23,165.340785,23,30,0,0,60,0,15
11178,Zr15Ti15Mo45W53,221.063231,45,0,0,15,0,53,15
11228,Zr30Ta15V30W53,181.496412,0,0,15,0,30,53,30
3973,Zr38Ta45Nb30V15,137.665273,0,30,45,0,15,0,38
954,Zr23Ta30V15Mo30W30,194.448236,30,0,30,0,15,30,23
7953,Zr30Ta15Nb53V30,139.410723,0,53,15,0,30,0,30
11025,Ta53V75,185.857644,0,0,53,0,75,0,0
6630,Ta75Ti15Nb15W23,196.95835,0,15,75,15,0,23,0
9812,Zr45Ta38Ti15Nb30,125.310023,0,30,38,15,0,0,45
10900,Zr53Ti15Nb30V30,110.986587,0,30,0,15,30,0,53
4964,Nb30Mo30W68,258.919676,30,30,0,0,0,68,0
11238,Zr45Ta38Mo45,154.772826,45,0,38,0,0,0,45
8305,Zr30Ta30Nb15V15Mo38,163.14584,38,15,30,0,15,0,30
11826,Ta15Nb45W68,240.93364,0,45,15,0,0,68,0
3726,Zr30Ta68Nb15Mo15,159.219145,15,15,68,0,0,0,30
5617,Zr15Ti15Nb15V23Mo45W15,184.122795,45,15,0,15,23,15,15
365,Zr45Ti38V30W15,115.113462,0,0,0,38,30,15,45
1071,Zr15Ta60Ti38V15,140.712442,0,0,60,38,15,0,15
4355,Ta23Ti30Nb45V30,156.190719,0,45,23,30,30,0,0
1415,Ti38V75Mo15,157.9472,15,0,0,38,75,0,0
9678,Ta15Ti15Nb53Mo45,194.769375,45,53,15,15,0,0,0
10331,Zr23Ti30Nb60W15,139.585294,0,60,0,30,0,15,23
3184,Zr23Ta15Ti15Mo60W15,187.681172,60,0,15,15,0,15,23
4193,Zr15Ti83Nb15V15,110.1734,0,15,0,83,15,0,15
12002,Zr15Ta53Ti15V15Mo30,170.1139,30,0,53,15,15,0,15
10567,Ta45Nb68W15,194.877335,0,68,45,0,0,15,0
11441,Ti60Nb15V15Mo23W15,157.901905,23,15,0,60,15,15,0
6254,Ta30Ti15V68W15,182.231497,0,0,30,15,68,15,0
5287,Zr15Ta15Nb15V38Mo30W15,187.407517,30,15,15,0,38,15,15
4503,Ta30Ti15Nb15Mo68,211.209739,68,15,30,15,0,0,0
3342,Zr53Mo15W60,170.124772,15,0,0,0,0,60,53
701,Zr15Ta23V15Mo60W15,209.852427,60,0,23,0,15,15,15
7524,Ta15Ti23V15Mo15W60,225.568944,15,0,15,23,15,60,0
5041,Ta68Ti15V15Mo30,193.46924,30,0,68,15,15,0,0
6402,Ta30Ti30V45Mo23,171.442605,23,0,30,30,45,0,0
5889,Zr15Ta30Ti23Nb30V30,143.215715,0,30,30,23,30,0,15
11673,Ta15Ti38Mo60W15,201.387094,60,0,15,38,0,15,0
10593,Zr45Ti38Nb15V15Mo15,113.25098,15,15,0,38,15,0,45
7386,Zr15Ta15Nb68Mo15W15,178.34354,15,68,15,0,0,15,15
8598,Zr45Ti15Nb38Mo15W15,134.334777,15,38,0,15,0,15,45
533,Zr15Ti45Nb23Mo45,151.736263,45,23,0,45,0,0,15
2264,Zr15Ta23Ti15Nb30Mo30W15,179.895046,30,30,23,15,0,15,15
7716,Zr30Ta53Ti15V15Mo15,145.058444,15,0,53,15,15,0,30
10755,Zr15Nb60V38Mo15,160.109222,15,60,0,0,38,0,15
2056,Zr30Ta30Nb68,144.43046,0,68,30,0,0,0,30
6237,Ta15V68Mo30W15,213.027187,30,0,15,0,68,15,0
4752,Zr75Ta15Nb15W23,119.629373,0,15,15,0,0,23,75
10061,Zr15Ta23Nb15V45W30,180.462473,0,15,23,0,45,30,15
4801,Zr30Ta30Nb53Mo15,151.45665,15,53,30,0,0,0,30
6839,Ti15Nb45V23Mo30W15,194.555602,30,45,0,15,23,15,0
10405,Zr15Ti30Nb15V15Mo30W23,171.747625,30,15,0,30,15,23,15
1321,Ta15Ti23Nb30V45Mo15,168.722888,15,30,15,23,45,0,0
4731,Ti23Nb15V75Mo15,167.649941,15,15,0,23,75,0,0
11280,Ta15Nb98Mo15,181.894615,15,98,15,0,0,0,0
3577,Zr30Ta30Ti15Nb23Mo30,151.160364,30,23,30,15,0,0,30
9722,Nb68V15Mo45,203.589994,45,68,0,0,15,0,0
4237,Ta15Ti30Nb45Mo15W23,184.475924,15,45,15,30,0,23,0
10709,Zr30Ta38Ti15W45,171.027136,0,0,38,15,0,45,30
6752,Zr45Ta15Ti23V45,112.152292,0,0,15,23,45,0,45
9528,Zr15Ta38Nb30V15Mo30,178.80173,30,30,38,0,15,0,15
6461,Zr15V90Mo23,168.215012,23,0,0,0,90,0,15
10637,Zr15Ta23Ti60Nb15Mo15,130.515793,15,15,23,60,0,0,15
10352,Nb38V45Mo30W15,207.630495,30,38,0,0,45,15,0
9072,Zr15Ti75W38,137.57501,0,0,0,75,0,38,15
5674,Zr15Ti38Nb30V30W15,141.296623,0,30,0,38,30,15,15
4907,Zr15Ta15Ti30Nb53V15,138.69128,0,53,15,30,15,0,15
5680,Ti45Nb15V38Mo30,160.198576,30,15,0,45,38,0,0
2035,Zr83Ti15V30,94.594656,0,0,0,15,30,0,83
4560,Nb15V75W38,210.708193,0,15,0,0,75,38,0
391,Zr15Ti15Nb45V15Mo23W15,167.351162,23,45,0,15,15,15,15
10963,Zr15V83Mo30,172.11447,30,0,0,0,83,0,15
7781,Zr38Ta30V30Mo15W15,152.100069,15,0,30,0,30,15,38
7680,Zr30Ta45Ti30V23,128.456005,0,0,45,30,23,0,30
7311,Ta45Nb45Mo38,205.911855,38,45,45,0,0,0,0
8957,Ta45Ti23V15Mo15W30,201.783041,15,0,45,23,15,30,0
1476,Zr45Ti15V15Mo30W23,145.48096,30,0,0,15,15,23,45
1449,Zr38Ti15Nb45Mo15W15,141.493804,15,45,0,15,0,15,38
3113,Ta23Ti15Mo15W75,245.67715,15,0,23,15,0,75,0
1220,Zr60Ti45V23,97.332834,0,0,0,45,23,0,60
3321,Zr68Ti15Nb15W30,118.700622,0,15,0,15,0,30,68
1577,Zr15Ta30Nb15V15Mo15W38,200.986781,15,15,30,0,15,38,15
11610,Zr15Ti30Mo53W30,192.843464,53,0,0,30,0,30,15
3012,Ti60V30Mo38,155.143741,38,0,0,60,30,0,0
697,Zr15Nb23V15Mo60W15,204.619926,60,23,0,0,15,15,15
3218,Zr15Ta68Nb15V15Mo15,175.610834,15,15,68,0,15,0,15
6594,Ti15Nb15V15Mo38W45,230.840703,38,15,0,15,15,45,0
11274,Zr15Ta30Ti23Nb15Mo30W15,174.693748,30,15,30,23,0,15,15
550,Ta23Nb45V45W15,189.656586,0,45,23,0,45,15,0
4309,Zr30Ta23Ti15V60,131.160105,0,0,23,15,60,0,30
796,Ti60Mo45W23,180.794245,45,0,0,60,0,23,0
6104,Ta15Ti30Nb23V60,154.580128,0,23,15,30,60,0,0
2451,Zr15V45Mo30W38,208.407045,30,0,0,0,45,38,15
6806,Zr15Ta30Mo23W60,230.195947,23,0,30,0,0,60,15
1113,Zr30Ta60Nb23Mo15,158.09888,15,23,60,0,0,0,30
7446,Zr45Nb23Mo30W30,163.42767,30,23,0,0,0,30,45
3745,Zr30Ta15Ti68Nb15,110.06353,0,15,15,68,0,0,30
10253,Zr45Ti38Nb15Mo30,120.428911,30,15,0,38,0,0,45
2207,Zr45Nb15V30Mo38,139.482819,38,15,0,0,30,0,45
6560,Zr23Ti15V45Mo15W30,166.214161,15,0,0,15,45,30,23
3220,Ti68Nb15V15Mo15W15,148.589274,15,15,0,68,15,15,0
1644,Zr30Ti15V23Mo30W30,168.426987,30,0,0,15,23,30,30
7775,Zr38Ti30Nb30V15Mo15,121.562719,15,30,0,30,15,0,38
762,Zr38Ti30V60,112.484332,0,0,0,30,60,0,38
3910,Ta15Ti38V15Mo45W15,190.665047,45,0,15,38,15,15,0
1243,Zr15Ta38Ti30V15W30,163.715553,0,0,38,30,15,30,15
4104,Ta30Ti15Nb15V38W30,195.108274,0,15,30,15,38,30,0
3816,Ta15Nb45V38W30,201.199698,0,45,15,0,38,30,0
3644,Zr60V38Mo30,119.079812,30,0,0,0,38,0,60
2796,Zr15Ti23Nb30V30W30,162.370021,0,30,0,23,30,30,15
8359,Ta15Ti15V53W45,207.974542,0,0,15,15,53,45,0
134,Ta38Ti15Nb30Mo45,198.281145,45,30,38,15,0,0,0
6558,Zr23Ta15Ti45Mo15W30,152.09627,15,0,15,45,0,30,23
1012,Nb60V15Mo38W15,211.526918,38,60,0,0,15,15,0
4461,Ta30Ti45Nb23W30,171.194153,0,23,30,45,0,30,0
6653,Zr23Ta15Ti15Nb15Mo15W45,184.378752,15,15,15,15,0,45,23
5781,Nb75V15Mo23W15,201.725874,23,75,0,0,15,15,0
1745,Ta15Nb38V15Mo30W30,221.870046,30,38,15,0,15,30,0
11381,Zr15Ta30Ti15Nb15W53,194.862934,0,15,30,15,0,53,15
10736,Zr38Nb75W15,142.28731,0,75,0,0,0,15,38
2134,V53Mo30W45,239.15286,30,0,0,0,53,45,0
9970,Zr45Ta53Ti15Mo15,132.97507,15,0,53,15,0,0,45
6005,Zr30V30Mo53W15,179.958297,53,0,0,0,30,15,30
7988,Ta38Nb15V30Mo30W15,212.391371,30,15,38,0,30,15,0
2697,Zr15Ti15V23W75,211.492482,0,0,0,15,23,75,15
5446,Ti23V105,158.671969,0,0,0,23,105,0,0
10504,Ta15Ti23V90,161.092968,0,0,15,23,90,0,0
9429,Ta15Nb23V15Mo15W60,242.008325,15,23,15,0,15,60,0
7123,Ta75Ti15V23W15,189.166898,0,0,75,15,23,15,0
9871,Zr45Ti60Mo23,110.55106,23,0,0,60,0,0,45
306,Zr15Ta30Nb15V15Mo38W15,195.760517,38,15,30,0,15,15,15
4005,Zr15Ti15Nb15V60Mo23,153.926275,23,15,0,15,60,0,15
11046,Zr15Ta15Ti15Mo83,197.845882,83,0,15,15,0,0,15
908,Zr15Nb38V30Mo15W30,187.855725,15,38,0,0,30,30,15
3476,Zr15Ta30Ti15V15W53,194.719243,0,0,30,15,15,53,15
9416,Ta60Ti15V53,173.859553,0,0,60,15,53,0,0
4839,Ti15Nb30V38Mo30W15,195.466866,30,30,0,15,38,15,0
3583,Zr30Ti30Nb23Mo30W15,147.359213,30,23,0,30,0,15,30
10160,Zr23Ti15Nb15V15Mo45W15,175.68773,45,15,0,15,15,15,23
6336,Ta45Ti15Nb53Mo15,181.451785,15,53,45,15,0,0,0
4938,Ti15Nb83V30,161.340676,0,83,0,15,30,0,0
7547,Zr60Ta15Ti15Mo15W23,129.963401,15,0,15,15,0,23,60
9510,Ta15Ti23Nb60W30,185.835364,0,60,15,23,0,30,0
4336,Ta30Nb23V30Mo45,207.378783,45,23,30,0,30,0,0
6938,Ta23Ti30Nb60V15,156.133023,0,60,23,30,15,0,0
4653,Ta30Ti45V15Mo38,170.645527,38,0,30,45,15,0,0
11422,Zr15Nb15V15Mo45W38,217.69026,45,15,0,0,15,38,15
9624,Ta15Nb30Mo30W53,247.4473,30,30,15,0,0,53,0
1482,Zr45Ta30Ti15V15W23,135.213681,0,0,30,15,15,23,45
3643,V38Mo30W60,258.692594,30,0,0,0,38,60,0
7826,Zr15Nb45V15Mo15W38,196.126257,15,45,0,0,15,38,15
4594,Ta60Ti23Nb15W30,194.08775,0,15,60,23,0,30,0
6331,Ta23Ti60V15W30,159.799925,0,0,23,60,15,30,0
10891,Zr53Ti15Mo30W30,146.711994,30,0,0,15,0,30,53
2809,Zr53Ta15Ti15V30Mo15,118.972036,15,0,15,15,30,0,53
2663,Ta75Ti15Nb23Mo15,186.53709,15,23,75,15,0,0,0
7228,Zr15Nb30V23Mo60,193.250337,60,30,0,0,23,0,15
2930,Ti30Nb30V38Mo30,170.086154,30,30,0,30,38,0,0
11386,Ta23Ti45Nb30Mo15W15,167.21451,15,30,23,45,0,15,0
10059,Zr15Ta23Ti45Nb15V30,129.771832,0,15,23,45,30,0,15
10194,Zr30Ta15Nb30V15Mo23W15,163.889325,23,30,15,0,15,15,30
1928,Nb45W83,253.111036,0,45,0,0,0,83,0
5022,Ti15Nb60V15W38,195.117719,0,60,0,15,15,38,0
9885,Ta23Ti60V45,137.696773,0,0,23,60,45,0,0
2791,Zr15Ti23V30Mo30W30,183.285777,30,0,0,23,30,30,15
6495,Zr15Ta53Ti30Mo30,162.068444,30,0,53,30,0,0,15
5210,Ta68Nb30W30,210.51253,0,30,68,0,0,30,0
4103,Zr30Ti30V15Mo15W38,155.16706,15,0,0,30,15,38,30
10193,Zr30Ta15Ti15Nb30Mo23W15,155.963843,23,30,15,15,0,15,30
9876,Ta60Nb23V45,185.795148,0,23,60,0,45,0,0
1829,Zr45Ta15Ti15Nb15Mo23W15,141.962412,23,15,15,15,0,15,45
3829,Ta15Ti15Nb15V23Mo15W45,216.638618,15,15,15,15,23,45,0
7786,Zr38Ta30Nb15V30W15,142.992052,0,15,30,0,30,15,38
4331,Zr15Ta15Nb30V23Mo30W15,187.590713,30,30,15,0,23,15,15
7687,Ta15Nb30V45Mo23W15,204.709534,23,30,15,0,45,15,0
9882,Nb23V60W45,216.529787,0,23,0,0,60,45,0
9086,Zr68Ta30Ti15Mo15,113.225953,15,0,30,15,0,0,68
9278,Zr15Ta15Ti30V38W30,159.742725,0,0,15,30,38,30,15
8392,Nb60V30Mo23W15,201.08221,23,60,0,0,30,15,0
200,Ta45Nb15Mo15W53,241.528091,15,15,45,0,0,53,0
5786,Zr15Ta75Ti15Mo23,171.480958,23,0,75,15,0,0,15
2133,Zr45Ti53Mo30,114.622723,30,0,0,53,0,0,45
7918,Zr15Ta45Nb23V45,160.299385,0,23,45,0,45,0,15
6755,Zr45Ti15V23W45,144.913229,0,0,0,15,23,45,45
3471,Ta15Ti15Nb30V53W15,178.075317,0,30,15,15,53,15,0
10402,Zr15Ta30Ti15Nb15V23Mo30,167.383757,30,15,30,15,23,0,15
301,Zr30Ta30V45W23,156.629709,0,0,30,0,45,23,30
1742,Ta15Ti15Nb38V30Mo30,183.935756,30,38,15,15,30,0,0
10066,Zr38Ta15Ti15Nb15Mo45,147.648115,45,15,15,15,0,0,38
5821,Ti23Nb75V15Mo15,165.409226,15,75,0,23,15,0,0
7772,Zr38Ta30Nb30V15Mo15,142.914706,15,30,30,0,15,0,38
3584,Zr30Nb23V30Mo30W15,164.002564,30,23,0,0,30,15,30
10399,Zr15Ti30Nb30V30W23,151.764221,0,30,0,30,30,23,15
7920,Ti45Nb23V45W15,153.562008,0,23,0,45,45,15,0
7578,Ta45Nb30V23Mo30,199.517677,30,30,45,0,23,0,0
5673,Zr15Ta38Nb30V30W15,171.230716,0,30,38,0,30,15,15
1570,Ti23V45W60,214.62948,0,0,0,23,45,60,0
10997,Zr23Ta15Nb15Mo30W45,206.578991,30,15,15,0,0,45,23
3015,V60Mo38W30,231.505019,38,0,0,0,60,30,0
1643,Zr30Ta15V23Mo30W30,180.950289,30,0,15,0,23,30,30
7124,Zr15Ta75Ti15V23,156.218124,0,0,75,15,23,0,15
11889,Zr30Ta15Nb68Mo15,149.711844,15,68,15,0,0,0,30
4654,Ta30Ti45Mo38W15,184.306268,38,0,30,45,0,15,0
10630,Zr23Ta15Ti60Nb15V15,115.550387,0,15,15,60,15,0,23
791,Ta60Ti23Mo45,195.909862,45,0,60,23,0,0,0
1811,Zr68Ta15Nb15Mo15W15,125.487217,15,15,15,0,0,15,68
765,Ta45Ti15Nb23V15Mo30,189.207318,30,23,45,15,15,0,0
690,Zr15Ta15Ti15Nb23Mo60,185.021858,60,23,15,15,0,0,15
8702,Ta23Ti30Nb45V15Mo15,164.38618,15,45,23,30,15,0,0
6002,Ti30V15Mo53W30,215.736701,53,0,0,30,15,30,0
8154,Zr23Ti30Nb15V45Mo15,132.608084,15,15,0,30,45,0,23
8099,Zr15Nb23V60Mo30,169.614684,30,23,0,0,60,0,15
5479,Zr30Ti45Nb15V38,113.697606,0,15,0,45,38,0,30
6593,Zr45Ta15Nb15Mo38W15,159.650608,38,15,15,0,0,15,45
2301,Zr38Ta15Ti15W60,169.482447,0,0,15,15,0,60,38
7673,Zr30Ta30Nb45V23,141.797942,0,45,30,0,23,0,30
6103,Zr60V15Mo23W30,141.392281,23,0,0,0,15,30,60
4593,Ta60Ti23Nb15V30,167.02373,0,15,60,23,30,0,0
7316,Ta45Ti45Mo38,173.676253,38,0,45,45,0,0,0
8409,Zr15Ta60Nb23V30,164.700582,0,23,60,0,30,0,15
6466,Zr15Ta90Nb23,172.863801,0,23,90,0,0,0,15
2836,Ti15V75Mo38,191.327395,38,0,0,15,75,0,0
10167,Zr15Ti23Nb15V15Mo15W45,186.099278,15,15,0,23,15,45,15
8950,Ta23Nb45V15Mo15W30,212.762896,15,45,23,0,15,30,0
339,Zr45Nb30V15Mo38,141.487814,38,30,0,0,15,0,45
6567,Ta60Ti23Nb15V15Mo15,176.629433,15,15,60,23,15,0,0
664,Ta30Ti30Mo45W23,207.526899,45,0,30,30,0,23,0
11988,Zr60Ta15Ti38W15,109.177185,0,0,15,38,0,15,60
4002,Zr15Ta15Nb15V60Mo23,167.036932,23,15,15,0,60,0,15
8530,Ta15Nb38V15Mo45W15,217.110215,45,38,15,0,15,15,0
3114,Zr75Ta23Ti15Mo15,108.092816,15,0,23,15,0,0,75
4230,Zr15Ta83V30,167.919668,0,0,83,0,30,0,15
5441,Zr105Nb23,91.600786,0,23,0,0,0,0,105
2690,Zr15Ti23Nb15V75,136.456834,0,15,0,23,75,0,15
8968,Ta15Ti23Nb45V15Mo15W15,181.957895,15,45,15,23,15,15,0
2238,Zr53Ta15Nb15V15Mo30,134.78738,30,15,15,0,15,0,53
11425,Zr15Ta15Ti15Mo45W38,209.796064,45,0,15,15,0,38,15
8366,Zr15Ta15Ti68Nb15Mo15,126.151475,15,15,15,68,0,0,15
133,Zr45Ta23Ti15V15W30,139.135673,0,0,23,15,15,30,45
11079,Ta45Ti23V45Mo15,174.695789,15,0,45,23,45,0,0
4466,Ti30Nb23V45W30,178.303418,0,23,0,30,45,30,0
937,Zr30Ti98,99.179837,0,0,0,98,0,0,30
1015,Ta60Ti15V15Mo38,197.506398,38,0,60,15,15,0,0
6492,Zr15Nb53Mo30W30,200.821352,30,53,0,0,0,30,15
2664,Ta75Nb23V15Mo15,196.487768,15,23,75,0,15,0,0
3928,Zr38Ti30Nb15V15Mo30,128.550245,30,15,0,30,15,0,38
9977,Zr45V53Mo15W15,137.796363,15,0,0,0,53,15,45
2456,Zr15Ta45Nb30V38,160.249485,0,30,45,0,38,0,15
6698,Zr23Ta15Ti15V15Mo30W30,180.609344,30,0,15,15,15,30,23
11617,Zr15Ta30Nb53W30,185.476549,0,53,30,0,0,30,15
4799,Ta30Nb53V30Mo15,187.222038,15,53,30,0,30,0,0
9983,Zr45Ta53Nb15W15,144.031683,0,15,53,0,0,15,45
3227,Zr15Ta15V68Mo15W15,176.924776,15,0,15,0,68,15,15
5316,Zr15Ta30Nb45V23W15,171.377667,0,45,30,0,23,15,15
3548,Zr23Nb60V15Mo30,160.885773,30,60,0,0,15,0,23
11716,Zr30Ti30Nb23V15W30,142.172044,0,23,0,30,15,30,30
6654,Zr23Ta15Nb15V15Mo15W45,194.158934,15,15,15,0,15,45,23
3326,Zr68Ta15V15W30,126.66214,0,0,15,0,15,30,68
3570,Ta30Ti60V15W23,155.408633,0,0,30,60,15,23,0
7441,Ti30Nb23V45Mo30,170.69262,30,23,0,30,45,0,0
11041,Nb15V15Mo83W15,240.372003,83,15,0,0,15,15,0
11524,Zr15Ti15Nb15V23Mo15W45,191.689333,15,15,0,15,23,45,15
11845,Ta30Ti30Nb30Mo15W23,186.442783,15,30,30,30,0,23,0
5217,Zr30Nb30W68,194.787258,0,30,0,0,0,68,30
6208,Zr15V38Mo15W60,220.336096,15,0,0,0,38,60,15
9240,Ta23Nb30W75,246.22335,0,30,23,0,0,75,0
5124,Zr45Ta30Ti15Nb15Mo23,134.480146,23,15,30,15,0,0,45
5918,Zr30Ta15Nb23V15Mo30W15,167.185037,30,23,15,0,15,15,30
8198,Ti23V45Mo60,197.684634,60,0,0,23,45,0,0
5772,Zr113V15,90.141114,0,0,0,0,15,0,113
7025,Zr15Ta45Ti23Nb15Mo30,164.189035,30,15,45,23,0,0,15
11981,Zr60Ta38Nb15W15,129.311747,0,15,38,0,0,15,60
9714,Zr30Ta23Ti30Nb15V15Mo15,131.755257,15,15,23,30,15,0,30
6936,Zr15Ti23Mo60W30,202.564951,60,0,0,23,0,30,15
1227,Zr15Ta15Nb30V30Mo38,178.117991,38,30,15,0,30,0,15
9526,Zr15Ta38Ti15Nb30Mo30,170.206047,30,30,38,15,0,0,15
1485,Zr45Ta23Ti15Nb15Mo30,137.111461,30,15,23,15,0,0,45
9142,Ta30Nb45V15Mo15W23,207.086211,15,45,30,0,15,23,0
7217,Zr15Ti15Nb15V30Mo30W23,181.279255,30,15,0,15,30,23,15
7540,Zr60Ta15Nb15Mo15W23,137.94457,15,15,15,0,0,23,60
1584,Zr15Ta38Nb30V15Mo15W15,182.333565,15,30,38,0,15,15,15
8632,Ta23Ti15Nb75W15,180.43104,0,75,23,15,0,15,0
2200,Ta30Nb15V45Mo38,203.396584,38,15,30,0,45,0,0
5540,Zr15Ti60V53,117.499553,0,0,0,60,53,0,15
4492,Ta38Ti15V45Mo15W15,192.991333,15,0,38,15,45,15,0
11372,Zr15Ti15Nb30Mo15W53,200.222467,15,30,0,15,0,53,15
4837,Zr15Ta15Nb30V38Mo30,173.29488,30,30,15,0,38,0,15
10731,Ti15Nb75V38,161.340436,0,75,0,15,38,0,0
2798,Ta15Ti30Nb15V53Mo15,162.815076,15,15,15,30,53,0,0
10853,Ta53Ti30Nb15V15W15,173.533949,0,15,53,30,15,15,0
456,Ta30Ti23Nb30V45,161.630524,0,30,30,23,45,0,0
8851,Zr30Ta38Ti15Nb15Mo30,153.458926,30,15,38,15,0,0,30
557,Ta45Ti23V45W15,178.678987,0,0,45,23,45,15,0
8508,Ta15Nb15V15W83,255.524968,0,15,15,0,15,83,0
5025,Zr38Nb60V15W15,140.057545,0,60,0,0,15,15,38
2765,Zr23Nb75W30,169.94492,0,75,0,0,0,30,23
4755,Zr75Ti15Nb15W23,110.954422,0,15,0,15,0,23,75
7819,Zr15Ta15Ti38Nb45Mo15,142.32382,15,45,15,38,0,0,15
10092,Ti30Nb15V15Mo45W23,201.35956,45,15,0,30,15,23,0
1471,Zr45Nb15V15Mo30W23,155.209139,30,15,0,0,15,23,45
10503,Zr90Nb15W23,108.319417,0,15,0,0,0,23,90
11140,Ta30Ti45Nb23Mo15W15,168.211963,15,23,30,45,0,15,0
3478,Ta23Ti45Nb15Mo30W15,176.296551,30,15,23,45,0,15,0
4567,Zr38Ta15V75,124.879181,0,0,15,0,75,0,38
5687,Ta15Ti45Mo30W38,197.144598,30,0,15,45,0,38,0
32,Zr30Ti15Nb15V15Mo30W23,162.164532,30,15,0,15,15,23,30
3485,Zr15Ti23Nb15Mo30W45,196.072594,30,15,0,23,0,45,15
2032,Zr83Ta15V30,99.049888,0,0,15,0,30,0,83
1921,Ti83Mo45,145.235718,45,0,0,83,0,0,0
11273,Zr15Ta30Ti23Nb15V15Mo30,161.041902,30,15,30,23,15,0,15
5819,Ta23Nb75Mo15W15,200.152553,15,75,23,0,0,15,0
1681,Zr30Nb75V23,136.352997,0,75,0,0,23,0,30
4206,Ta30Ti15Mo83,222.709813,83,0,30,15,0,0,0
6763,Nb15V15Mo30W68,264.026371,30,15,0,0,15,68,0
6696,Zr23Ta15Nb15V15Mo30W30,191.402113,30,15,15,0,15,30,23
4558,Ti75Nb15W38,153.852506,0,15,0,75,0,38,0
1546,Ta45Mo23W60,252.892844,23,0,45,0,0,60,0
6808,Zr15Ti30V60Mo23,146.973265,23,0,0,30,60,0,15
2652,Zr30Ta15Nb68V15,139.01842,0,68,15,0,15,0,30
4450,Ta30Ti45V30Mo23,160.266679,23,0,30,45,30,0,0
1211,Zr60Nb45V23,112.978008,0,45,0,0,23,0,60
5645,Zr15Ta68Nb15W30,193.388683,0,15,68,0,0,30,15
939,Zr30V98,134.008146,0,0,0,0,98,0,30
8966,Zr30Ti45Nb15V23W15,122.152196,0,15,0,45,23,15,30
9075,Ta15Nb30V68Mo15,186.030823,15,30,15,0,68,0,0
3447,Ti30Nb15V68W15,164.496724,0,15,0,30,68,15,0
6459,Zr15Ti90Mo23,116.470037,23,0,0,90,0,0,15
9081,Nb30V15Mo15W68,249.7226,15,30,0,0,15,68,0
8705,Ta23Nb45V30Mo15W15,199.141773,15,45,23,0,30,15,0
11842,Zr68Ti45W15,99.420404,0,0,0,45,0,15,68
753,Zr38Nb30V60,125.838262,0,30,0,0,60,0,38
11077,Zr45Nb45V23Mo15,128.632423,15,45,0,0,23,0,45
930,Zr30Nb98,138.499977,0,98,0,0,0,0,30
3319,Ti15Nb15V30W68,226.97869,0,15,0,15,30,68,0
6307,Zr30Ti15Nb60Mo23,142.415308,23,60,0,15,0,0,30
4034,Zr15Ta15Mo23W75,242.078835,23,0,15,0,0,75,15
10990,Zr15Ta30Ti15V15Mo15W38,191.3261,15,0,30,15,15,38,15
10151,Zr30Ta30Ti15Nb15Mo23W15,158.994319,23,15,30,15,0,15,30
7483,Zr23Ta30Ti15V45Mo15,147.316968,15,0,30,15,45,0,23
8395,Ta60Ti30V15Mo23,176.592355,23,0,60,30,15,0,0
568,Zr15Ta15Ti23Nb15V45W15,152.084955,0,15,15,23,45,15,15
7927,Zr15Ta23V45W45,196.806255,0,0,23,0,45,45,15
5826,Zr15Nb75Mo15W23,182.326352,15,75,0,0,0,23,15
1816,Ta15Ti15V15Mo15W68,238.431511,15,0,15,15,15,68,0
8361,Zr45Ta15Ti15W53,157.864364,0,0,15,15,0,53,45
3917,Zr15Ta15Ti38Nb45W15,143.291909,0,45,15,38,0,15,15
11287,Ta98Mo15W15,214.313091,15,0,98,0,0,15,0
8537,Ta38Ti15V15Mo45W15,212.069348,45,0,38,15,15,15,0
9247,Zr75Nb30W23,116.355099,0,30,0,0,0,23,75
9384,Zr60Ti15Nb38W15,116.163615,0,38,0,15,0,15,60
6801,Ta30Ti60V15Mo23,149.674328,23,0,30,60,15,0,0
3789,Zr15Ta45Ti38V30,138.531379,0,0,45,38,30,0,15
1688,Zr30Ta75W23,169.076366,0,0,75,0,0,23,30
5582,Ti15Nb45V30Mo38,185.676622,38,45,0,15,30,0,0
9411,Ti15Nb60W53,208.873361,0,60,0,15,0,53,0
6230,Zr15Ti68Nb15Mo30,130.927166,30,15,0,68,0,0,15
11628,Ta15Nb30V38Mo45,206.228427,45,30,15,0,38,0,0
8893,Zr60Nb15V53,110.711664,0,15,0,0,53,0,60
7329,Zr45Ta45Nb38,133.792673,0,38,45,0,0,0,45
5228,Ta15Ti15Nb60V15Mo23,178.529399,23,60,15,15,15,0,0
10964,Zr15Mo30W83,256.113577,30,0,0,0,0,83,15
3742,Zr30V15Mo15W68,206.709695,15,0,0,0,15,68,30
10262,Zr45Ta15Mo30W38,172.982218,30,0,15,0,0,38,45
7448,Ta23Ti30Mo30W45,217.601509,30,0,23,30,0,45,0
9519,Ta60Ti15V23W30,200.327409,0,0,60,15,23,30,0
5549,Zr45Ti23Nb15Mo45,135.930192,45,15,0,23,0,0,45
10158,Zr23Ta15Ti15Nb15Mo45W15,178.944961,45,15,15,15,0,15,23
5477,Zr30Ta45Nb15W38,177.957067,0,15,45,0,0,38,30
3211,Zr23Ta30Nb45V15W15,163.148253,0,45,30,0,15,15,23
9849,Zr23Nb30W75,212.544819,0,30,0,0,0,75,23
3675,Zr15Nb15Mo53W45,230.887992,53,15,0,0,0,45,15
8256,Zr30Ta23Ti45W30,137.592013,0,0,23,45,0,30,30
2469,Zr15Ta15Ti23Nb60Mo15,151.026238,15,60,15,23,0,0,15
1122,Zr30Ta23Ti60Mo15,119.633723,15,0,23,60,0,0,30
8064,Ta45Nb15V53W15,195.350322,0,15,45,0,53,15,0
1218,Zr60Ta45W23,136.01397,0,0,45,0,0,23,60
3023,Ti60Nb38W30,155.177799,0,38,0,60,0,30,0
4808,Ta53Ti30V30Mo15,170.686942,15,0,53,30,30,0,0
7576,Zr15Ta23Ti15V45W30,170.826178,0,0,23,15,45,30,15
11149,Ta23Ti30V45Mo15W15,179.246192,15,0,23,30,45,15,0
11413,Ta15Ti38Nb15V15Mo45,177.332199,45,15,15,38,15,0,0
11621,Zr15Nb53V30W30,176.398015,0,53,0,0,30,30,15
7112,Zr15V15Mo75W23,224.386815,75,0,0,0,15,23,15
4797,Zr30Ti60V23W15,115.20472,0,0,0,60,23,15,30
8153,Ti30Nb15V45Mo15W23,180.996105,15,15,0,30,45,23,0
2831,Zr75Nb15Mo38,118.617933,38,15,0,0,0,0,75
10355,Ta38Ti45V15Mo30,165.88903,30,0,38,45,15,0,0
5911,Zr23Ta30Ti30Nb30W15,142.633136,0,30,30,30,0,15,23
494,Ta15Nb30Mo23W60,249.241063,23,30,15,0,0,60,0
3780,Zr15Ta38Ti30Nb45,143.043253,0,45,38,30,0,0,15
11512,Ta15Ti30Nb30V15Mo23W15,180.827695,23,30,15,30,15,15,0
4662,Zr15V30Mo38W45,220.810245,38,0,0,0,30,45,15
8867,Zr30Ta15Nb30V38W15,147.55497,0,30,15,0,38,15,30
7013,Zr30Ta23Nb30W45,178.751212,0,30,23,0,0,45,30
838,Zr45Ta15Ti30Nb15W23,129.01484,0,15,15,30,0,23,45
9088,Zr68Ta30V15Mo15,116.5809,15,0,30,0,15,0,68
5320,Ta15Ti23Nb30Mo45W15,201.320014,45,30,15,23,0,15,0
3681,Zr15Ta15Mo53W45,233.558444,53,0,15,0,0,45,15
8368,Zr15Ta15Nb15V68Mo15,163.789248,15,15,15,0,68,0,15
11245,Ta38Ti45Nb45,149.600425,0,45,38,45,0,0,0
10898,Zr53Ta15Nb30W30,142.441103,0,30,15,0,0,30,53
2105,Zr15Ta60Nb23V15Mo15,173.508195,15,23,60,0,15,0,15
6135,Ti15V45Mo23W45,222.81113,23,0,0,15,45,45,0
5576,Zr45Ta45V15W23,146.512925,0,0,45,0,15,23,45
5013,Zr38Ti15V15Mo60,153.64708,60,0,0,15,15,0,38
460,Zr45Ta30Nb30V23,127.140196,0,30,30,0,23,0,45
2494,Ti23Nb60V15Mo15W15,178.428504,15,60,0,23,15,15,0
11720,Zr15Ta15Ti15Nb15Mo38W30,196.948346,38,15,15,15,0,30,15
9941,Zr30Ti38Mo45W15,151.148973,45,0,0,38,0,15,30
2460,Zr15Ti45Nb30W38,155.463616,0,30,0,45,0,38,15
5112,Zr53Ta15Nb45W15,130.850294,0,45,15,0,0,15,53
11344,Zr15Ti15Nb15Mo38W45,209.17026,38,15,0,15,0,45,15
2838,Zr75Ti15Mo38,111.487901,38,0,0,15,0,0,75
1310,Ta30Ti23V15Mo15W45,213.430794,15,0,30,23,15,45,0
1780,Ti45V30Mo30W23,181.102109,30,0,0,45,30,23,0
105,Zr15Ta15V23Mo45W30,214.24085,45,0,15,0,23,30,15
5744,Ta15Ti68W45,166.640411,0,0,15,68,0,45,0
8992,Zr30Ta45Ti15Nb15W23,154.550127,0,15,45,15,0,23,30
337,Zr45Ti15Nb30Mo38,135.05938,38,30,0,15,0,0,45
6797,Zr15Ti60Nb30Mo23,131.80532,23,30,0,60,0,0,15
561,Zr15Ti45V23W45,159.814896,0,0,0,45,23,45,15
652,Zr15Ta15Ti15Nb45V15W23,164.842429,0,45,15,15,15,23,15
10397,Zr15Ta30Ti30Nb30W23,158.362156,0,30,30,30,0,23,15
3546,Zr23Ti15Nb60Mo30,153.052076,30,60,0,15,0,0,23
11176,Ti15V53Mo45W15,208.899091,45,0,0,15,53,15,0
10999,Zr23Ti15Nb15V45Mo30,151.470435,30,15,0,15,45,0,23
11182,Zr15Ta15Ti53Nb45,126.113843,0,45,15,53,0,0,15
2004,Ti83Nb30Mo15,129.047105,15,30,0,83,0,0,0
2236,Zr53Ta15Ti15Nb15Mo30,129.148286,30,15,15,15,0,0,53
2939,Ta30V30Mo30W38,235.6674,30,0,30,0,30,38,0
6909,Zr23Ta30Ti15Nb30V15W15,151.555879,0,30,30,15,15,15,23
236,Zr30Ta45Nb38Mo15,154.906298,15,38,45,0,0,0,30
10296,Zr30Ti45V15Mo23W15,133.589665,23,0,0,45,15,15,30
8269,Ta23Ti30V15Mo15W45,206.889797,15,0,23,30,15,45,0
10050,Zr15Ti45Nb23V30Mo15,132.563506,15,23,0,45,30,0,15
4,V128,187.146521,0,0,0,0,128,0,0
2561,Ta60Ti30V23Mo15,172.066536,15,0,60,30,23,0,0
5221,Ta30V68W30,208.00386,0,0,30,0,68,30,0
7477,Zr23Ta15Nb30Mo15W45,195.819977,15,30,15,0,0,45,23
7744,Zr53Ta30Nb15V15W15,132.467186,0,15,30,0,15,15,53
2337,Zr15Ti15Nb38V45W15,154.717334,0,38,0,15,45,15,15
7320,Ti45V45Mo38,166.209607,38,0,0,45,45,0,0
9189,Zr30Nb30V30W38,166.275295,0,30,0,0,30,38,30
2753,V30Mo75W23,247.279826,75,0,0,0,30,23,0
2595,Ta45Nb15Mo45W23,233.87806,45,15,45,0,0,23,0
4763,Ta15Ti30Nb23Mo60,192.182182,60,23,15,30,0,0,0
9623,Ta15Nb30V53Mo30,195.690047,30,30,15,0,53,0,0
4900,Zr15Nb15V30Mo53W15,201.195505,53,15,0,0,30,15,15
718,Zr15Ta15Ti15Nb45Mo15W23,175.214892,15,45,15,15,0,23,15
4798,Ta30Ti30Nb53Mo15,166.314314,15,53,30,30,0,0,0
7502,Zr23Nb60V15Mo15W15,163.248803,15,60,0,0,15,15,23
6807,Ti30V60Mo23W15,182.309868,23,0,0,30,60,15,0
8531,Zr15Ta15Nb38V15Mo45,183.242676,45,38,15,0,15,0,15
6843,Ta45Ti15V23Mo30W15,202.91314,30,0,45,15,23,15,0
986,Ti38V30Mo30W30,192.552322,30,0,0,38,30,30,0
9417,Ta60Ti15W53,222.184404,0,0,60,15,0,53,0
11467,Ta45Ti30Mo38W15,197.821512,38,0,45,30,0,15,0
7991,Ti38Nb15V30Mo30W15,178.765804,30,15,0,38,30,15,0
8581,Zr15Ta45Ti15Mo38W15,188.287021,38,0,45,15,0,15,15
5255,Zr30Ti15Nb53Mo30,145.399525,30,53,0,15,0,0,30
9498,Zr30Nb15Mo60W23,196.077351,60,15,0,0,0,23,30
9073,Zr15V75W38,187.408368,0,0,0,0,75,38,15
10708,Zr30Ta38Ti15V45,133.471283,0,0,38,15,45,0,30
2289,Ta15Ti60Nb15V38,136.565938,0,15,15,60,38,0,0
11458,Ta30Nb45Mo38W15,215.745837,38,45,30,0,0,15,0
6209,Ta38Ti60Nb15V15,139.710963,0,15,38,60,15,0,0
2239,Zr53Ta15Nb15Mo30W15,146.42963,30,15,15,0,0,15,53
727,Zr15Ti15Nb38V15Mo15W30,178.422598,15,38,0,15,15,30,15
8155,Zr23Ti30Nb15Mo15W45,171.249859,15,15,0,30,0,45,23
388,Zr15Ta15Ti15Nb45V15Mo23,157.878452,23,45,15,15,15,0,15
3911,Zr15Ta15Ti38V15Mo45,157.378294,45,0,15,38,15,0,15
9685,Nb53V15Mo45W15,214.413085,45,53,0,0,15,15,0
3549,Zr23Nb60Mo30W15,176.167186,30,60,0,0,0,15,23
9241,Zr75Ta23Nb30,107.670187,0,30,23,0,0,0,75
338,Nb30V15Mo38W45,242.411724,38,30,0,0,15,45,0
2887,Zr30Ta38Nb15V30Mo15,150.364561,15,15,38,0,30,0,30
3955,Zr38Ti15Nb45Mo30,137.83372,30,45,0,15,0,0,38
5820,Zr15Ta23Nb75Mo15,166.971281,15,75,23,0,0,0,15
1448,Zr38Ti15Nb45V15Mo15,129.461953,15,45,0,15,15,0,38
4906,Ta15Ti30Nb53V15W15,166.209389,0,53,15,30,15,15,0
2837,Ti15Mo38W75,268.15699,38,0,0,15,0,75,0
7149,Zr15Ta15Ti15Nb30V23Mo15W15,166.523635,15,30,15,15,23,15,15
7921,Zr15Ti45Nb23V45,126.767447,0,23,0,45,45,0,15
8703,Ta23Ti30Nb45Mo15W15,178.206674,15,45,23,30,0,15,0
7975,Zr15Ta15Ti30V38Mo30,155.29719,30,0,15,30,38,0,15
7579,Ta45Nb30Mo30W23,220.371877,30,30,45,0,0,23,0
11448,Zr15Ta15V60Mo23W15,181.826464,23,0,15,0,60,15,15
11810,Ti68Nb15Mo45,154.702246,45,15,0,68,0,0,0
8575,Ti15Nb45V15Mo38W15,199.574435,38,45,0,15,15,15,0
4942,Zr30Nb83V15,138.37254,0,83,0,0,15,0,30
962,Zr15Ta15Ti15Nb30V15Mo15W23,174.454607,15,30,15,15,15,23,15
1810,Zr68Ta15Nb15V15Mo15,115.037606,15,15,15,0,15,0,68
8393,Zr15Nb60V30Mo23,165.916439,23,60,0,0,30,0,15
8969,Zr15Ta15Ti23Nb45V15Mo15,150.342316,15,45,15,23,15,0,15
6699,Zr23Ta15Ti15Nb30V15W30,161.235491,0,30,15,15,15,30,23
4387,Ta30Nb38W60,236.141248,0,38,30,0,0,60,0
9205,Ta15Ti45V15Mo15W38,186.196268,15,0,15,45,15,38,0
2873,Zr30Ta15Ti15V15Mo53,159.14505,53,0,15,15,15,0,30
9661,Zr30Ta30Nb15V30Mo23,151.455925,23,15,30,0,30,0,30
4728,Ta23Nb15V75Mo15,189.938889,15,15,23,0,75,0,0
2070,Zr30Ti68V30,106.431654,0,0,0,68,30,0,30
5890,Zr15Ta30Ti23Nb30W30,169.638079,0,30,30,23,0,30,15
5048,Zr15Ti68V15Mo30,129.789509,30,0,0,68,15,0,15
4308,Ta23Ti15V60W30,195.000187,0,0,23,15,60,30,0
10926,Zr38Ti15Mo45W30,171.426314,45,0,0,15,0,30,38
9037,Zr45Ti15Nb15V23W30,134.528601,0,15,0,15,23,30,45
8101,Ta23Ti60V15Mo30,153.93532,30,0,23,60,15,0,0
9453,Zr15Ta15Ti15Nb15V15W53,191.619054,0,15,15,15,15,53,15
3169,Zr15Ta30Ti60W23,140.507746,0,0,30,60,0,23,15
6629,Ta75Ti15Nb15V23,176.466011,0,15,75,15,23,0,0
8747,Zr15Ta30Ti15Nb53W15,162.048759,0,53,30,15,0,15,15
1854,Ti53Nb15Mo30W30,180.16672,30,15,0,53,0,30,0
1068,Zr15Ti38Nb60W15,142.568312,0,60,0,38,0,15,15
9087,Ta30V15Mo15W68,254.183873,15,0,30,0,15,68,0
10962,V83Mo30W15,213.036867,30,0,0,0,83,15,0
11844,Ta30Ti30Nb30V23Mo15,166.797037,15,30,30,30,23,0,0
9625,Zr53Ta15Nb30Mo30,133.688123,30,30,15,0,0,0,53
2609,Ti15V45Mo45W23,216.923748,45,0,0,15,45,23,0
11078,Zr45Nb45Mo15W23,148.449969,15,45,0,0,0,23,45
10996,Zr23Ta15Nb15V45Mo30,163.175001,30,15,15,0,45,0,23
4397,Zr60Ta38Ti30,104.472617,0,0,38,30,0,0,60
10936,Zr38Ti15Nb45W30,144.219152,0,45,0,15,0,30,38
10909,Ta30Nb15V38Mo45,207.325923,45,15,30,0,38,0,0
2299,Ta15Ti15V60W38,203.057143,0,0,15,15,60,38,0
2863,Ta15Ti15Nb15Mo53W30,228.357376,53,15,15,15,0,30,0
8591,Ta15Ti15Nb38Mo15W45,214.445196,15,38,15,15,0,45,0
3380,Ta15Ti60V23Mo30,152.14598,30,0,15,60,23,0,0
505,Ta30V15Mo23W60,251.54532,23,0,30,0,15,60,0
8757,Ti15Nb45V15Mo30W23,201.325598,30,45,0,15,15,23,0
9443,Zr60Ta23Ti15Nb15W15,119.030332,0,15,23,15,0,15,60
4738,Ta15Ti23Mo15W75,238.702166,15,0,15,23,0,75,0
6639,Ta15Ti75V15W23,143.726832,0,0,15,75,15,23,0
6853,Zr15Ta30Ti45V15W23,147.525814,0,0,30,45,15,23,15
996,Ti38Nb30V30W30,169.833299,0,30,0,38,30,30,0
5880,Zr15Ti23Nb30V30Mo30,155.459446,30,30,0,23,30,0,15
9215,Zr38Ta15Ti15V45W15,131.095233,0,0,15,15,45,15,38
5299,Ta23Ti15Nb30Mo45W15,208.25641,45,30,23,15,0,15,0
5094,Nb15V15Mo45W53,256.46869,45,15,0,0,15,53,0
8333,Ti53Nb15V45Mo15,145.574792,15,15,0,53,45,0,0
9824,Zr45Ti30V38W15,116.916457,0,0,0,30,38,15,45
8565,Zr45Ta23Ti15Nb30W15,131.033846,0,30,23,15,0,15,45
9671,Zr30Ti15V30Mo23W30,163.359157,23,0,0,15,30,30,30
1844,Zr15Ta45Ti15Nb23Mo15W15,174.120931,15,23,45,15,0,15,15
4952,Zr30Ti83W15,108.598182,0,0,0,83,0,15,30
6296,Zr45Ta68W15,145.731372,0,0,68,0,0,15,45
5245,Zr15Ta60Ti15Nb23W15,167.856463,0,23,60,15,0,15,15
7981,Zr15Ta15Ti30Nb30W38,168.98218,0,30,15,30,0,38,15
737,Ta60Mo30W38,240.180768,30,0,60,0,0,38,0
3179,Zr23Ti15Nb15V15Mo60,170.649367,60,15,0,15,15,0,23
398,Ti15Nb60V38Mo15,170.447004,15,60,0,15,38,0,0
9027,Zr45Nb15V23Mo15W30,149.573209,15,15,0,0,23,30,45
708,Zr15Ta60Ti23V15W15,160.203468,0,0,60,23,15,15,15
7344,Zr45Ti38W45,134.514561,0,0,0,38,0,45,45
11652,Zr38Ta30Nb45W15,148.925581,0,45,30,0,0,15,38
1078,Nb83Mo15W30,212.366549,15,83,0,0,0,30,0
10338,Ta15Ti45Nb15V15Mo23W15,170.883541,23,15,15,45,15,15,0
2897,Zr30Ti15V38Mo15W30,158.436121,15,0,0,15,38,30,30
3945,Zr30Ta15Nb15V30Mo15W23,165.104781,15,15,15,0,30,23,30
10135,Ta15Ti15Nb53W45,204.447885,0,53,15,15,0,45,0
2048,Ti30Mo68W30,224.839548,68,0,0,30,0,30,0
7962,Zr30Ta53V15W30,170.215761,0,0,53,0,15,30,30
2619,Ti15Nb45V45W23,182.830014,0,45,0,15,45,23,0
5404,Zr23Ta90Mo15,171.580898,15,0,90,0,0,0,23
5058,Zr15Ti68Nb30V15,116.800994,0,30,0,68,15,0,15
8915,Ta30Ti53V15Mo15W15,162.493573,15,0,30,53,15,15,0
512,Ta30Ti15Nb23V60,167.742061,0,23,30,15,60,0,0
11209,Zr30Ta30V53Mo15,148.356788,15,0,30,0,53,0,30
2083,Ta15Ti15V53Mo15W30,203.496577,15,0,15,15,53,30,0
5864,Zr15Ta30Ti30Mo23W30,179.239009,23,0,30,30,0,30,15
11460,Ti30Nb45V15Mo38,173.399489,38,45,0,30,15,0,0
4380,Ti30Mo38W60,233.181908,38,0,0,30,0,60,0
972,Ta30Nb38Mo30W30,224.948256,30,38,30,0,0,30,0
10774,Zr15Ti60Nb15V38,119.303166,0,15,0,60,38,0,15
11800,Zr15Ta23Ti30V15Mo30W15,167.708798,30,0,23,30,15,15,15
720,Zr15Ti15Nb45V15Mo15W23,171.21372,15,45,0,15,15,23,15
4146,Zr15Ta15Mo15W83,244.742278,15,0,15,0,0,83,15
7353,Ta45Mo60W23,243.833728,60,0,45,0,0,23,0
7708,Ta15Nb53V15Mo15W30,211.578013,15,53,15,0,15,30,0
149,Zr15Ta30Mo45W38,224.420028,45,0,30,0,0,38,15
2077,Zr30Ta15Nb15V53Mo15,145.663163,15,15,15,0,53,0,30
10780,Zr15Ta15V60W38,188.939043,0,0,15,0,60,38,15
9695,Zr15Ti53V15Mo45,144.723995,45,0,0,53,15,0,15
6047,Ti30Nb45Mo15W38,194.727198,15,45,0,30,0,38,0
6281,Ta15Ti45Nb68,145.935344,0,68,15,45,0,0,0
7965,Ta30Ti38Nb15Mo30W15,183.234158,30,15,30,38,0,15,0
3363,Ta15Ti30Nb30V15Mo15W23,183.485481,15,30,15,30,15,23,0
5874,Ta23Ti30Nb30Mo30W15,188.073643,30,30,23,30,0,15,0
1275,Ti15Mo15W98,276.725347,15,0,0,15,0,98,0
3522,Ta15Nb23W90,267.010643,0,23,15,0,0,90,0
353,Zr45Ta30Ti15Nb38,124.199376,0,38,30,15,0,0,45
4707,Zr23Nb15V15W75,210.688251,0,15,0,0,15,75,23
10551,Ti15Nb45Mo68,205.56902,68,45,0,15,0,0,0
5077,Zr15Ta15Ti30V23Mo45,162.510668,45,0,15,30,23,0,15
9488,Zr45Ti23V45W15,119.227284,0,0,0,23,45,15,45
8129,Ta30Nb30V15Mo23W30,220.121449,23,30,30,0,15,30,0
7388,Zr15Ti15Nb68V15Mo15,151.989473,15,68,0,15,15,0,15
2636,Zr30Nb15V15Mo68,177.986674,68,15,0,0,15,0,30
7176,Ti75Nb23V30,126.069263,0,23,0,75,30,0,0
9018,Ta23Ti30Nb15V45Mo15,164.878487,15,15,23,30,45,0,0
2252,Zr53Ta15Nb30V15W15,129.219809,0,30,15,0,15,15,53
4169,Zr15Ta15Nb83Mo15,165.178257,15,83,15,0,0,0,15
7720,Ta53Ti15Nb15V15W30,198.047526,0,15,53,15,15,30,0
6898,Zr38Ta30Ti15Nb30V15,128.674294,0,30,30,15,15,0,38
5289,Zr15Ta15Ti15V38Mo30W15,176.967759,30,0,15,15,38,15,15
7986,Ta38Ti30Nb15Mo30W15,190.441132,30,15,38,30,0,15,0
195,Zr30Ti30Nb15V30W23,134.96172,0,15,0,30,30,23,30
2413,Ti30V30Mo38W30,204.635245,38,0,0,30,30,30,0
10797,Ta23Ti45Nb15V15W30,170.05456,0,15,23,45,15,30,0
11645,Zr38Ti30Mo45W15,147.85387,45,0,0,30,0,15,38
8902,Zr60Ti15V53,105.507689,0,0,0,15,53,0,60
1423,Ta38Nb15W75,247.136716,0,15,38,0,0,75,0
11477,Ta45Ti30Nb38W15,172.922613,0,38,45,30,0,15,0
1843,Zr15Ta45Ti15Nb23V15Mo15,161.137212,15,23,45,15,15,0,15
5636,Ti68V30Mo15W15,147.283578,15,0,0,68,30,15,0
10569,Ti45Nb68V15,142.709717,0,68,0,45,15,0,0
6262,Zr15Ta30Nb30V23Mo15W15,180.60834,15,30,30,0,23,15,15
5413,Ta90Nb15W23,210.095856,0,15,90,0,0,23,0
11221,Ti30Nb15V53W30,177.392062,0,15,0,30,53,30,0
1047,Nb38V15Mo60W15,226.909383,60,38,0,0,15,15,0
5621,Ta30Nb68V15Mo15,186.70855,15,68,30,0,15,0,0
3146,Zr15Nb60Mo30W23,194.389465,30,60,0,0,0,23,15
4999,Zr38Ta15Nb15Mo60,166.762864,60,15,15,0,0,0,38
3710,Nb105V23,168.752476,0,105,0,0,23,0,0
9682,Ti15Nb53V15Mo45,190.861812,45,53,0,15,15,0,0
10307,Ti15Nb30V23Mo60,201.703606,60,30,0,15,23,0,0
161,Zr15Ti30Nb45V38,134.747198,0,45,0,30,38,0,15
6434,Zr15Ti30Nb30V15Mo38,155.706812,38,30,0,30,15,0,15
7512,Zr23Ti60Nb15V15W15,122.006912,0,15,0,60,15,15,23
1281,Ta15Nb15V98,181.571016,0,15,15,0,98,0,0
11013,Nb75Mo53,210.618209,53,75,0,0,0,0,0
2404,Nb30V30Mo38W30,226.417333,38,30,0,0,30,30,0
4535,Zr15Ta68Ti15W30,180.843444,0,0,68,15,0,30,15
8768,Zr23Ta45Ti15Nb30W15,154.951605,0,30,45,15,0,15,23
2060,Nb68V30W30,197.998109,0,68,0,0,30,30,0
1639,Zr30Nb15V23Mo30W30,178.380045,30,15,0,0,23,30,30
2880,Zr30Ta15Nb53V15W15,149.363883,0,53,15,0,15,15,30
3374,Ti60Nb15V23Mo30,149.303178,30,15,0,60,23,0,0
9212,Zr38Ta15Ti45Nb15W15,120.951515,0,15,15,45,0,15,38
3728,Ti68Nb15Mo15W30,160.452464,15,15,0,68,0,30,0
5897,Ta30Nb30V15Mo30W23,218.373885,30,30,30,0,15,23,0
5887,Zr15Ti30V23Mo30W30,178.233587,30,0,0,30,23,30,15
8596,Ti15Nb38V15Mo15W45,211.654175,15,38,0,15,15,45,0
8586,Zr15Ta45Ti15Nb38W15,165.542314,0,38,45,15,0,15,15
4151,Ta15Ti83Nb15V15,126.17151,0,15,15,83,15,0,0
8324,Zr15Ta30Ti15Nb30Mo23W15,176.266006,23,30,30,15,0,15,15
9444,Zr60Ta23Nb15V15W15,124.439927,0,15,23,0,15,15,60
7182,Ta23Ti75V30,127.380802,0,0,23,75,30,0,0
6050,Zr38Nb45V30Mo15,134.917459,15,45,0,0,30,0,38
9454,Ta15Ti45Nb45Mo23,158.14301,23,45,15,45,0,0,0
9659,Zr30Ta30Ti30Nb15Mo23,137.787121,23,15,30,30,0,0,30
6068,Ti45Nb15V30W38,172.630181,0,15,0,45,30,38,0
8740,Ta30Ti15V15Mo53W15,216.681048,53,0,30,15,15,15,0
5609,Zr30Ta38Ti45V15,121.726392,0,0,38,45,15,0,30
2874,Zr30Ta15Ti15Mo53W15,173.666605,53,0,15,15,0,15,30
9692,Zr15Ta53V15Mo45,189.536561,45,0,53,0,15,0,15
5863,Zr15Ta30Ti30V30Mo23,152.397278,23,0,30,30,30,0,15
1434,Ta15V38W75,247.596648,0,0,15,0,38,75,0
8116,Zr15Ta23Nb30W60,211.063207,0,30,23,0,0,60,15
3952,Zr38Ta15Nb45Mo30,148.570456,30,45,15,0,0,0,38
4179,Ta83V15Mo15W15,211.336404,15,0,83,0,15,15,0
10931,Ta15Nb45V30W38,208.344135,0,45,15,0,30,38,0
3373,Zr23Ta60Nb15Mo30,173.354806,30,15,60,0,0,0,23
10579,Zr15Ta68V45,164.182332,0,0,68,0,45,0,15
7996,Zr15Ta15Ti38V30Mo30,148.230807,30,0,15,38,30,0,15
11699,Zr30Ta15Ti30Nb30Mo23,135.962142,23,30,15,30,0,0,30
11807,Zr30Ta15Ti30V15Mo15W23,148.618267,15,0,15,30,15,23,30
1629,Zr30V60W38,163.946453,0,0,0,0,60,38,30
2041,Nb30Mo68W30,242.316662,68,30,0,0,0,30,0
5083,Zr15Ta15Ti30Nb45W23,155.023506,0,45,15,30,0,23,15
2890,Zr30Ti38Nb15V30Mo15,122.999359,15,15,0,38,30,0,30
9666,Zr30Nb15V30Mo23W30,172.938253,23,15,0,0,30,30,30
10763,Ti60V38Mo15W15,154.708178,15,0,0,60,38,15,0
2094,Ta30Ti15Nb38V15Mo15W15,189.811846,15,38,30,15,15,15,0
991,Ta38Ti30Nb30W30,183.947757,0,30,38,30,0,30,0
975,Ti30Nb38Mo30W30,197.069739,30,38,0,30,0,30,0
1606,Zr30Ti38Mo60,147.015373,60,0,0,38,0,0,30
6854,Ta23Ti15Nb45V15Mo30,185.171811,30,45,23,15,15,0,0
4363,Zr30Ti23Nb45W30,147.5693,0,45,0,23,0,30,30
3942,Ta15Ti30Nb15V23Mo15W30,190.129277,15,15,15,30,23,30,0
11483,Zr15Ti45Nb38V30,126.127256,0,38,0,45,30,0,15
6606,Zr45Ta15Nb38V15W15,136.539049,0,38,15,0,15,15,45
2058,Ti30Nb68W30,177.561973,0,68,0,30,0,30,0
9020,Zr45Ta23Ti30Nb15Mo15,122.180903,15,15,23,30,0,0,45
4955,Zr15Ta15Ti30Nb15V15Mo38,158.958341,38,15,15,30,15,0,15
1611,Ta38Nb60V30,180.953572,0,60,38,0,30,0,0
8572,Ta15Nb45V15Mo38W15,213.324028,38,45,15,0,15,15,0
6611,Ta15Nb75Mo15W23,207.088547,15,75,15,0,0,23,0
2093,Zr30Ta15Ti15V15W53,172.526981,0,0,15,15,15,53,30
4184,Zr15Ti83Mo15W15,125.054881,15,0,0,83,0,15,15
2287,Zr38Ti15Mo15W60,175.489446,15,0,0,15,0,60,38
6078,Zr30Ta23Ti15Nb15V15Mo30,148.853592,30,15,23,15,15,0,30
4364,Zr30Nb45V23W30,160.452107,0,45,0,0,23,30,30
3193,Ta15Ti15Nb30V23Mo45,193.747596,45,30,15,15,23,0,0
10921,Ta15V30Mo45W38,244.434283,45,0,15,0,30,38,0
965,Zr15Ta15Ti23Nb30Mo15W30,176.493303,15,30,15,23,0,30,15
140,Zr15Ti38Nb30Mo45,157.199992,45,30,0,38,0,0,15
9640,Zr53Ti30Mo30W15,126.992306,30,0,0,30,0,15,53
3141,Ti23Nb60V15Mo30,174.633284,30,60,0,23,15,0,0
9649,Zr53Ti30Nb30V15,107.90995,0,30,0,30,15,0,53
9030,Zr45Ta15Ti23Mo15W30,143.817135,15,0,15,23,0,30,45
7718,Zr30Ta53V15Mo15W15,166.709091,15,0,53,0,15,15,30
8106,Zr15Ta23Mo30W60,233.257027,30,0,23,0,0,60,15
4700,Zr23Ta15Ti75Nb15,109.932365,0,15,15,75,0,0,23
1888,Ti30Nb38V45Mo15,160.32396,15,38,0,30,45,0,0
5432,Ta105Mo23,207.213074,23,0,105,0,0,0,0
7398,Zr15Ta68Ti15Nb15W15,169.312451,0,15,68,15,0,15,15
11219,Zr30Ta30Nb15V53,139.848103,0,15,30,0,53,0,30
6601,Zr45Ta15V15Mo38W15,156.37323,38,0,15,0,15,15,45
7171,Zr30Mo23W75,219.279861,23,0,0,0,0,75,30
6433,Ti30Nb30V15Mo38W15,188.389483,38,30,0,30,15,15,0
11484,Zr15Ti45Nb38W30,148.561028,0,38,0,45,0,30,15
1616,Zr30Ti38Nb60,118.904803,0,60,0,38,0,0,30
716,Ta15Ti15Nb45V23Mo15W15,187.275173,15,45,15,15,23,15,0
1424,Zr75Ta38Nb15,107.552909,0,15,38,0,0,0,75
10764,Zr15Ti60V38Mo15,126.255265,15,0,0,60,38,0,15
7972,Zr15Ti30Nb15Mo30W38,185.150781,30,15,0,30,0,38,15
11456,Ta30Ti15Nb45Mo38,191.923435,38,45,30,15,0,0,0
9676,Zr30Ti15Nb23V30W30,148.705478,0,23,0,15,30,30,30
1853,Ti53Nb15V30Mo30,154.428478,30,15,0,53,30,0,0
8334,Ti53Nb15Mo15W45,184.941022,15,15,0,53,0,45,0
3738,Zr30Ta15Mo15W68,210.560188,15,0,15,0,0,68,30
192,Zr30Ta30Ti30Nb15V23,124.296863,0,15,30,30,23,0,30
8750,Zr15Ta53Ti30V15W15,154.579386,0,0,53,30,15,15,15
11817,Zr68Ta15Mo45,129.983524,45,0,15,0,0,0,68
5084,Zr15Ta15Nb45V30W23,173.497224,0,45,15,0,30,23,15
5619,Zr15Ta15Ti15Nb45V23W15,158.471311,0,45,15,15,23,15,15
159,Zr15Ta30Nb45W38,192.399085,0,45,30,0,0,38,15
10556,Ta45V15Mo68,226.509503,68,0,45,0,15,0,0
981,Ta38Ti30Mo30W30,204.917285,30,0,38,30,0,30,0
7365,Ti45Nb60V23,142.862824,0,60,0,45,23,0,0
7701,Zr15Ta30Ti15Nb23W45,188.32217,0,23,30,15,0,45,15
2255,Ta15Ti30Nb38V15Mo15W15,176.066337,15,38,15,30,15,15,0
6085,Ta30Nb15V60Mo23,193.938256,23,15,30,0,60,0,0
2864,Zr30Ta15Ti15Nb15Mo53,160.210905,53,15,15,15,0,0,30
2617,Zr23Ta15Nb45V45,143.595485,0,45,15,0,45,0,23
5873,Ta23Ti30Nb30V15Mo30,173.616146,30,30,23,30,15,0,0
372,Ti45Nb15V38Mo15W15,163.51334,15,15,0,45,38,15,0
4156,Zr15Ta15Nb15W83,233.497182,0,15,15,0,0,83,15
5600,Zr30Ta45Ti15Nb38,137.858205,0,38,45,15,0,0,30
11689,Zr15Ti15Nb60V38,143.459894,0,60,0,15,38,0,15
8562,Zr45Ti23V15Mo30W15,136.990913,30,0,0,23,15,15,45
7727,Ta15Ti15Nb30Mo15W53,224.711801,15,30,15,15,0,53,0
4390,Ti30Nb38W60,204.843246,0,38,0,30,0,60,0
11642,Zr38Ta30Mo45W15,173.325768,45,0,30,0,0,15,38
502,Ta30Ti15V60Mo23,183.95449,23,0,30,15,60,0,0
1286,Zr98Ti15Nb15,92.788022,0,15,0,15,0,0,98
10742,Zr38Ta75W15,154.519902,0,0,75,0,0,15,38
11469,Ta45V30Mo38W15,221.1467,38,0,45,0,30,15,0
11828,Ti15Nb45V68,162.13202,0,45,0,15,68,0,0
1630,Ta23Ti30Nb15V30Mo30,174.767425,30,15,23,30,30,0,0
10790,Zr30Ti45Nb23Mo15W15,130.660014,15,23,0,45,0,15,30
9039,Ta15Nb38Mo75,225.349811,75,38,15,0,0,0,0
1040,Ta15Ti15Nb38Mo60,203.980019,60,38,15,15,0,0,0
9006,Zr38Nb15V15Mo30W30,169.819468,30,15,0,0,15,30,38
6415,Ta30Nb23V30W45,219.376644,0,23,30,0,30,45,0
10300,Zr30Ta45Nb23V15W15,156.719517,0,23,45,0,15,15,30
4532,Zr15Nb68V15W30,177.234247,0,68,0,0,15,30,15
10570,Ti45Nb68W15,153.832601,0,68,0,45,0,15,0
5626,Zr15Ti30Nb68Mo15,144.565475,15,68,0,30,0,0,15
9224,Ti75Nb23Mo30,140.942112,30,23,0,75,0,0,0
4963,Nb30V68Mo30,195.233321,30,30,0,0,68,0,0
5414,Zr23Ta90Nb15,161.724434,0,15,90,0,0,0,23
6243,Zr15V15Mo30W68,238.538749,30,0,0,0,15,68,15
953,Zr23Ta30Ti15Mo30W30,184.636032,30,0,30,15,0,30,23
10132,Zr45Ti15Mo53W15,156.2698,53,0,0,15,0,15,45
6071,Zr38Nb15V45W30,148.277713,0,15,0,0,45,30,38
166,Zr15Ta45Ti30W38,174.010909,0,0,45,30,0,38,15
8792,Ta30V75Mo23,196.854717,23,0,30,0,75,0,0
9805,Zr45Ta38Mo30W15,157.554083,30,0,38,0,0,15,45
8139,Zr30Ta30V30Mo23W15,164.908025,23,0,30,0,30,15,30
9823,Zr45Ta30V38W15,136.66563,0,0,30,0,38,15,45
6291,Ta68Ti15V45,175.07126,0,0,68,15,45,0,0
3387,Zr23Ti15V60Mo30,150.448815,30,0,0,15,60,0,23
2889,Ti38Nb15V30Mo15W30,181.115044,15,15,0,38,30,30,0
3980,Zr38Ta30Ti45V15,113.740773,0,0,30,45,15,0,38
7185,Ta23V75W30,208.477201,0,0,23,0,75,30,0
6265,Zr15Ta30Ti30Nb15V23W15,151.462298,0,15,30,30,23,15,15
2631,Zr30Ta15Nb15Mo68,182.054237,68,15,15,0,0,0,30
1881,Zr30Ta30Ti15W53,176.594178,0,0,30,15,0,53,30
11226,Zr30Ta15Ti30V53,121.518564,0,0,15,30,53,0,30
2067,Zr30Ta68V30,146.728571,0,0,68,0,30,0,30
11014,Ta75Mo53,220.91602,53,0,75,0,0,0,0
2852,Ta38Ti15V75,170.10222,0,0,38,15,75,0,0
1875,Ti15Nb30V53W30,189.240761,0,30,0,15,53,30,0
5070,Zr15Ta30Nb15V23Mo45,186.668288,45,15,30,0,23,0,15
1402,Zr15Ta15Ti53Nb15W30,147.490021,0,15,15,53,0,30,15
3525,Ti15Nb23W90,244.840041,0,23,0,15,0,90,0
7391,Ta68Ti15V15Mo15W15,197.857455,15,0,68,15,15,15,0
11821,V15Mo45W68,274.118751,45,0,0,0,15,68,0
5056,Zr15Ta68Nb30W15,181.099032,0,30,68,0,0,15,15
354,Ta30Nb38V15W45,218.03134,0,38,30,0,15,45,0
10309,Zr23Ti15Nb30Mo60,171.474173,60,30,0,15,0,0,23
2403,Zr30Ti30Nb30Mo38,140.86035,38,30,0,30,0,0,30
10928,Ta15Ti30Nb45V38,154.110977,0,45,15,30,38,0,0
9486,Zr45Ta23Ti45W15,116.92127,0,0,23,45,0,15,45
8905,Ta53Ti15Nb30V15Mo15,181.724341,15,30,53,15,15,0,0
5242,Zr15Ti60V15Mo23W15,140.503512,23,0,0,60,15,15,15
11470,Zr15Ta45V30Mo38,185.721643,38,0,45,0,30,0,15
7343,Zr45Ti38V45,106.628058,0,0,0,38,45,0,45
6057,Zr38Ta45Mo15W30,170.175138,15,0,45,0,0,30,38
1272,Ta15Mo15W98,284.306981,15,0,15,0,0,98,0
3717,Ti105V23,111.245998,0,0,0,105,23,0,0
8120,Zr15Nb30V23W60,206.789998,0,30,0,0,23,60,15
11479,Ta45Nb38V30W15,193.925417,0,38,45,0,30,15,0
8130,Zr30Ta30Nb30V15Mo23,155.337481,23,30,30,0,15,0,30
8554,Ti15Nb23V15Mo30W45,224.15263,30,23,0,15,15,45,0
5280,Zr30Ta30Ti53V15,117.667835,0,0,30,53,15,0,30
6288,Nb68V15W45,212.818828,0,68,0,0,15,45,0
739,Ti60V38Mo30,149.32778,30,0,0,60,38,0,0
2297,Zr38Ti15Nb15W60,166.803669,0,15,0,15,0,60,38
6405,Ta30V30Mo23W45,236.885774,23,0,30,0,30,45,0
2638,Ta15Ti15V30Mo68,209.676443,68,0,15,15,30,0,0
7178,Zr30Ti75Nb23,104.49302,0,23,0,75,0,0,30
6862,Zr15Ti23Nb45Mo30W15,169.885062,30,45,0,23,0,15,15
10319,Ti30V15Mo60W23,213.254638,60,0,0,30,15,23,0
10560,Ti45Mo68W15,199.275295,68,0,0,45,0,15,0
6637,Zr23Ti75Nb15W15,116.89764,0,15,0,75,0,15,23
1049,Zr15Nb38Mo60W15,205.725563,60,38,0,0,0,15,15
6896,Zr38Ti30V15Mo30W15,136.405208,30,0,0,30,15,15,38
3964,Zr38Ta45Mo30W15,167.201565,30,0,45,0,0,15,38
943,Zr23Ta15Ti30Nb30Mo30,147.200568,30,30,15,30,0,0,23
4399,Zr60Ta38V30,117.143946,0,0,38,0,30,0,60
6298,Zr45Ti68V15,99.849677,0,0,0,68,15,0,45
3989,Zr15Ta23Ti15V30Mo30W15,176.979221,30,0,23,15,30,15,15
9496,Nb15V23Mo60W30,241.670819,60,15,0,0,23,30,0
8776,Zr15Ti23Nb45V15Mo15W15,158.160762,15,45,0,23,15,15,15
3352,Zr53Nb15W60,161.779128,0,15,0,0,0,60,53
12005,Zr15Ti53V15Mo30W15,149.117642,30,0,0,53,15,15,15
7954,Zr30Ta15Nb53W30,164.478549,0,53,15,0,0,30,30
8312,Zr30Ta15Ti30V15Mo38,141.454153,38,0,15,30,15,0,30
3345,Ta60Nb15W53,234.705381,0,15,60,0,0,53,0
9016,Zr38Ti15Nb30V15W30,143.4858,0,30,0,15,15,30,38
8544,Zr15Ta38Ti15Nb45W15,163.714425,0,45,38,15,0,15,15
3177,Zr23Ta15Nb15Mo60W15,199.270677,60,15,15,0,0,15,23
7381,Ta15Ti15Nb68V15Mo15,173.803557,15,68,15,15,15,0,0
1620,Ta60Ti38V30,157.158039,0,0,60,38,30,0,0
9472,Zr45Ti45Mo23W15,122.116402,23,0,0,45,0,15,45
9234,Zr75Ti23Mo30,107.410466,30,0,0,23,0,0,75
4160,Zr15Nb15V15W83,230.386633,0,15,0,0,15,83,15
5855,Ta30Nb30V30Mo23W15,205.542028,23,30,30,0,30,15,0
6608,Zr45Ta38Ti15V15W15,129.937231,0,0,38,15,15,15,45
10752,Ti38Nb60Mo15W15,167.781281,15,60,0,38,0,15,0
4389,Ti30Nb38V60,151.860757,0,38,0,30,60,0,0
11831,Nb45V15W68,237.384222,0,45,0,0,15,68,0
4709,Zr23Ta15Ti15V75,135.173639,0,0,15,15,75,0,23
10907,Zr53Ti30V15W30,122.9388,0,0,0,30,15,30,53
8302,Ta30Ti15Nb15Mo38W30,220.756277,38,15,30,15,0,30,0
729,Zr15Ta38Ti15Nb15V15W30,174.890137,0,15,38,15,15,30,15
10789,Zr30Ti45Nb23V15Mo15,120.404551,15,23,0,45,15,0,30
9802,Zr45Ta38Ti15Mo30,137.713188,30,0,38,15,0,0,45
3974,Zr38Ta45Nb30W15,150.219277,0,30,45,0,0,15,38
2899,Zr30Ta15Ti38Nb15V30,119.513472,0,15,15,38,30,0,30
10917,Zr38Nb15Mo45W30,182.246944,45,15,0,0,0,30,38
7515,Ta23Ti15Nb15Mo15W60,233.352457,15,15,23,15,0,60,0
7944,Zr30Ta15Mo53W30,198.646945,53,0,15,0,0,30,30
1412,Ta38V75Mo15,192.05203,15,0,38,0,75,0,0
4987,Ta30Ti30W68,220.009812,0,0,30,30,0,68,0
11680,Zr15Ti15Mo60W38,216.996103,60,0,0,15,0,38,15
730,Ta38Nb60Mo30,199.642995,30,60,38,0,0,0,0
3148,Ta60Ti23Mo30W15,200.210501,30,0,60,23,0,15,0
5845,Zr15Ti75Nb15W23,126.318677,0,15,0,75,0,23,15
6253,Zr15Nb30V15W68,215.166047,0,30,0,0,15,68,15
10938,Ta45Ti15V30W38,205.231203,0,0,45,15,30,38,0
7998,Zr15Ta15V38Mo30W30,202.183391,30,0,15,0,38,30,15
381,Ta15Ti45Nb15V38W15,156.663632,0,15,15,45,38,15,0
4177,Ta83Ti15Mo15W15,200.827715,15,0,83,15,0,15,0
6412,Ta30Ti30Nb23V45,155.789913,0,23,30,30,45,0,0
4721,Zr45Ta23Ti15Nb15V15Mo15,126.720924,15,15,23,15,15,0,45
1253,Zr15Nb38V45Mo15W15,173.055907,15,38,0,0,45,15,15
1076,Ti30Nb83Mo15,161.11729,15,83,0,30,0,0,0
998,Zr30Ti38Nb30W30,137.738869,0,30,0,38,0,30,30
5297,Zr15Ta15Ti38Nb15V15W30,153.917777,0,15,15,38,15,30,15
10577,Zr15Ta68Ti45,137.978699,0,0,68,45,0,0,15
4352,Zr30Ti23V30Mo45,145.71201,45,0,0,23,30,0,30
3513,Zr90Ta15Mo23,107.348833,23,0,15,0,0,0,90
10745,Zr38Ti75W15,107.388693,0,0,0,75,0,15,38
4504,Ta30Nb15V15Mo68,222.543489,68,15,30,0,15,0,0
9815,Zr45Ta38Nb30W15,141.939122,0,30,38,0,0,15,45
1061,Ta38Ti15Nb60W15,183.20301,0,60,38,15,0,15,0
11697,Ta15Ti30Nb30V30Mo23,167.663328,23,30,15,30,30,0,0
7706,Ta15Ti15Nb53Mo15W30,200.58083,15,53,15,15,0,30,0
2274,Ti60Nb15Mo15W38,172.507958,15,15,0,60,0,38,0
4183,Zr15Ti83V15Mo15,116.237145,15,0,0,83,15,0,15
9029,Zr45Ta15Ti23V30Mo15,119.181886,15,0,15,23,30,0,45
5628,Zr15Nb68V30Mo15,160.184753,15,68,0,0,30,0,15
6061,Zr38V45Mo15W30,155.082574,15,0,0,0,45,30,38
6620,Ta75Ti15Mo15W23,206.88802,15,0,75,15,0,23,0
5422,Ta15Ti90W23,136.426143,0,0,15,90,0,23,0
3736,Ta15V68Mo15W30,217.154301,15,0,15,0,68,30,0
4997,Ta15Nb15V38Mo60,214.872422,60,15,15,0,38,0,0
1244,Ta45Ti15Nb38V15Mo15,180.136155,15,38,45,15,15,0,0
7396,Ta68Ti15Nb15V15W15,188.03357,0,15,68,15,15,15,0
362,Zr45Ta38Ti30V15,116.625146,0,0,38,30,15,0,45
396,Ta15Nb60Mo15W38,219.31492,15,60,15,0,0,38,0
10583,Zr15Ti68W45,146.53653,0,0,0,68,0,45,15
2051,Zr30V30Mo68,177.763941,68,0,0,0,30,0,30
3194,Ta15Ti15Nb30Mo45W23,214.105483,45,30,15,15,0,23,0
6076,Zr38Ti15V45W30,139.713264,0,0,0,15,45,30,38
6244,Ta15Ti68Nb30V15,131.934896,0,30,15,68,15,0,0
2280,Ta15Ti60Mo15W38,174.905023,15,0,15,60,0,38,0
11210,Zr30Ta30Mo15W53,197.652588,15,0,30,0,0,53,30
9668,Zr30Ta15Ti30V30Mo23,133.800214,23,0,15,30,30,0,30
8761,Ta45Ti15V15Mo30W23,210.589399,30,0,45,15,15,23,0
10336,Zr23Ta60V30W15,165.625537,0,0,60,0,30,15,23
11022,Nb53W75,244.237509,0,53,0,0,0,75,0
4736,Zr75Nb15Mo15W23,123.268532,15,15,0,0,0,23,75
3721,Zr23V105,141.405902,0,0,0,0,105,0,23
10113,Zr23Ta15Ti15Nb15V30W30,160.412997,0,15,15,15,30,30,23
4990,Zr68Ta30V30,109.436061,0,0,30,0,30,0,68
1637,Zr30Ti23Nb15V30Mo30,138.561246,30,15,0,23,30,0,30
3504,Zr15Ta15Ti15Nb15V45W23,163.920217,0,15,15,15,45,23,15
11446,Zr15Ta15Ti60V15Mo23,133.446286,23,0,15,60,15,0,15
3160,Ta60Nb30V23W15,196.476565,0,30,60,0,23,15,0
10104,Zr23Ta15Nb45V30W15,158.048315,0,45,15,0,30,15,23
3987,Zr15Ta15Nb23V30Mo30W15,186.74978,30,23,15,0,30,15,15
4345,Ta23Ti30V30Mo45,184.914001,45,0,23,30,30,0,0
5079,Zr15Ta15V30Mo45W23,206.321427,45,0,15,0,30,23,15
5610,Zr30Ta38Ti45W15,129.675015,0,0,38,45,0,15,30
3389,Zr23V15Mo30W60,218.699878,30,0,0,0,15,60,23
150,Ti30V38Mo45W15,195.808262,45,0,0,30,38,15,0
8588,Zr15Ti45Nb38V15W15,137.711845,0,38,0,45,15,15,15
11663,Ta38Nb15V15Mo60,217.82802,60,15,38,0,15,0,0
6095,Ta15Ti30Mo23W60,226.132277,23,0,15,30,0,60,0
10799,Zr30Ta23Ti45Nb15W15,127.68163,0,15,23,45,0,15,30
8766,Ta45Ti15Nb30V15W23,190.259907,0,30,45,15,15,23,0
5046,Zr15Ta68Mo30W15,198.091783,30,0,68,0,0,15,15
375,Zr15Nb15V45Mo15W38,195.787317,15,15,0,0,45,38,15
5842,Zr15Ta75Nb15W23,189.401351,0,15,75,0,0,23,15
4194,Zr15Ti83Nb15W15,117.766203,0,15,0,83,0,15,15
7147,Zr30Ti30Nb30V15W23,136.542652,0,30,0,30,15,23,30
8933,Zr15Ti45Nb30V23Mo15,135.28912,15,30,0,45,23,0,15
6082,Zr30Ta15Ti23V15Mo30W15,152.690954,30,0,15,23,15,15,30
7523,Zr60Nb15V23Mo15W15,127.625521,15,15,0,0,23,15,60
2263,Zr15Ta23Ti15Nb30V15Mo30,165.224199,30,30,23,15,15,0,15
2855,Ta38V15W75,248.598161,0,0,38,0,15,75,0
8924,Zr15Ti30Nb15V53W15,144.714756,0,15,0,30,53,15,15
11674,Zr15Ta15Ti38Mo60,168.59395,60,0,15,38,0,0,15
706,Zr15Ta23Nb60V15W15,170.660113,0,60,23,0,15,15,15
3183,Zr23Ta15Ti15V15Mo60,172.65129,60,0,15,15,15,0,23
8785,Zr30Ta30Ti23Nb15V15W15,140.20975,0,15,30,23,15,15,30
11836,Zr68Ta45Ti15,110.710846,0,0,45,15,0,0,68
7943,Zr30Ta15V30Mo53,168.983661,53,0,15,0,30,0,30
10594,Zr45Ti38Nb15Mo15W15,123.510034,15,15,0,38,0,15,45
5274,Zr30Ta53Nb30W15,158.926564,0,30,53,0,0,15,30
9233,Ti23Mo30W75,249.908453,30,0,0,23,0,75,0
534,Nb23V45Mo45W15,217.060526,45,23,0,0,45,15,0
10359,Zr15Ta38V45Mo30,175.824096,30,0,38,0,45,0,15
10317,Zr23Ta30V15Mo60,186.922802,60,0,30,0,15,0,23
10410,Nb15V23Mo90,232.511222,90,15,0,0,23,0,0
10395,Ta30Ti30Nb30V23W15,168.942147,0,30,30,30,23,15,0
10403,Zr15Ta30Ti15Nb15Mo30W23,188.419869,30,15,30,15,0,23,15
10419,Zr23Ti15Mo90,191.598768,90,0,0,15,0,0,23
10418,Ti15Mo90W23,244.587673,90,0,0,15,0,23,0
10421,Zr23V15Mo90,201.146014,90,0,0,0,15,0,23
10427,Ti15Nb90V23,161.625272,0,90,0,15,23,0,0
10368,Ta38Nb30V45W15,192.844221,0,30,38,0,45,15,0
10367,Zr15Ta38Ti45Nb30,132.587521,0,30,38,45,0,0,15
10420,V15Mo90W23,262.978239,90,0,0,0,15,23,0
10411,Nb15Mo90W23,260.347079,90,15,0,0,0,23,0
10393,Zr15Ta30V30Mo30W23,196.759588,30,0,30,0,30,23,15
10372,Zr15Ti38Nb30V45,128.751931,0,30,0,38,45,0,15
10433,Ta90Ti15V23,178.675907,0,0,90,15,23,0,0
10369,Zr15Ta38Nb30V45,157.786439,0,30,38,0,45,0,15
10417,Ti15V23Mo90,223.356054,90,0,0,15,23,0,0
10386,Ti30Nb30V23Mo30W15,183.222005,30,30,0,30,23,15,0
10388,Zr15Ti30Nb30Mo30W23,171.560573,30,30,0,30,0,23,15
10394,Zr15Ti30V30Mo30W23,170.97126,30,0,0,30,30,23,15
10375,Ta30Ti38V45W15,164.203057,0,0,30,38,45,15,0
10434,Ta90Ti15W23,200.869767,0,0,90,15,0,23,0
10398,Zr15Ta30Nb30V30W23,177.888561,0,30,30,0,30,23,15
10392,Zr15Ta30Ti30Mo30W23,177.870738,30,0,30,30,0,23,15
10366,Ta38Ti45Nb30W15,160.418469,0,30,38,45,0,15,0
10416,Zr23Ta15Mo90,204.11857,90,0,15,0,0,0,23
10381,Ta30Ti23Nb30Mo30W15,194.081742,30,30,30,23,0,15,0
10428,Ti15Nb90W23,181.879732,0,90,0,15,0,23,0
10429,Zr23Ti15Nb90,136.743756,0,90,0,15,0,0,23
10426,Zr23Ta15Nb90,149.205524,0,90,15,0,0,0,23
10468,Zr60Ta23Nb30V15,119.066535,0,30,23,0,15,0,60
10444,Ta15Ti60Nb23Mo30,152.956377,30,23,15,60,0,0,0
10442,Zr23V90W15,154.248625,0,0,0,0,90,15,23
10475,Zr60Ta30Ti23V15,109.618289,0,0,30,23,15,0,60
10472,Zr60Ti23Nb30W15,113.422799,0,30,0,23,0,15,60
10480,Ti90Nb23Mo15,124.976009,15,23,0,90,0,0,0
10486,Ta23Mo15W90,282.098563,15,0,23,0,0,90,0
10487,Zr90Ta23Mo15,105.93173,15,0,23,0,0,0,90
10509,Zr90Ta15W23,109.942465,0,0,15,0,0,23,90
10474,Ta30Ti23V15W60,217.270146,0,0,30,23,15,60,0
10505,Ta15Ti23W90,243.889074,0,0,15,23,0,90,0
10466,Zr60Ta23Ti15Nb30,110.180332,0,30,23,15,0,0,60
10515,Ta15Nb75Mo38,201.530471,38,75,15,0,0,0,0
10469,Zr60Ta23Nb30W15,127.240333,0,30,23,0,0,15,60
10493,Zr90Mo15W23,112.637126,15,0,0,0,0,23,90
10492,Zr90V23Mo15,99.400596,15,0,0,0,23,0,90
10473,Zr60Nb30V23W15,121.537692,0,30,0,0,23,15,60
10500,Zr90Ti23Nb15,92.959903,0,15,0,23,0,0,90
10445,Ta15Nb23V60Mo30,196.571049,30,23,15,0,60,0,0
10489,Ti23Mo15W90,255.637089,15,0,0,23,0,90,0
10459,Zr60Ta23Mo30W15,141.862697,30,0,23,0,0,15,60
10508,Zr90Ta15V23,93.821973,0,0,15,0,23,0,90
10507,Ta15V23W90,271.017851,0,0,15,0,23,90,0
10494,Ta23Ti90Nb15,122.978619,0,15,23,90,0,0,0
10481,Nb23V90Mo15,186.818411,15,23,0,0,90,0,0
10461,Zr60Ti23V15Mo30,116.189623,30,0,0,23,15,0,60
10488,Ti23V90Mo15,171.676366,15,0,0,23,90,0,0
10512,Zr90Ti15W23,104.058137,0,0,0,15,0,23,90
10443,Zr23Ta15Ti15Nb30V15Mo15W15,158.538094,15,30,15,15,15,15,23
10495,Ta23Nb15V90,181.696108,0,15,23,0,90,0,0
10457,Ta23V15Mo30W60,260.085575,30,0,23,0,15,60,0
10506,Zr90Ta15Ti23,96.344072,0,0,15,23,0,0,90
10501,Nb15V23W90,266.626483,0,15,0,0,23,90,0
10538,Zr15Nb38V75,149.843068,0,38,0,0,75,0,15
10549,Zr15V38W75,224.509664,0,0,0,0,38,75,15
10562,V45Mo68W15,236.8935,68,0,0,0,45,15,0
10546,Ti38V75W15,159.929768,0,0,0,38,75,15,0
10564,Zr15Mo68W45,239.2917,68,0,0,0,0,45,15
10555,Ta45Ti15Mo68,214.727124,68,0,45,15,0,0,0
10530,Ta75Ti15Nb38,178.212351,0,38,75,15,0,0,0
10554,Zr15Nb45Mo68,199.347052,68,45,0,0,0,0,15
10548,Zr15Ti38W75,193.764046,0,0,0,38,0,75,15
10523,Zr15Ta75Mo38,191.237801,38,0,75,0,0,0,15
10547,Zr15Ti38V75,128.118808,0,0,0,38,75,0,15
10540,Ta38Ti75V15,131.930986,0,0,38,75,15,0,0
10552,Nb45V15Mo68,215.452176,68,45,0,0,15,0,0
10591,Zr45Ta38Nb15Mo15W15,149.875577,15,15,38,0,0,15,45
10536,Zr15Ti75Nb38,112.49071,0,38,0,75,0,0,15
10537,Nb38V75W15,188.847122,0,38,0,0,75,15,0
10541,Ta38Ti75W15,141.864457,0,0,38,75,0,15,0
10578,Ta68V45W15,200.065592,0,0,68,0,45,15,0
10531,Ta75Nb38V15,190.020838,0,38,75,0,15,0,0
10553,Nb45Mo68W15,232.121623,68,45,0,0,0,15,0
10539,Zr15Nb38W75,222.740437,0,38,0,0,0,75,15
10563,Zr15V45Mo68,197.538104,68,0,0,0,45,0,15
10590,Zr45Ta38Nb15V15Mo15,137.136689,15,15,38,0,15,0,45
10571,Zr15Ti45Nb68,127.695654,0,68,0,45,0,0,15
10524,Ti75V15Mo38,146.746942,38,0,0,75,15,0,0
10584,Zr15V68W45,194.563516,0,0,0,0,68,45,15
10565,Ta45Ti15Nb68,172.469764,0,68,45,15,0,0,0
10585,Zr15Ta15Ti30Nb23V15Mo15W15,156.191449,15,23,15,30,15,15,15
10598,Zr45Ta15Ti38Mo15W15,125.544364,15,0,15,38,0,15,45
10596,Ta15Ti38V15Mo15W45,199.452655,15,0,15,38,15,45,0
10641,Ti23Nb15V60Mo15W15,182.314356,15,15,0,23,60,15,0
10614,Ta60Ti15Nb15V23Mo15,182.389557,15,15,60,15,23,0,0
10655,Zr15Ta15Ti15V23W60,198.425584,0,0,15,15,23,60,15
10649,Zr15Ti15V23Mo15W60,207.345011,15,0,0,15,23,60,15
10623,Zr23Nb15V60Mo15W15,163.218429,15,15,0,0,60,15,23
10613,Zr30Ta23Ti30Nb15V15W15,136.0267,0,15,23,30,15,15,30
10606,Zr45Ta15Ti15V38W15,126.396134,0,0,15,15,38,15,45
10631,Zr23Ta15Ti60Nb15W15,123.458635,0,15,15,60,0,15,23
10625,Zr23Ta15Ti60V15Mo15,119.19535,15,0,15,60,15,0,23
10624,Ta15Ti60V15Mo15W23,163.535269,15,0,15,60,15,23,0
10639,Zr15Ta23Nb15V60Mo15,164.410669,15,15,23,0,60,0,15
10653,Zr15Ta15Nb15V23W60,210.143731,0,15,15,0,23,60,15
10648,Zr15Ta15V23Mo15W60,222.436021,15,0,15,0,23,60,15
10638,Ta23Nb15V60Mo15W15,201.479203,15,15,23,0,60,15,0
10622,Zr23Ti60Nb15Mo15W15,129.933061,15,15,0,60,0,15,23
10612,Zr30Ta23Ti30V15Mo15W15,142.602508,15,0,23,30,15,15,30
10640,Zr15Ta23Nb15Mo15W60,224.189802,15,15,23,0,0,60,15
10597,Zr45Ta15Ti38V15Mo15,114.005444,15,0,15,38,15,0,45
10647,Zr15Ta15Ti23Mo15W60,204.852428,15,0,15,23,0,60,15
10615,Ta60Ti15Nb15Mo15W23,202.87521,15,15,60,15,0,23,0
10599,Zr45Ta15V38Mo15W15,142.547731,15,0,15,0,38,15,45
10601,Ta15Ti38Nb15V15W45,188.099341,0,15,15,38,15,45,0
10646,Zr15Ta15Ti23V60Mo15,148.196684,15,0,15,23,60,0,15
10609,Zr30Ta30Ti15Nb23Mo15W15,153.813512,15,23,30,15,0,15,30
10654,Zr15Ti15Nb15V23W60,195.156162,0,15,0,15,23,60,15
10608,Zr30Ta30Ti15Nb23V15Mo15,140.355315,15,23,30,15,15,0,30
10703,Ti15Nb38V45W30,188.15555,0,38,0,15,45,30,0
10684,Nb15V45Mo38W30,228.37801,38,15,0,0,45,30,0
10718,Ta15V38Mo75,227.816327,75,0,15,0,38,0,0
10685,Zr30Nb15V45Mo38,155.702363,38,15,0,0,45,0,30
10705,Zr30Ti15Nb38W45,164.504575,0,38,0,15,0,45,30
10716,Zr38Nb15Mo75,175.476136,75,15,0,0,0,0,38
10677,Ta45Ti30Nb15Mo38,183.468209,38,15,45,30,0,0,0
10704,Zr30Ti15Nb38V45,127.226724,0,38,0,15,45,0,30
10676,Zr30Ta23Ti15V45W15,140.919258,0,0,23,15,45,15,30
10670,Zr30Ti15V45Mo23W15,150.02878,23,0,0,15,45,15,30
10678,Ta45Nb15V30Mo38,205.269542,38,15,45,0,30,0,0
10679,Ta45Nb15Mo38W30,236.413487,38,15,45,0,0,30,0
10665,Zr30Nb15V45Mo23W15,160.100127,23,15,0,0,45,15,30
10720,Zr38Ta15Mo75,177.295033,75,0,15,0,0,0,38
10690,Ta15V45Mo38W30,232.184454,38,0,15,0,45,30,0
10691,Zr30Ta15V45Mo38,158.090315,38,0,15,0,45,0,30
10683,Zr30Ti45Nb15Mo38,132.984845,38,15,0,45,0,0,30
10711,Zr30Ti38V15W45,147.98325,0,0,0,38,15,45,30
10682,Ti45Nb15Mo38W30,192.421508,38,15,0,45,0,30,0
10702,Zr30Ta15Nb38W45,176.88323,0,38,15,0,0,45,30
10698,Ta15Ti45Nb38W30,168.59283,0,38,15,45,0,30,0
10671,Ta15Ti45Nb23V15W30,168.807981,0,23,15,45,15,30,0
10729,Ta15Nb75W38,209.213163,0,75,15,0,0,38,0
10766,Zr15V60Mo15W38,196.465214,15,0,0,0,60,38,15
10787,Zr30Ta45Nb23Mo15W15,165.847901,15,23,45,0,0,15,30
10734,Nb75V15W38,206.339959,0,75,0,0,15,38,0
10760,Ta60V38Mo15W15,207.226529,15,0,60,0,38,15,0
10750,Zr15Ta38Nb60Mo15,171.422476,15,60,38,0,0,0,15
10768,Ta60Ti38Nb15W15,169.098201,0,15,60,38,0,15,0
10773,Ti60Nb15V38W15,145.047986,0,15,0,60,38,15,0
10732,Ti15Nb75W38,195.385712,0,75,0,15,0,38,0
10794,Zr30Ta23Ti45Mo15W15,133.607661,15,0,23,45,0,15,30
10743,Ti75V15W38,152.708779,0,0,0,75,15,38,0
10772,Zr15Ta60Nb15W38,198.591185,0,15,60,0,0,38,15
10756,Zr15Nb60Mo15W38,197.576353,15,60,0,0,0,38,15
10767,Ta60Ti38Nb15V15,156.95828,0,15,60,38,15,0,0
10758,Ta60Ti38Mo15W15,179.38169,15,0,60,38,0,15,0
10737,Ta75Ti15V38,175.817597,0,0,75,15,38,0,0
10733,Zr38Ti15Nb75,124.575051,0,75,0,15,0,0,38
10775,Zr15Ti60Nb15W38,146.435116,0,15,0,60,0,38,15
10751,Ti38Nb60V15Mo15,154.950661,15,60,0,38,15,0,0
10781,Zr15Ti15V60W38,174.752561,0,0,0,15,60,38,15
10757,Ta60Ti38V15Mo15,165.847531,15,0,60,38,15,0,0
10795,Zr30Ta23V45Mo15W15,157.7385,15,0,23,0,45,15,30
10793,Zr30Ta23Ti45V15Mo15,124.053885,15,0,23,45,15,0,30
10759,Zr15Ta60Ti38Mo15,148.357994,15,0,60,38,0,0,15
10792,Ta23Ti45V15Mo15W30,180.776144,15,0,23,45,15,30,0
10801,Zr30Ti23Nb15V45W15,132.396295,0,15,0,23,45,15,30
10727,Ta15Ti38Nb75,150.313152,0,75,15,38,0,0,0
10769,Zr15Ta60Ti38Nb15,140.295443,0,15,60,38,0,0,15
10761,Zr15Ta60V38Mo15,172.461367,15,0,60,0,38,0,15
10788,Ti45Nb23V15Mo15W30,176.635116,15,23,0,45,15,30,0
10786,Zr30Ta45Nb23V15Mo15,152.066002,15,23,45,0,15,0,30
10735,Zr38Nb75V15,131.375492,0,75,0,0,15,0,38
10863,Zr15Ti38Nb15V15Mo30W15,157.994217,30,15,0,38,15,15,15
10870,Zr15Ti15Nb23V15Mo15W45,191.787124,15,23,0,15,15,45,15
10813,Ti30Mo45W53,231.06138,45,0,0,30,0,53,0
10848,Ta53Ti30V15Mo15W15,183.622075,15,0,53,30,15,15,0
10822,Ti30Nb45V53,152.270843,0,45,0,30,53,0,0
10837,Zr53V45W30,133.591133,0,0,0,0,45,30,53
10806,Nb30Mo45W53,251.512565,45,30,0,0,0,53,0
10840,Zr15Ta30Ti15Nb53Mo15,158.980487,15,53,30,15,0,0,15
10849,Zr15Ta53Ti30V15Mo15,152.379471,15,0,53,30,15,0,15
10839,Ta30Ti15Nb53Mo15W15,190.128293,15,53,30,15,0,15,0
10836,Zr53Ti45W30,116.52795,0,0,0,45,0,30,53
10846,Zr15Ti30Nb53Mo15W15,155.443064,15,53,0,30,0,15,15
10812,Ti30V53Mo45,182.847105,45,0,0,30,53,0,0
10841,Ta30Nb53V15Mo15W15,199.965924,15,53,30,0,15,15,0
10807,Zr53Nb30Mo45,138.265606,45,30,0,0,0,0,53
10871,Zr15Ta23Ti15V15Mo15W45,196.513133,15,0,23,15,15,45,15
10862,Zr15Ta38Nb15V15Mo30W15,191.859295,30,15,38,0,15,15,15
10815,V30Mo45W53,262.190523,45,0,0,0,30,53,0
10864,Zr15Ta15Ti38V15Mo30W15,160.773767,30,0,15,38,15,15,15
10809,Ta30V53Mo45,209.569749,45,0,30,0,53,0,0
10823,Ti30Nb45W53,197.808909,0,45,0,30,0,53,0
10825,Nb45V30W53,220.775963,0,45,0,0,30,53,0
10847,Zr15Nb53V30Mo15W15,173.781344,15,53,0,0,30,15,15
10824,Zr53Ti30Nb45,106.601966,0,45,0,30,0,0,53
10814,Zr53Ti30Mo45,124.11086,45,0,0,30,0,0,53
10830,Zr53Ta45Ti30,113.050409,0,0,45,30,0,0,53
10865,Zr15Ta15Ti38Nb30V15W15,142.928943,0,30,15,38,15,15,15
10878,Ti30Nb15Mo30W53,220.865316,30,15,0,30,0,53,0
10919,Ta15Ti30Mo45W38,220.337366,45,0,15,30,0,38,0
10934,Ti15Nb45V30W38,195.896242,0,45,0,15,30,38,0
10916,Zr38Nb15V30Mo45,153.339628,45,15,0,0,30,0,38
10910,Ta30Nb15Mo45W38,245.422375,45,15,30,0,0,38,0
10920,Zr38Ta15Ti30Mo45,140.718156,45,0,15,30,0,0,38
10877,Ti30Nb15V53Mo30,172.004043,30,15,0,30,53,0,0
10903,Ta30Ti15V30W53,217.487629,0,0,30,15,30,53,0
10933,Zr38Ta15Nb45W30,156.523497,0,45,15,0,0,30,38
10932,Zr38Ta15Nb45V30,131.799499,0,45,15,0,30,0,38
10890,Zr53Ti15V30Mo30,120.985632,30,0,0,15,30,0,53
10885,Zr53Ta15Ti30Mo30,120.20873,30,0,15,30,0,0,53
10904,Zr53Ta30Ti15V30,112.714495,0,0,30,15,30,0,53
10905,Zr53Ta30Ti15W30,135.937672,0,0,30,15,0,30,53
10935,Zr38Ti15Nb45V30,122.325224,0,45,0,15,30,0,38
10943,Ta30Ti38Nb15V15Mo15W15,173.676395,15,15,30,38,15,15,0
10879,Zr53Ti30Nb15Mo30,118.016423,30,15,0,30,0,0,53
10902,Zr53Nb30V15W30,138.196848,0,30,0,0,15,30,53
10929,Ta15Ti30Nb45W38,187.484239,0,45,15,30,0,38,0
10911,Zr38Ta30Nb15Mo45,161.660984,45,15,30,0,0,0,38
10883,Ta15Ti30V53Mo30,174.394732,30,0,15,30,53,0,0
10927,Zr38V15Mo45W30,180.371981,45,0,0,0,15,30,38
10884,Ta15Ti30Mo30W53,223.458584,30,0,15,30,0,53,0
10876,Zr53Ta30Nb15Mo30,138.980681,30,15,30,0,0,0,53
10944,Zr15Ta30Ti38Nb15V15Mo15,143.69448,15,15,30,38,15,0,15
10882,Zr53Nb15Mo30W30,155.60176,30,15,0,0,0,30,53
10918,Ta15Ti30V38Mo45,182.861351,45,0,15,30,38,0,0
10993,Ta15Ti45Nb15Mo30W23,182.434324,30,15,15,45,0,23,0
11016,V75Mo53,213.410404,53,0,0,0,75,0,0
11021,Nb53V75,173.480004,0,53,0,0,75,0,0
11018,Zr75Mo53,125.186283,53,0,0,0,0,0,75
10958,Zr15Ta83Mo30,189.531977,30,0,83,0,0,0,15
11002,Ta15Ti15V45Mo30W23,207.076019,30,0,15,15,45,23,0
10960,Ti83Mo30W15,149.072676,30,0,0,83,0,15,0
10969,Ti83Nb30V15,122.294183,0,30,0,83,15,0,0
10950,Ta15Nb83Mo30,193.273629,30,83,15,0,0,0,0
10988,Zr15Ta15Nb30V15Mo15W38,198.544012,15,30,15,0,15,38,15
10968,Zr15Ta83Nb30,171.708283,0,30,83,0,0,0,15
10972,Nb30V83W15,189.079634,0,30,0,0,83,15,0
10951,Ti15Nb83Mo30,179.959456,30,83,0,15,0,0,0
10967,Ta83Nb30W15,201.266151,0,30,83,0,0,15,0
11005,Zr23Ta15V15Mo30W45,206.290625,30,0,15,0,15,45,23
11010,Zr23Ta15Nb30V15W45,183.587878,0,30,15,0,15,45,23
10992,Ta15Ti45Nb15V23Mo30,160.428731,30,15,15,45,23,0,0
10961,Zr15Ti83Mo30,123.781836,30,0,0,83,0,0,15
10995,Ta15Nb15V45Mo30W23,218.17052,30,15,15,0,45,23,0
10975,Ta30Ti83V15,127.334636,0,0,30,83,15,0,0
11011,Zr23Ti15Nb30V15W45,170.946221,0,30,0,15,15,45,23
10981,Ti30V83W15,167.926675,0,0,0,30,83,15,0
10959,Ti83V15Mo30,137.418035,30,0,0,83,15,0,0
10986,Zr15Ta15Ti15Nb30V38Mo15,153.594747,15,30,15,15,38,0,15
11020,Ti75Nb53,126.476293,0,53,0,75,0,0,0
10966,Ta83Nb30V15,191.997279,0,30,83,0,15,0,0
11003,Zr23Ta15Ti15V45Mo30,153.6086,30,0,15,15,45,0,23
11019,Ta75Nb53,191.34035,0,53,75,0,0,0,0
10994,Zr23Ta15Ti45Nb15Mo30,137.266132,30,15,15,45,0,0,23
11017,Mo53W75,283.054798,53,0,0,0,0,75,0
11004,Zr23Ta15Ti15Mo30W45,195.308647,30,0,15,15,0,45,23
10956,Ta83V15Mo30,206.140986,30,0,83,0,15,0,0
10957,Ta83Mo30W15,220.919148,30,0,83,0,0,15,0
11066,Zr15Ta83Ti15W15,171.639102,0,0,83,15,0,15,15
11033,Zr75W53,134.946934,0,0,0,0,0,53,75
11029,Ti53W75,203.260295,0,0,0,53,0,75,0
11028,Ti53V75,136.517599,0,0,0,53,75,0,0
11087,Zr45Ti45Mo15W23,123.969489,15,0,0,45,0,23,45
11035,Ta15Nb15V15Mo83,232.407623,83,15,15,0,15,0,0
11080,Ta45Ti23Mo15W45,216.518806,15,0,45,23,0,45,0
11057,Ta15Nb83V15W15,187.146137,0,83,15,0,15,15,0
11050,Ti15V15Mo83W15,232.046584,83,0,0,15,15,15,0
11059,Zr15Ta15Nb83W15,168.940074,0,83,15,0,0,15,15
11068,Zr15Ti83V15W15,119.055799,0,0,0,83,15,15,15
11081,Zr45Ta45Ti23Mo15,127.860073,15,0,45,23,0,0,45
11072,Zr45Ta23Nb45Mo15,136.489797,15,45,23,0,0,0,45
11027,Zr75Ta53,112.475623,0,0,53,0,0,0,75
11073,Ti23Nb45V45Mo15,164.873475,15,45,0,23,45,0,0
11042,Zr15Nb15V15Mo83,206.339043,83,15,0,0,15,0,15
11043,Zr15Nb15Mo83W15,222.214545,83,15,0,0,0,15,15
11075,Zr45Ti23Nb45Mo15,120.395771,15,45,0,23,0,0,45
11061,Zr15Ti15Nb83V15,141.855782,0,83,0,15,15,0,15
11032,Zr75V53,101.401429,0,0,0,0,53,0,75
11044,Ta15Ti15V15Mo83,220.443202,83,0,15,15,15,0,0
11086,Zr45Ti45V23Mo15,109.623593,15,0,0,45,23,0,45
11074,Ti23Nb45Mo15W45,205.623289,15,45,0,23,0,45,0
11026,Ta53W75,249.690168,0,0,53,0,0,75,0
11089,Ta45Ti23Nb15V45,163.783044,0,15,45,23,45,0,0
11088,Zr45V45Mo15W23,141.779937,15,0,0,0,45,23,45
11045,Ta15Ti15Mo83W15,234.273501,83,0,15,15,0,15,0
11123,Zr23V45Mo45W15,183.482924,45,0,0,0,45,15,23
11139,Ta30Ti45Nb23V15Mo15,155.830349,15,23,30,45,15,0,0
11107,Zr23Ta15Nb45Mo45,174.523714,45,45,15,0,0,0,23
11152,Zr15Ta23V30Mo15W45,207.423603,15,0,23,0,30,45,15
11137,Zr23Ta45V45W15,162.726247,0,0,45,0,45,15,23
11095,Ti45Nb15V23W45,180.037167,0,15,0,45,23,45,0
11155,Zr15Ta23Ti30Nb15V45,138.287528,0,15,23,30,45,0,15
11154,Ta23Ti30Nb15V45W15,168.591405,0,15,23,30,45,15,0
11136,Zr23Ta45Ti45W15,137.653292,0,0,45,45,0,15,23
11164,Ti53Nb15V15Mo45,164.473789,45,15,0,53,15,0,0
11108,Ti15Nb45V23Mo45,191.984733,45,45,0,15,23,0,0
11100,Zr45Ta15Ti45V23,106.394595,0,0,15,45,23,0,45
11122,Zr23Ti45Mo45W15,155.210662,45,0,0,45,0,15,23
11153,Zr15Ti23V30Mo15W45,186.008155,15,0,0,23,30,45,15
11138,Zr23Ti45V45W15,126.82024,0,0,0,45,45,15,23
11109,Ti15Nb45Mo45W23,211.0186,45,45,0,15,0,23,0
11162,Ta53Nb15Mo45W15,226.666689,45,15,53,0,0,15,0
11130,Ti45Nb45V15W23,159.587574,0,45,0,45,15,23,0
11131,Zr23Ti45Nb45V15,121.203057,0,45,0,45,15,0,23
11113,Zr23Nb45Mo45W15,186.110263,45,45,0,0,0,15,23
11147,Zr15Ti30Nb23Mo15W45,180.550502,15,23,0,30,0,45,15
11106,Ta15Nb45Mo45W23,224.544678,45,45,15,0,0,23,0
11101,Zr45Ta15Ti45W23,119.565619,0,0,15,45,0,23,45
11115,Ta45Ti15Mo45W23,221.965919,45,0,45,15,0,23,0
11114,Ta45Ti15V23Mo45,199.192435,45,0,45,15,23,0,0
11163,Zr15Ta53Nb15Mo45,191.445373,45,15,53,0,0,0,15
11148,Zr15Nb23V30Mo15W45,202.003267,15,23,0,0,30,45,15
11165,Ti53Nb15Mo45W15,177.254974,45,15,0,53,0,15,0
11124,Ta45Ti15Nb45V23,170.833524,0,45,45,15,23,0,0
11092,Ta45Nb15V23W45,222.604431,0,15,45,0,23,45,0
11146,Zr15Ti30Nb23V45Mo15,140.268107,15,23,0,30,45,0,15
11198,Zr30Ta53Nb30Mo15,157.117045,15,30,53,0,0,0,30
11201,Zr30Ti53Nb30Mo15,118.951985,15,30,0,53,0,0,30
11213,Zr30Ti30Mo15W53,170.339922,15,0,0,30,0,53,30
11237,Ta38Mo45W45,255.310942,45,0,38,0,0,45,0
11190,Ta45Ti15V53W15,184.86323,0,0,45,15,53,15,0
11177,Zr15Ti15V53Mo45,170.453234,45,0,0,15,53,0,15
11231,Ti45Nb38Mo45,168.856676,45,38,0,45,0,0,0
11197,Ta53Nb30Mo15W30,217.582994,15,30,53,0,0,30,0
11212,Zr30Ti30V53Mo15,123.780884,15,0,0,30,53,0,30
11199,Ti53Nb30V30Mo15,145.907737,15,30,0,53,30,0,0
11191,Zr15Ta45Ti15V53,150.302096,0,0,45,15,53,0,15
11236,Ta38V45Mo45,209.570073,45,0,38,0,45,0,0
11214,Zr30V30Mo15W53,189.135781,15,0,0,0,30,53,30
11207,Zr30Ta30Ti53Mo15,123.309785,15,0,30,53,0,0,30
11215,Ta30Ti53Nb15V30,141.864422,0,15,30,53,30,0,0
11240,Ti38Mo45W45,218.951328,45,0,0,38,0,45,0
11241,Zr45Ti38Mo45,126.105172,45,0,0,38,0,0,45
11223,Zr30Ti30Nb15W53,160.925486,0,15,0,30,0,53,30
11200,Ti53Nb30Mo15W30,170.988289,15,30,0,53,0,30,0
11222,Zr30Ti30Nb15V53,119.365051,0,15,0,30,53,0,30
11225,Ta15Ti30V53W30,180.641352,0,0,15,30,53,30,0
11183,Ta15Nb45V53W15,188.644636,0,45,15,0,53,15,0
11230,Ta45Nb38Mo45,209.839934,45,38,45,0,0,0,0
11196,Ta53Nb30V30Mo15,192.279455,15,30,53,0,30,0,0
11239,Ti38V45Mo45,175.378962,45,0,0,38,45,0,0
11185,Zr15Ta15Nb45W53,202.86683,0,45,15,0,0,53,15
11224,Zr30Nb15V30W53,178.633122,0,15,0,0,30,53,30
11208,Ta30V53Mo15W30,217.223157,15,0,30,0,53,30,0
11246,Ta38Nb45V45,180.686837,0,45,38,0,45,0,0
11298,Zr15Ta98Nb15,173.468456,0,15,98,0,0,0,15
11285,Ta98Ti15Mo15,190.358099,15,0,98,15,0,0,0
11283,Nb98Mo15W15,194.326352,15,98,0,0,0,15,0
11254,Zr45Nb45W38,151.225848,0,45,0,0,0,38,45
11284,Zr15Nb98Mo15,159.596153,15,98,0,0,0,0,15
11317,Ti68Mo60,163.68787,60,0,0,68,0,0,0
11303,Zr15Nb15V98,151.31756,0,15,0,0,98,0,15
11305,Ta15Ti98V15,118.433717,0,0,15,98,15,0,0
11321,Ta68Nb60,189.686521,0,60,68,0,0,0,0
11310,Zr15Ta15W98,249.7951,0,0,15,0,0,98,15
11318,V68Mo60,216.686636,60,0,0,0,68,0,0
11278,Zr15Ta15Ti30Nb30V23W15,148.213399,0,30,15,30,23,15,15
11316,Ta68Mo60,225.59505,60,0,68,0,0,0,0
11282,Nb98V15Mo15,178.368979,15,98,0,0,15,0,0
11279,Zr15Ta15Ti23Nb15V30Mo15W15,162.06796,15,15,15,23,30,15,15
11265,Ta15Ti38Nb15V30Mo15W15,170.522458,15,15,15,38,30,15,0
11277,Zr15Ta15Ti30V23Mo30W15,166.39025,30,0,15,30,23,15,15
11304,Zr15Nb15W98,246.409172,0,15,0,0,0,98,15
11281,Ti15Nb98Mo15,169.362709,15,98,0,15,0,0,0
11311,Ti15V98W15,181.770731,0,0,0,15,98,15,0
11296,Ta98Nb15V15,194.555431,0,15,98,0,15,0,0
11247,Ta38Nb45W45,218.143706,0,45,38,0,0,45,0
11248,Zr45Ta38Nb45,132.219332,0,45,38,0,0,0,45
11270,Zr15Ta15Ti15V38Mo15W30,181.122785,15,0,15,15,38,30,15
11276,Zr15Ti30Nb15V23Mo30W15,163.23032,30,15,0,30,23,15,15
11249,Ti38Nb45V45,144.942498,0,45,0,38,45,0,0
11253,Zr45Nb45V38,121.647342,0,45,0,0,38,0,45
11262,Zr45Ti45V38,104.348681,0,0,0,45,38,0,45
11271,Zr15Ta15Ti15Nb15V38W30,168.964742,0,15,15,15,38,30,15
11302,Nb15V98W15,193.381804,0,15,0,0,98,15,0
11291,Zr15Ti98Mo15,110.408626,15,0,0,98,0,0,15
11360,Zr15Ta15Nb15V15Mo53W15,203.326676,53,15,15,0,15,15,15
11350,Zr15Ti15V15Mo38W45,208.992218,38,0,0,15,15,45,15
11366,Zr15Ta15Ti53Nb30Mo15,134.242342,15,30,15,53,0,0,15
11359,Zr15Ta15Ti15Nb15Mo53W15,192.906566,53,15,15,15,0,15,15
11356,Zr15Ta38Ti15V15W45,189.517295,0,0,38,15,15,45,15
11374,Ta30Ti15V53Mo15W15,192.016734,15,0,30,15,53,15,0
11351,Ta15Ti15Nb38V45W15,178.728116,0,38,15,15,45,15,0
11368,Zr15Ta15Nb30V53Mo15,162.663644,15,30,15,0,53,0,15
11357,Ta15Ti15Nb15V15Mo53W15,213.175366,53,15,15,15,15,15,0
11335,Zr68W60,143.669741,0,0,0,0,0,60,68
11375,Zr15Ta30Ti15V53Mo15,155.106077,15,0,30,15,53,0,15
11332,Zr68Ti60,94.371058,0,0,0,60,0,0,68
11387,Zr15Ta23Ti45Nb30Mo15,139.42141,15,30,23,45,0,0,15
11369,Zr15Ta15Nb30Mo15W53,214.336468,15,30,15,0,0,53,15
11361,Zr15Ti15Nb15V15Mo53W15,189.055833,53,15,0,15,15,15,15
11327,Ta60V68,186.557567,0,0,60,0,68,0,0
11329,Zr68Ta60,116.567202,0,0,60,0,0,0,68
11342,Ti15Nb15V45Mo38W15,200.853425,38,15,0,15,45,15,0
11358,Zr15Ta15Ti15Nb15V15Mo53,179.232223,53,15,15,15,15,0,15
11333,V60W68,241.701673,0,0,0,0,60,68,0
11334,Zr68V60,104.626756,0,0,0,0,60,0,68
11326,Ta60Ti68,139.666929,0,0,60,68,0,0,0
11367,Ta15Nb30V53Mo15W15,198.874559,15,30,15,0,53,15,0
11419,Ti15Nb15V38Mo45W15,206.188518,45,15,0,15,38,15,0
11405,Zr15Ta15Ti30V23W45,172.351061,0,0,15,30,23,45,15
11392,Zr15Ti23Nb30V45Mo15,144.93486,15,30,0,23,45,0,15
11395,Ta30Ti23V45Mo15W15,185.550292,15,0,30,23,45,15,0
11411,Zr15Ta53Ti15V15Mo15W15,175.098214,15,0,53,15,15,15,15
11421,Zr15Ti15Nb15Mo45W38,206.634411,45,15,0,15,0,38,15
11429,Zr15Ta15Ti15Nb45V38,145.753513,0,45,15,15,38,0,15
11394,Zr15Nb30V23Mo15W45,202.726828,15,30,0,0,23,45,15
11427,Zr15Ti15V15Mo45W38,207.13856,45,0,0,15,15,38,15
11417,Zr15Ta15Nb15V38Mo45,183.551865,45,15,15,0,38,0,15
11418,Zr15Ta15Nb15Mo45W38,221.069431,45,15,15,0,0,38,15
11457,Ta30Nb45V15Mo38,202.949385,38,45,30,0,15,0,0
11420,Zr15Ti15Nb15V38Mo45,171.596964,45,15,0,15,38,0,15
11416,Ta15Nb15V38Mo45W15,219.742822,45,15,15,0,38,15,0
11410,Zr15Ti15Nb53V15Mo15W15,164.287967,15,53,0,15,15,15,15
11442,Zr15Ti60Nb15V15Mo23,131.194565,23,15,0,60,15,0,15
11426,Zr15Ta15V15Mo45W38,220.661879,45,0,15,0,15,38,15
11433,Zr15Ta45Ti15V15W38,183.318959,0,0,45,15,15,38,15
11428,Ta15Ti15Nb45V38W15,177.927157,0,45,15,15,38,15,0
11443,Zr15Ti60Nb15Mo23W15,141.736765,23,15,0,60,0,15,15
11451,Zr15Ta15Ti60Nb23V15,121.153612,0,23,15,60,15,0,15
11444,Zr15Nb15V60Mo23W15,179.617305,23,15,0,0,60,15,15
11459,Zr15Ta30Nb45Mo38,183.683579,38,45,30,0,0,0,15
11445,Ta15Ti60V15Mo23W15,160.629817,23,0,15,60,15,15,0
11393,Zr15Ti23Nb30Mo15W45,185.825404,15,30,0,23,0,45,15
11388,Ta23Nb30V45Mo15W15,200.091611,15,30,23,0,45,15,0
11402,Zr15Ta30Ti23Nb15W45,181.827686,0,15,30,23,0,45,15
11434,Zr15Ta30Ti15Nb15V15Mo15W23,176.449636,15,15,30,15,15,23,15
11461,Ti30Nb45Mo38W15,189.570142,38,45,0,30,0,15,0
11500,Zr30Nb30V38Mo15W15,154.209484,15,30,0,0,38,15,30
11468,Zr15Ta45Ti30Mo38,165.404034,38,0,45,30,0,0,15
11494,Ta38Nb30V15Mo15W30,215.49331,15,30,38,0,15,30,0
11486,Ta38Ti45V30W15,158.814093,0,0,38,45,30,15,0
11473,Zr15Ti45V30Mo38,146.219792,38,0,0,45,30,0,15
11501,Ta30Ti38V15Mo15W30,187.695805,15,0,30,38,15,30,0
11474,Zr15Ti45Mo38W30,172.108285,38,0,0,45,0,30,15
11487,Zr15Ta38Ti45V30,133.770215,0,0,38,45,30,0,15
11493,Zr30Ta38Ti15Nb30Mo15,144.264925,15,30,38,15,0,0,30
11488,Zr15Ta38Ti45W30,155.395312,0,0,38,45,0,30,15
11495,Zr30Ta38Nb30V15Mo15,152.47539,15,30,38,0,15,0,30
11508,Zr30Ta30Ti38Nb15W15,131.701662,0,15,30,38,0,15,30
11466,Ta45Ti30V15Mo38,182.676481,38,0,45,30,15,0,0
11523,Zr15Ta15Nb15V23Mo15W45,205.521623,15,15,15,0,23,45,15
11481,Zr15Ta45Nb38W30,188.763907,0,38,45,0,0,30,15
11509,Zr30Ta30Nb15V38W15,151.701453,0,15,30,0,38,15,30
11522,Zr15Ta15Ti23Nb15Mo15W45,189.423619,15,15,15,23,0,45,15
11480,Zr15Ta45Nb38V30,161.978885,0,38,45,0,30,0,15
11489,Zr15Ta38V45W30,185.027001,0,0,38,0,45,30,15
11475,Zr15V45Mo38W30,206.672928,38,0,0,0,45,30,15
11506,Ta30Ti38Nb15V15W30,177.559323,0,15,30,38,15,30,0
11472,Ti45V30Mo38W15,178.958734,38,0,0,45,30,15,0
11507,Zr30Ta30Ti38Nb15V15,121.861305,0,15,30,38,15,0,30
11531,Zr15Ti45Nb15V15Mo15W23,151.03743,15,15,0,45,15,23,15
11492,Ta38Ti15Nb30Mo15W30,204.10998,15,30,38,15,0,30,0
11530,Zr15Ta45Nb15V15Mo15W23,190.111921,15,15,45,0,15,23,15
11565,Zr15Ta30Nb23V30Mo15W15,180.467879,15,23,30,0,30,15,15
11601,Zr15Nb30Mo53W30,214.222948,53,30,0,0,0,30,15
11541,Zr38Ti15Nb30V30Mo15,128.306492,15,30,0,15,30,0,38
11570,Ta38Ti15Nb45Mo15W15,192.040537,15,45,38,15,0,15,0
11606,Zr15Ta30V30Mo53,190.22253,53,0,30,0,30,0,15
11562,Ta30Ti30Nb23V15Mo15W15,178.996289,15,23,30,30,15,15,0
11564,Zr15Ta30Ti30Nb23Mo15W15,161.847694,15,23,30,30,0,15,15
11590,Zr15Ta23Ti30Nb15V15Mo15W15,157.524674,15,15,23,30,15,15,15
11549,Ta30Ti15Nb15V30W38,201.898273,0,15,30,15,30,38,0
11538,Zr38Ta15Nb30V30Mo15,138.512148,15,30,15,0,30,0,38
11579,Ta45Ti38V15Mo15W15,175.911997,15,0,45,38,15,15,0
11608,Ti30V30Mo53W15,200.48562,53,0,0,30,30,15,0
11591,Zr23Ta15Ti15Nb15V15Mo30W15,167.409724,30,15,15,15,15,15,23
11555,Ta15Ti23Nb15V30Mo30W15,192.00609,30,15,15,23,30,15,0
11598,Zr15Ti30Nb30Mo53,165.799031,53,30,0,30,0,0,15
11540,Ti15Nb30V30Mo15W38,206.144117,15,30,0,15,30,38,0
11554,Zr38Ta15Ti30V15W30,137.233655,0,0,15,30,15,30,38
11563,Zr15Ta30Ti30Nb23V15Mo15,148.648083,15,23,30,30,15,0,15
11552,Zr38Ta30Nb15V15W30,155.658561,0,15,30,0,15,30,38
11547,Zr38Ta30V15Mo15W30,164.624882,15,0,30,0,15,30,38
11585,Zr15Ta45Ti38Nb15V15,138.456943,0,15,45,38,15,0,15
11546,Zr38Ta30Ti15Mo15W30,155.993561,15,0,30,15,0,30,38
11583,Zr15Ti45V38Mo15W15,144.998273,15,0,0,45,38,15,15
11537,Ta15Nb30V30Mo15W38,220.811269,15,30,15,0,30,38,0
11597,Ti30Nb30Mo53W15,198.710767,53,30,0,30,0,15,0
11553,Zr38Ti30Nb15V15W30,134.368902,0,15,0,30,15,30,38
11536,Zr38Ta15Ti30Nb30Mo15,125.530668,15,30,15,30,0,0,38
11548,Zr38Ti30V15Mo15W30,141.153051,15,0,0,30,15,30,38
11599,Nb30V30Mo53W15,221.903825,53,30,0,0,30,15,0
11578,Zr15Nb45V38Mo15W15,173.152699,15,45,0,0,38,15,15
11571,Zr15Ta38Ti15Nb45Mo15,160.371979,15,45,38,15,0,0,15
11539,Zr38Ta15Nb30Mo15W30,162.682438,15,30,15,0,0,30,38
11596,Ti30Nb30V15Mo53,185.442626,53,30,0,30,15,0,0
11678,Ti15V38Mo60W15,219.151816,60,0,0,15,38,15,0
11641,Zr38Ta30V15Mo45,158.449157,45,0,30,0,15,0,38
11649,Zr38Ta30Ti15Nb45,129.456995,0,45,30,15,0,0,38
11612,Ta30Ti30Nb53V15,157.986742,0,53,30,30,15,0,0
11646,Zr38V30Mo45W15,165.252254,45,0,0,0,30,15,38
11671,Zr15Nb15Mo60W38,228.641725,60,15,0,0,0,38,15
11676,Zr15Ta15V38Mo60,195.115623,60,0,15,0,38,0,15
11670,Zr15Nb15V38Mo60,192.934767,60,15,0,0,38,0,15
11685,Ta15Nb60V38W15,187.651514,0,60,15,0,38,15,0
11637,Ta30Ti15V38Mo45,196.882127,45,0,30,15,38,0,0
11639,Zr38Ta30Ti15Mo45,150.536178,45,0,30,15,0,0,38
11655,Zr38Ti30Nb45W15,125.65835,0,45,0,30,0,15,38
11654,Zr38Ti30Nb45V15,117.646861,0,45,0,30,15,0,38
11665,Zr15Ta38Nb15Mo60,199.528855,60,15,38,0,0,0,15
11653,Ti30Nb45V15W38,183.885285,0,45,0,30,15,38,0
11682,Ta15Ti38Nb60V15,149.939024,0,60,15,38,15,0,0
11630,Zr38Ta15Nb30Mo45,157.824993,45,30,15,0,0,0,38
11683,Ta15Ti38Nb60W15,161.507599,0,60,15,38,0,15,0
11647,Ta30Ti15Nb45V38,168.053382,0,45,30,15,38,0,0
11664,Ta38Nb15Mo60W15,234.860047,60,15,38,0,0,15,0
11684,Zr15Ta15Ti38Nb60,135.223059,0,60,15,38,0,0,15
11677,Zr15Ta15Mo60W38,231.181412,60,0,15,0,0,38,15
11615,Ta30Nb53V30W15,191.075877,0,53,30,0,30,15,0
11622,Ta53Ti30V30W15,172.883122,0,0,53,30,30,15,0
11613,Ta30Ti30Nb53W15,170.685727,0,53,30,30,0,15,0
11624,Zr15Ta53Ti30W30,168.707026,0,0,53,30,0,30,15
11648,Ta30Ti15Nb45W38,200.497627,0,45,30,15,0,38,0
11625,Zr15Ta53V30W30,187.256452,0,0,53,0,30,30,15
11614,Zr15Ta30Ti30Nb53,142.129103,0,53,30,30,0,0,15
11623,Zr15Ta53Ti30V30,143.199062,0,0,53,30,30,0,15
11679,Zr15Ti15V38Mo60,180.886544,60,0,0,15,38,0,15
11640,Ta30V15Mo45W38,245.735303,45,0,30,0,15,38,0
11751,Ti15Nb15V38W60,219.541759,0,15,0,15,38,60,0
11744,Zr60V15Mo15W38,140.89824,15,0,0,0,15,38,60
11759,Zr60Ti15V15W38,127.134298,0,0,0,15,15,38,60
11750,Zr60Ta15Nb15W38,140.020277,0,15,15,0,0,38,60
11698,Ta15Ti30Nb30Mo23W30,194.632107,23,30,15,30,0,30,0
11690,Zr15Ti15Nb60W38,176.509588,0,60,0,15,0,38,15
11756,Zr60Ta15Ti15V38,105.943318,0,0,15,15,38,0,60
11711,Zr30Ti30V15Mo23W30,155.180745,23,0,0,30,15,30,30
11732,Nb15V38Mo15W60,241.203176,15,15,0,0,38,60,0
11760,Ta30Nb53Mo45,209.43685,45,53,30,0,0,0,0
11702,Zr30Ta15Nb30Mo23W30,179.766221,23,30,15,0,0,30,30
11703,Ti15Nb30V30Mo23W30,204.512003,23,30,0,15,30,30,0
11758,Zr60Ta15V15W38,134.689428,0,0,15,0,15,38,60
11705,Zr30Ti15Nb30Mo23W30,166.469204,23,30,0,15,0,30,30
11704,Zr30Ti15Nb30V30Mo23,139.375477,23,30,0,15,30,0,30
11757,Zr60Ta15Ti15W38,131.981833,0,0,15,15,0,38,60
11729,Ti38Nb15V60Mo15,156.955385,15,15,0,38,60,0,0
11733,Zr60Nb15V38Mo15,116.387143,15,15,0,0,38,0,60
11742,Zr60Ti15V38Mo15,107.610231,15,0,0,15,38,0,60
11728,Zr60Ta38Nb15Mo15,126.801669,15,15,38,0,0,0,60
11710,Zr30Ta30V15Mo23W30,180.247485,23,0,30,0,15,30,30
11743,Zr60Ti15Mo15W38,137.200683,15,0,0,15,0,38,60
11717,Zr30Ta23Ti30V15W30,145.877833,0,0,23,30,15,30,30
11691,Zr15Nb60V15W38,185.276858,0,60,0,0,15,38,15
11735,Ta15Ti38V60Mo15,159.307456,15,0,15,38,60,0,0
11734,Zr60Nb15Mo15W38,145.64706,15,15,0,0,0,38,60
11801,Zr15Ta23Ti30Nb30V15W15,149.793047,0,30,23,30,15,15,15
11823,Zr68Mo45W15,135.657626,45,0,0,0,0,15,68
11786,Ta45Ti53W30,167.854522,0,0,45,53,0,30,0
11768,Zr30Ta53Mo45,174.478138,45,0,53,0,0,0,30
11788,Ta45V53W30,209.158571,0,0,45,0,53,30,0
11769,Ti53V30Mo45,164.528938,45,0,0,53,30,0,0
11809,Ta68Nb15Mo45,212.449034,45,15,68,0,0,0,0
11793,Zr30Ti45W53,151.173518,0,0,0,45,0,53,30
11772,V53Mo45W30,235.010372,45,0,0,0,53,30,0
11775,Ta53Ti30Nb45,163.067545,0,45,53,30,0,0,0
11761,Ti30Nb53Mo45,179.946197,45,53,0,30,0,0,0
11824,Ta15Ti68Nb45,133.15581,0,45,15,68,0,0,0
11766,Ta53V30Mo45,211.392116,45,0,53,0,30,0,0
11806,Zr30Ti30Nb15V15Mo15W23,146.511271,15,15,0,30,15,23,30
11767,Ta53Mo45W30,239.191198,45,0,53,0,0,30,0
11825,Ta15Nb45V68,177.301274,0,45,15,0,68,0,0
11814,Ta15Ti68Mo45,157.169267,45,0,15,68,0,0,0
11773,Zr30V53Mo45,160.278881,45,0,0,0,53,0,30
11822,Zr68V15Mo45,122.667304,45,0,0,0,15,0,68
11792,Zr30Ti45V53,111.766508,0,0,0,45,53,0,30
11781,Zr30Ti53Nb45,113.682927,0,45,0,53,0,0,30
11830,Zr68Ti15Nb45,103.534358,0,45,0,15,0,0,68
11812,Nb15Mo45W68,272.507147,45,15,0,0,0,68,0
11815,Ta15V68Mo45,208.252481,45,0,15,0,68,0,0
11774,Zr30Mo45W53,213.350528,45,0,0,0,0,53,30
11813,Zr68Nb15Mo45,126.778423,45,15,0,0,0,0,68
11795,Ta30Ti15Nb23V15Mo30W15,199.96571,30,23,30,15,15,15,0
11794,Zr30V45W53,177.832586,0,0,0,0,45,53,30
11838,Zr68Ta45V15,114.540976,0,0,45,0,15,0,68
11865,Ta15Ti30Nb15V30Mo38,178.228597,38,15,15,30,30,0,0
11904,Zr30Ti68Mo15W15,120.632132,15,0,0,68,0,15,30
11849,Zr23Ta30Nb30Mo15W30,185.132991,15,30,30,0,0,30,23
11878,Zr30Ta15V15Mo38W30,187.419801,38,0,15,0,15,30,30
11862,Zr23Ta30Nb15V30W30,172.153473,0,15,30,0,30,30,23
11840,Ti45V15W68,203.888471,0,0,0,45,15,68,0
11839,Zr68Ta45W15,123.740088,0,0,45,0,0,15,68
11891,Ti15Nb68Mo15W30,198.789932,15,68,0,15,0,30,0
11870,Zr30Ta15Nb15Mo38W30,188.273243,38,15,15,0,0,30,30
11841,Zr68Ti45V15,94.397644,0,0,0,45,15,0,68
11848,Zr23Ta30Nb30V30Mo15,157.719573,15,30,30,0,30,0,23
11884,Zr30Ti15Nb38V15W30,149.966356,0,38,0,15,15,30,30
11847,Ta30Nb30V30Mo15W23,207.245572,15,30,30,0,30,23,0
11903,Zr30Ti68V15Mo15,112.252339,15,0,0,68,15,0,30
11871,Ti15Nb15V30Mo38W30,215.697824,38,15,0,15,30,30,0
11885,Zr30Ta38Ti15V15W30,156.239389,0,0,38,15,15,30,30
11879,Zr30Ti15V15Mo38W30,173.702306,38,0,0,15,15,30,30
11898,Zr30Ta68Ti15Mo15,149.295136,15,0,68,15,0,0,30
11877,Zr30Ta15Ti15Mo38W30,176.983697,38,0,15,15,0,30,30
11882,Zr30Ta15Ti15Nb38W30,153.173989,0,38,15,15,0,30,30
11883,Zr30Ta15Nb38V15W30,162.083837,0,38,15,0,15,30,30
11846,Zr23Ta30Ti30Nb30Mo15,141.556705,15,30,30,30,0,0,23
11854,Ta30Ti30V30Mo15W23,187.088579,15,0,30,30,30,23,0
11902,Ti68V15Mo15W30,161.263309,15,0,0,68,15,30,0
11896,Ta68Ti15V30Mo15,184.359941,15,0,68,15,30,0,0
11853,Zr23Nb30V30Mo15W30,177.271792,15,30,0,0,30,30,23
11876,Zr30Ta15Ti15V30Mo38,149.523051,38,0,15,15,30,0,30
11933,V30Mo53W45,258.109782,53,0,0,0,30,45,0
11957,Ta15Nb38V60Mo15,186.006409,15,38,15,0,60,0,0
11928,Ta30Mo53W45,260.690963,53,0,30,0,0,45,0
11961,Ti15Nb38Mo15W60,227.650068,15,38,0,15,0,60,0
11960,Ti15Nb38V60Mo15,172.375423,15,38,0,15,60,0,0
11927,Ta30V45Mo53,214.3643,53,0,30,0,45,0,0
11943,Nb53V30W45,213.15134,0,53,0,0,30,45,0
11959,Zr60Ta15Nb38Mo15,124.075739,15,38,15,0,0,0,60
11916,Ta15Ti68V15W30,153.757923,0,0,15,68,15,30,0
11968,Zr60Ta38Ti15Mo15,119.639648,15,0,38,15,0,0,60
11934,Zr45V30Mo53,147.606487,53,0,0,0,30,0,45
11942,Zr45Ti30Nb53,111.205024,0,53,0,30,0,0,45
11975,Zr60V38Mo15W15,125.786981,15,0,0,0,38,15,60
11920,Zr30Ti15V68W15,136.842612,0,0,0,15,68,15,30
11974,Zr60Ti38Mo15W15,113.974808,15,0,0,38,0,15,60
11950,Zr45Ta53V30,130.597242,0,0,53,0,30,0,45
11951,Zr45Ta53W30,156.361929,0,0,53,0,0,30,45
11932,Zr45Ti30Mo53,135.067932,53,0,0,30,0,0,45
11967,Ta38Ti15Mo15W60,234.164672,15,0,38,15,0,60,0
11969,Ta38V15Mo15W60,243.859124,15,0,38,0,15,60,0
11917,Zr30Ta15Ti68V15,108.899401,0,0,15,68,15,0,30
11935,Zr45Mo53W30,179.284924,53,0,0,0,0,30,45
11911,Zr30Ta68Nb15W15,162.062392,0,15,68,0,0,15,30
11918,Zr30Ta15Ti68W15,116.117798,0,0,15,68,0,15,30
11910,Zr30Ta68Nb15V15,149.605354,0,15,68,0,15,0,30
11973,Zr60Ti38V15Mo15,105.438715,15,0,0,38,15,0,60
11929,Zr45Ta30Mo53,158.484152,53,0,30,0,0,0,45
11966,Ta38Ti15V60Mo15,179.202613,15,0,38,15,60,0,0
11905,Zr30V68Mo15W15,154.816068,15,0,0,0,68,15,30
11919,Zr30Ta15V68W15,148.472686,0,0,15,0,68,15,30
11956,Ta15Ti60Nb38Mo15,144.544177,15,38,15,60,0,0,0
11958,Ta15Nb38Mo15W60,242.840861,15,38,15,0,0,60,0
12001,Ta53Ti15V15Mo30W15,204.53046,30,0,53,15,15,15,0
12000,Zr15Nb53V15Mo30W15,184.549342,30,53,0,0,15,15,15
11993,Zr15Ta15Ti15Nb53Mo30,164.287121,30,53,15,15,0,0,15
12006,Ta53Ti15Nb30V15W15,185.12167,0,30,53,15,15,15,0
11995,Zr15Ta15Nb53V15Mo30,173.163724,30,53,15,0,15,0,15
11992,Ta15Ti15Nb53Mo30W15,197.429786,30,53,15,15,0,15,0
11994,Ta15Nb53V15Mo30W15,208.960006,30,53,15,0,15,15,0
12007,Zr15Ta53Ti15Nb30V15,153.458832,0,30,53,15,15,0,15
12008,Zr15Ta53Ti15Nb30W15,166.848675,0,30,53,15,0,15,15
12009,Zr15Ta53Nb30V15W15,176.286989,0,30,53,0,15,15,15
8688,Ta15Ti30Nb15V38Mo15W15,176.774976,15,15,15,30,38,15,0
8709,Zr15Ti23Nb45V30Mo15,146.78203,15,45,0,23,30,0,15
8686,Zr30Ti38Nb15V15W30,136.988159,0,15,0,38,15,30,30
8675,Zr30Ti15Nb38Mo15W30,160.919185,15,38,0,15,0,30,30
8707,Zr15Ta23Nb45Mo15W30,193.195218,15,45,23,0,0,30,15
8713,Zr15Ta45Ti23V30Mo15,154.225951,15,0,45,23,30,0,15
8643,Zr15Ta75Ti23W15,163.706354,0,0,75,23,0,15,15
8770,Zr23Ti45Nb30V15W15,129.163573,0,30,0,45,15,15,23
8778,Zr15Ta45Ti23Nb15V15W15,157.463302,0,15,45,23,15,15,15
8730,Ta15Ti15Nb30V15Mo53,198.838858,53,30,15,15,15,0,0
8764,Zr23Ta45V15Mo30W15,182.422662,30,0,45,0,15,15,23
8731,Ta15Ti15Nb30Mo53W15,212.020958,53,30,15,15,0,15,0
8748,Zr15Ta30Nb53V15W15,171.424379,0,53,30,0,15,15,15
8782,Zr30Ta23Nb30V15Mo15W15,160.727127,15,30,23,0,15,15,30
8746,Zr15Ta30Ti15Nb53V15,149.695572,0,53,30,15,15,0,15
8784,Zr30Ta30Ti23V15Mo15W15,148.12458,15,0,30,23,15,15,30
8739,Zr15Nb30V15Mo53W15,200.843686,53,30,0,0,15,15,15
8779,Ta23Ti15Nb30V15Mo15W30,202.070684,15,30,23,15,15,30,0
8765,Zr23Ti45V15Mo30W15,144.444962,30,0,0,45,15,15,23
8754,Ta15Nb45V15Mo30W23,215.477658,30,45,15,0,15,23,0
8762,Zr23Ta45Ti15V15Mo30,160.342152,30,0,45,15,15,0,23
8752,Ta15Ti15Nb45Mo30W23,204.013459,30,45,15,15,0,23,0
8790,Zr75Nb30Mo23,113.819135,23,30,0,0,0,0,75
8749,Zr15Ti30Nb53V15W15,146.004278,0,53,0,30,15,15,15
8753,Zr23Ta15Ti15Nb45Mo30,156.238642,30,45,15,15,0,0,23
8763,Zr23Ta45Ti15Mo30W15,173.377681,30,0,45,15,0,15,23
8737,Zr15Ti15Nb30V15Mo53,176.454596,53,30,0,15,15,0,15
8791,Ta30Ti75Mo23,142.69118,23,0,30,75,0,0,0
8755,Zr23Ta15Nb45V15Mo30,164.26666,30,45,15,0,15,0,23
8736,Ti15Nb30V15Mo53W15,209.652076,53,30,0,15,15,15,0
8725,Zr15Ta30Ti30Nb15Mo23W15,165.862304,23,15,30,30,0,15,15
8777,Zr15Ta45Ti23V15Mo15W15,166.17496,15,0,45,23,15,15,15
8738,Zr15Ti15Nb30Mo53W15,191.265195,53,30,0,15,0,15,15
8741,Zr15Ta30Ti15V15Mo53,181.773464,53,0,30,15,15,0,15
8783,Zr30Ti23Nb30V15Mo15W15,142.396817,15,30,0,23,15,15,30
8834,Ta60Nb68,187.607373,0,68,60,0,0,0,0
8818,Zr75Ti23V30,97.877991,0,0,0,23,30,0,75
8829,Ta60Mo68,230.045483,68,0,60,0,0,0,0
8858,Zr30Nb15V38Mo30W15,163.858214,30,15,0,0,38,15,30
8820,Zr75V23W30,118.153597,0,0,0,0,23,30,75
8828,Nb60Mo68,215.329914,68,60,0,0,0,0,0
8832,Mo68W60,279.412778,68,0,0,0,0,60,0
8819,Zr75Ti23W30,110.74393,0,0,0,23,0,30,75
8805,Ti30Nb23V75,151.591467,0,23,0,30,75,0,0
8799,Zr75V30Mo23,108.968669,23,0,0,0,30,0,75
8857,Zr30Ti38Nb15Mo30W15,143.464585,30,15,0,38,0,15,30
8821,Ta15Ti30Nb15V15Mo15W38,197.440768,15,15,15,30,15,38,0
8856,Zr30Ti38Nb15V15Mo30,130.996823,30,15,0,38,15,0,30
8810,Zr75Nb23W30,120.764374,0,23,0,0,0,30,75
8826,Zr38Ta15Ti15V30Mo15W15,140.373164,15,0,15,15,30,15,38
8844,Ti68W60,178.4568,0,0,0,68,0,60,0
8845,Zr60Ti68,94.154251,0,0,0,68,0,0,60
8835,Ti60Nb68,134.039247,0,68,0,60,0,0,0
8842,Zr60Ta68,124.364171,0,0,68,0,0,0,60
8843,Ti68V60,130.716744,0,0,0,68,60,0,0
8796,Ti30Mo23W75,236.65714,23,0,0,30,0,75,0
8861,Zr30Ta15Ti38Mo30W15,146.003123,30,0,15,38,0,15,30
8798,V30Mo23W75,272.508388,23,0,0,0,30,75,0
8817,Ti23V30W75,227.925454,0,0,0,23,30,75,0
8811,Ta23Ti30V75,156.900997,0,0,23,30,75,0,0
8816,Zr75Ta23W30,123.645853,0,0,23,0,0,30,75
8804,Zr75Ta30Nb23,108.84994,0,23,30,0,0,0,75
8827,Zr38Ta15Ti15Nb15V30W15,132.614452,0,15,15,15,30,15,38
8797,Zr75Ti30Mo23,103.010116,23,0,0,30,0,0,75
8906,Ta53Ti15Nb30Mo15W15,194.655776,15,30,53,15,0,15,0
8886,Ta53Nb15V60,184.432431,0,15,53,0,60,0,0
8873,Nb53Mo15W60,240.183586,15,53,0,0,0,60,0
8881,Zr60Ti53Mo15,101.891223,15,0,0,53,0,0,60
8872,Nb53V60Mo15,181.592078,15,53,0,0,60,0,0
8930,Zr15Ta45Nb30V23Mo15,170.799852,15,30,45,0,23,0,15
8912,Zr15Ti53Nb30V15Mo15,131.463181,15,30,0,53,15,0,15
8936,Ta30Ti45V23Mo15W15,169.053813,15,0,30,45,23,15,0
8914,Zr15Nb30V53Mo15W15,171.614341,15,30,0,0,53,15,15
8875,Ta53Ti60Mo15,150.680868,15,0,53,60,0,0,0
8901,Ti15V53W60,221.387226,0,0,0,15,53,60,0
8922,Zr15Ta30Ti53Nb15W15,138.61657,0,15,30,53,0,15,15
8889,Ti53Nb15V60,137.642854,0,15,0,53,60,0,0
8880,Ti53Mo15W60,200.011097,15,0,0,53,0,60,0
8913,Zr15Ti53Nb30Mo15W15,141.454266,15,30,0,53,0,15,15
8887,Ta53Nb15W60,240.403919,0,15,53,0,0,60,0
8931,Zr15Ta45Nb30Mo15W23,191.792645,15,30,45,0,0,23,15
8907,Zr15Ta53Ti15Nb30Mo15,162.979795,15,30,53,15,0,0,15
8909,Zr15Ta53Nb30V15Mo15,172.171746,15,30,53,0,15,0,15
8937,Zr15Ta30Ti45V23Mo15,139.401485,15,0,30,45,23,0,15
8923,Zr15Ta30Nb15V53W15,169.875305,0,15,30,0,53,15,15
8869,Zr30Ta30Ti15V38W15,141.084346,0,0,30,15,38,15,30
8900,Zr60Ta15W53,150.463345,0,0,15,0,0,53,60
8908,Ta53Nb30V15Mo15W15,203.775429,15,30,53,0,15,15,0
8874,Zr60Nb53Mo15,120.529928,15,53,0,0,0,0,60
8888,Zr60Ta53Nb15,122.554966,0,15,53,0,0,0,60
8962,Ta45Ti23Nb15V15W30,190.781475,0,15,45,23,15,30,0
8948,Ta23Ti15Nb45Mo15W30,201.731323,15,45,23,15,0,30,0
8963,Zr30Ta45Ti23Nb15V15,132.541597,0,15,45,23,15,0,30
9007,Ta15Ti15V30Mo30W38,222.037718,30,0,15,15,30,38,0
9001,Zr38Ta15Nb15V30Mo30,145.83709,30,15,15,0,30,0,38
8997,Ta15Ti30Nb15V38Mo30,172.842997,30,15,15,30,38,0,0
8964,Zr30Ta45Ti23Nb15W15,144.226695,0,15,45,23,0,15,30
8965,Zr30Ta45Nb15V23W15,155.702885,0,15,45,0,23,15,30
9008,Zr38Ta15Ti15V30Mo30,137.00299,30,0,15,15,30,0,38
8941,Ta30Ti45Nb15V23W15,159.443843,0,15,30,45,23,15,0
8955,Zr30Ti23Nb45Mo15W15,144.966503,15,45,0,23,0,15,30
8956,Zr30Nb45V23Mo15W15,155.876529,15,45,0,0,23,15,30
8953,Ti23Nb45V15Mo15W30,191.888148,15,45,0,23,15,30,0
8991,Zr30Ta45Ti15Nb15V23,136.822,0,15,45,15,23,0,30
8979,Zr30Ta15Nb45V23Mo15,147.800331,15,45,15,0,23,0,30
8952,Zr30Ta23Nb45Mo15W15,164.156776,15,45,23,0,0,15,30
8939,Zr15Ta30V45Mo15W23,186.691129,15,0,30,0,45,23,15
8938,Zr15Ta30Ti45Mo15W23,158.747379,15,0,30,45,0,23,15
8984,Zr30Nb45V15Mo15W23,163.736809,15,45,0,0,15,23,30
8977,Zr30Ta15Ti23Nb45Mo15,137.305485,15,45,15,23,0,0,30
8954,Zr30Ti23Nb45V15Mo15,133.043553,15,45,0,23,15,0,30
9009,Zr38Ta15Ti15Mo30W30,164.973498,30,0,15,15,0,30,38
8946,Zr15Ta15Ti30V45W23,154.261441,0,0,15,30,45,23,15
9000,Ta15Nb15V30Mo30W38,232.419207,30,15,15,0,30,38,0
8983,Zr30Ti15Nb45Mo15W23,156.152329,15,45,0,15,0,23,30
8999,Zr38Ta15Ti30Nb15Mo30,132.129744,30,15,15,30,0,0,38
8996,Zr30Ta23Ti15Nb15V15Mo15W15,151.155992,15,15,23,15,15,15,30
8990,Ta45Ti15Nb15V23W30,196.735797,0,15,45,15,23,30,0
8998,Ta15Ti30Nb15Mo30W38,208.083579,30,15,15,30,0,38,0
8970,Zr15Ta15Ti23Nb45Mo15W15,163.344244,15,45,15,23,0,15,15
9077,Zr68Ta15Nb30Mo15,117.135964,15,30,15,0,0,0,68
9064,Ta75Ti38V15,159.027087,0,0,75,38,15,0,0
9063,Zr15Nb75W38,186.253129,0,75,0,0,0,38,15
9041,Nb38V15Mo75,222.6132,75,38,0,0,15,0,0
9052,Zr15V38Mo75,202.114149,75,0,0,0,38,0,15
9046,Ta38Mo75W15,242.834588,75,0,38,0,0,15,0
9078,Ti15Nb30V68Mo15,173.128384,15,30,0,15,68,0,0
9012,Ta15Ti15Nb30V30W38,198.062269,0,30,15,15,30,38,0
9083,Zr68Nb30Mo15W15,123.072643,15,30,0,0,0,15,68
9025,Zr45Ti23Nb15V30Mo15,118.081483,15,15,0,23,30,0,45
9038,Zr45Ta15Ti15V23W30,137.243766,0,0,15,15,23,30,45
9082,Zr68Nb30V15Mo15,111.681664,15,30,0,0,15,0,68
9024,Ti23Nb15V30Mo15W45,208.173558,15,15,0,23,30,45,0
9085,Ta30Ti15Mo15W68,239.797722,15,0,30,15,0,68,0
9014,Zr38Ta15Ti15Nb30W30,147.959564,0,30,15,15,0,30,38
9055,Ta38Nb75V15,180.745999,0,75,38,0,15,0,0
9040,Ti15Nb38Mo75,208.226651,75,38,0,15,0,0,0
9048,Ti38V15Mo75,194.513289,75,0,0,38,15,0,0
9084,Ta30Ti15V68Mo15,178.806333,15,0,30,15,68,0,0
9031,Zr45Ta15V23Mo15W30,151.903006,15,0,15,0,23,30,45
9036,Zr45Ta15Nb15V23W30,143.825159,0,15,15,0,23,30,45
9049,Ti38Mo75W15,209.009773,75,0,0,38,0,15,0
9071,Zr15Ti75V38,112.539946,0,0,0,75,38,0,15
9074,Ta15Ti68Nb30Mo15,139.444068,15,30,15,68,0,0,0
9070,Ti75V38W15,134.789098,0,0,0,75,38,15,0
9076,Ta15Nb30Mo15W68,251.303443,15,30,15,0,0,68,0
9047,Zr15Ta38Mo75,208.302024,75,0,38,0,0,0,15
9013,Zr38Ta15Ti15Nb30V30,122.53065,0,30,15,15,30,0,38
9079,Ti15Nb30Mo15W68,235.809152,15,30,0,15,0,68,0
9015,Zr38Ta15Nb30V15W30,155.149313,0,30,15,0,15,30,38
9023,Zr45Ta23Nb15Mo15W30,159.8364,15,15,23,0,0,30,45
9080,Zr68Ti15Nb30Mo15,109.282232,15,30,0,15,0,0,68
9022,Zr45Ta23Nb15V30Mo15,132.341623,15,15,23,0,30,0,45
9102,Zr68Ti30Nb15W15,106.114008,0,15,0,30,0,15,68
9111,Zr23Ta30Ti30Nb15Mo15W15,153.214941,15,15,30,30,0,15,23
9121,Zr15Ta30Nb15Mo23W45,215.392931,23,15,30,0,0,45,15
9151,Zr23Ta45Ti30Mo15W15,154.239759,15,0,45,30,0,15,23
9134,Zr15Ta15Nb23V30W45,194.983366,0,23,15,0,30,45,15
9110,Zr23Ta30Ti30Nb15V15Mo15,140.870565,15,15,30,30,15,0,23
9117,Ta30Ti45Nb15Mo23W15,173.944267,23,15,30,45,0,15,0
9103,Zr68Nb15V30W15,114.525365,0,15,0,0,30,15,68
9133,Zr15Ta15Ti30Nb23W45,174.881811,0,23,15,30,0,45,15
9104,Ta15Ti30V15W68,217.717267,0,0,15,30,15,68,0
9132,Zr15Ta15Ti30Nb23V45,137.446009,0,23,15,30,45,0,15
9116,Ta30Ti45Nb15V15Mo23,160.936095,23,15,30,45,15,0,0
9128,Zr15Ta15Ti30Mo23W45,189.932378,23,0,15,30,0,45,15
9135,Zr15Ti15Nb23V30W45,180.887365,0,23,0,15,30,45,15
9145,Ti30Nb45V15Mo15W23,180.657197,15,45,0,30,15,23,0
9105,Zr68Ta15Ti30V15,99.986283,0,0,15,30,15,0,68
9099,Zr68Ta30Nb15W15,121.223872,0,15,30,0,0,15,68
9150,Zr23Ta45Ti30V15Mo15,142.394862,15,0,45,30,15,0,23
9097,Ta30Nb15V15W68,241.879717,0,15,30,0,15,68,0
9090,Ti30V15Mo15W68,225.694262,15,0,0,30,15,68,0
9168,Zr30Nb30V38Mo30,150.595601,30,30,0,0,38,0,30
9157,Zr23Ta45Nb15V30W15,164.500894,0,15,45,0,30,15,23
9180,Ta30Ti38Nb30V30,151.959276,0,30,30,38,30,0,0
9172,Zr30Ta30Ti38Mo30,137.226392,30,0,30,38,0,0,30
9161,Ta38Nb30V30Mo30,198.239268,30,30,38,0,30,0,0
9173,Ta30V38Mo30W30,228.685405,30,0,30,0,38,30,0
9158,Zr23Ti45Nb15V30W15,128.78599,0,15,0,45,30,15,23
9175,Zr30Ta30Mo30W38,193.063343,30,0,30,0,0,38,30
9192,Zr30Ta30Ti30W38,154.9977,0,0,30,30,0,38,30
9181,Ta30Ti38Nb30W30,176.676487,0,30,30,38,0,30,0
9166,Zr30Ti38Nb30Mo30,131.930543,30,30,0,38,0,0,30
9169,Zr30Nb30Mo30W38,188.0682,30,30,0,0,0,38,30
9167,Nb30V38Mo30W30,220.883289,30,30,0,0,38,30,0
9159,Zr23Ta15Ti45V30W15,130.658818,0,0,15,45,30,15,23
9156,Zr23Ta45Ti30Nb15W15,145.677233,0,15,45,30,0,15,23
9174,Zr30Ta30V38Mo30,156.694889,30,0,30,0,38,0,30
9160,Ta38Ti30Nb30Mo30,177.188299,30,30,38,30,0,0,0
9267,Zr15Nb30V38Mo15W30,187.591283,15,30,0,0,38,30,15
9235,V23Mo30W75,276.571049,30,0,0,0,23,75,0
9227,Zr75Nb23Mo30,116.925435,30,23,0,0,0,0,75
9202,Zr38Ti45Nb15V15Mo15,116.347181,15,15,0,45,15,0,38
9228,Ta23Ti75Mo30,145.316794,30,0,23,75,0,0,0
9216,Ta45Ti15Nb15V15Mo15W23,199.77255,15,15,45,15,15,23,0
9245,Nb30V23W75,243.774081,0,30,0,0,23,75,0
9229,Ta23V75Mo30,199.848091,30,0,23,0,75,0,0
9251,Ta30V23W75,247.952143,0,0,30,0,23,75,0
9203,Zr38Ti45Nb15Mo15W15,125.688734,15,15,0,45,0,15,38
9195,Ta45Ti15Nb15V38Mo15,180.241116,15,15,45,15,38,0,0
9260,Zr15Ta38Ti30Nb30Mo15,150.302846,15,30,38,30,0,0,15
9218,Zr23Ta45Ti15Nb15Mo15W15,164.564694,15,15,45,15,0,15,23
9204,Zr38Nb15V45Mo15W15,144.61347,15,15,0,0,45,15,38
9256,Zr75Ti30W23,105.031654,0,0,0,30,0,23,75
9246,Zr75Nb30V23,102.638581,0,30,0,0,23,0,75
9226,Nb23Mo30W75,270.975615,30,23,0,0,0,75,0
9244,Zr75Ti23Nb30,97.762427,0,30,0,23,0,0,75
9232,Ti23V75Mo30,180.422799,30,0,0,23,75,0,0
9193,Zr30Ta30V30W38,172.351004,0,0,30,0,30,38,30
9194,Zr30Ti30V30W38,145.591824,0,0,0,30,30,38,30
9220,Zr23Ti45Nb15V15Mo15W15,136.387069,15,15,0,45,15,15,23
9242,Ti23Nb30V75,157.816687,0,30,0,23,75,0,0
9219,Zr23Ta45Nb15V15Mo15W15,173.030051,15,15,45,0,15,15,23
9211,Zr38Ta15Ti45Nb15V15,112.69398,0,15,15,45,15,0,38
9243,Ti23Nb30W75,226.835458,0,30,0,23,0,75,0
9221,Zr23Ta15Ti45V15Mo15W15,139.166376,15,0,15,45,15,15,23
9258,Ta38Ti30Nb30V15Mo15,167.684565,15,30,38,30,15,0,0
9210,Ta15Ti45Nb15V15W38,174.615892,0,15,15,45,15,38,0
9217,Zr23Ta45Ti15Nb15V15Mo15,152.022647,15,15,45,15,15,0,23
9300,Ta38Nb45Mo45,209.85686,45,45,38,0,0,0,0
9288,Zr15Nb30V30Mo15W38,195.355517,15,30,0,0,30,38,15
9339,Zr38Ta30Nb15V30Mo15,139.362614,15,15,30,0,30,0,38
9323,Zr38Nb45V45,127.126005,0,45,0,0,45,0,38
9280,Ta30Ti38Nb30Mo15W15,173.521656,15,30,30,38,0,15,0
9274,Zr15Ta30Ti38Nb15V30,134.692724,0,15,30,38,30,0,15
9293,Zr15Ti30V30Mo15W38,173.428535,15,0,0,30,30,38,15
9337,Zr38Ta30Ti30Nb15Mo15,128.065594,15,15,30,30,0,0,38
9287,Zr15Ti30Nb30Mo15W38,174.720285,15,30,0,30,0,38,15
9340,Zr38Ta30Nb15Mo15W30,167.156532,15,15,30,0,0,30,38
9341,Ti30Nb15V30Mo15W38,195.386763,15,15,0,30,30,38,0
9289,Ta30Ti30V38Mo15W15,180.143413,15,0,30,30,38,15,0
9322,Nb45V45W38,206.986032,0,45,0,0,45,38,0
9275,Zr15Ta30Ti38Nb15W30,158.814777,0,15,30,38,0,30,15
9273,Ta30Ti38Nb15V30W15,163.400154,0,15,30,38,30,15,0
9294,Ta30Ti30Nb15V38W15,168.917229,0,15,30,30,38,15,0
9325,Ta45Ti45V38,149.527915,0,0,45,45,38,0,0
9314,Zr38Mo45W45,194.93891,45,0,0,0,0,45,38
9307,Ta45Mo45W38,246.906061,45,0,45,0,0,38,0
9324,Zr38Nb45W45,164.921997,0,45,0,0,0,45,38
9330,Zr38Ta45W45,173.033609,0,0,45,0,0,45,38
9286,Zr15Ti30Nb30V38Mo15,142.187012,15,30,0,30,38,0,15
9309,Ti45V38Mo45,170.974688,45,0,0,45,38,0,0
9272,Zr15Ti30V38Mo15W30,167.108175,15,0,0,30,38,30,15
9281,Zr15Ta30Ti38Nb30Mo15,144.03039,15,30,30,38,0,0,15
9331,Ti45V45W38,174.911995,0,0,0,45,45,38,0
9308,Zr38Ta45Mo45,163.255772,45,0,45,0,0,0,38
9336,Ta30Ti30Nb15Mo15W38,200.74812,15,15,30,30,0,38,0
9306,Ta45V38Mo45,210.699781,45,0,45,0,38,0,0
9338,Ta30Nb15V30Mo15W38,224.741548,15,15,30,0,30,38,0
9313,Zr38V45Mo45,150.954289,45,0,0,0,45,0,38
9269,Zr15Ta30Ti38V30Mo15,143.250319,15,0,30,38,30,0,15
9301,Ti38Nb45Mo45,174.50521,45,45,0,38,0,0,0
9353,Zr38Ta15Nb15V30W30,151.990834,0,15,15,0,30,30,38
9390,Zr60Ti38V15W15,103.020898,0,0,0,38,15,15,60
9407,Ta15Nb60V53,175.294936,0,60,15,0,53,0,0
9400,Ti15V53Mo60,204.265661,60,0,0,15,53,0,0
9348,Zr38Ta15V30Mo15W30,160.5468,15,0,15,0,30,30,38
9412,Zr53Ti15Nb60,112.693321,0,60,0,15,0,0,53
9347,Zr38Ta15Ti30Mo15W30,144.963647,15,0,15,30,0,30,38
9414,Zr53Nb60V15,116.138225,0,60,0,0,15,0,53
9362,Zr60Ti15Nb15Mo38,122.531145,38,15,0,15,0,0,60
9413,Nb60V15W53,220.388872,0,60,0,0,15,53,0
9396,Ta15Ti53Mo60,177.279059,60,0,15,53,0,0,0
9382,Ti15Nb38V15W60,216.656194,0,38,0,15,15,60,0
9399,Zr53Ta15Mo60,151.877355,60,0,15,0,0,0,53
9379,Ta15Nb38V15W60,232.736234,0,38,15,0,15,60,0
9352,Zr38Ta15Ti30Nb15W30,138.000468,0,15,15,30,0,30,38
9346,Zr38Ta15Ti30V30Mo15,120.237694,15,0,15,30,30,0,38
9365,Zr60Nb15Mo38W15,138.408566,38,15,0,0,0,15,60
9355,Zr38Ta15Ti15V30W30,143.273089,0,0,15,15,30,30,38
9385,Zr60Nb38V15W15,119.15446,0,38,0,0,15,15,60
9415,Zr53Nb60W15,129.791285,0,60,0,0,0,15,53
9391,Ta53Nb15Mo60,221.298307,60,15,53,0,0,0,0
9398,Ta15Mo60W53,271.399301,60,0,15,0,0,53,0
9397,Ta15V53Mo60,218.403873,60,0,15,0,53,0,0
9370,Zr60Ta15V15Mo38,129.473906,38,0,15,0,15,0,60
9363,Nb15V15Mo38W60,260.356773,38,15,0,0,15,60,0
9409,Zr53Ta15Nb60,123.034391,0,60,15,0,0,0,53
9410,Ti15Nb60V53,161.621095,0,60,0,15,53,0,0
9364,Zr60Nb15V15Mo38,126.695681,38,15,0,0,15,0,60
9354,Zr38Ti15Nb15V30W30,140.761782,0,15,0,15,30,30,38
9422,Ti60V15W53,176.74495,0,0,0,60,15,53,0
9465,Ta45Ti15Mo23W45,228.544147,23,0,45,15,0,45,0
9478,Zr45Ta45Nb23V15,132.643115,0,23,45,0,15,0,45
9438,Zr60Ta23Ti15Mo15W15,125.581778,15,0,23,15,0,15,60
9484,Ta23Ti45V15W45,184.776787,0,0,23,45,15,45,0
9448,Zr15Ta15Ti15Nb15V53Mo15,151.851571,15,15,15,15,53,0,15
9455,Ta15Nb45V45Mo23,189.382575,23,45,15,0,45,0,0
9462,Zr45Nb45V15Mo23,135.233822,23,45,0,0,15,0,45
9452,Zr15Ta15Ti15V15Mo15W53,202.949542,15,0,15,15,15,53,15
9436,Ta23Ti15V15Mo15W60,232.986406,15,0,23,15,15,60,0
9424,Zr53Ti60W15,103.386152,0,0,0,60,0,15,53
9483,Zr45Nb23V45W15,130.370882,0,23,0,0,45,15,45
9440,Zr60Ti23V15Mo15W15,117.021191,15,0,0,23,15,15,60
9464,Ta45Ti15V45Mo23,185.444891,23,0,45,15,45,0,0
9425,Zr53V60W15,118.405061,0,0,0,0,60,15,53
9463,Zr45Nb45Mo23W15,147.122489,23,45,0,0,0,15,45
9499,Ta15Ti23V30Mo60,198.934036,60,0,15,23,30,0,0
9441,Ta23Ti15Nb15V15W60,221.896135,0,15,23,15,15,60,0
9490,Ta23Nb15V30Mo60,216.094813,60,15,23,0,30,0,0
9470,Ti45V15Mo23W45,197.960183,23,0,0,45,15,45,0
9485,Zr45Ta23Ti45V15,108.364236,0,0,23,45,15,0,45
9423,Zr53Ti60V15,96.75161,0,0,0,60,15,0,53
9497,Zr30Nb15V23Mo60,172.811095,60,15,0,0,23,0,30
9447,Ta15Ti15Nb15V53Mo15W15,188.813084,15,15,15,15,53,15,0
9449,Zr15Ta15Ti15Nb15Mo15W53,202.864459,15,15,15,15,0,53,15
9482,Zr45Ti45Nb23W15,112.757535,0,23,0,45,0,15,45
9479,Zr45Ta45Nb23W15,142.601104,0,23,45,0,0,15,45
9431,Zr60Ta15Nb23Mo15W15,133.563761,15,23,15,0,0,15,60
9476,Zr45Ta45Ti15Nb23,126.369437,0,23,45,15,0,0,45
9428,Zr60Ta15Ti15Nb23Mo15,117.799669,15,23,15,15,0,0,60
9477,Ta45Nb23V15W45,221.802485,0,23,45,0,15,45,0
9471,Zr45Ti45V15Mo23,112.114283,23,0,0,45,15,0,45
9446,Zr60Ta15Ti23V15W15,111.914197,0,0,15,23,15,15,60
9551,Zr23Ti60Nb30Mo15,121.673864,15,30,0,60,0,0,23
9559,Zr23Ta30V60Mo15,156.306315,15,0,30,0,60,0,23
9504,Zr30Ta15Mo60W23,198.105164,60,0,15,0,0,23,30
9567,Zr23Ta30Ti60Nb15,119.185588,0,15,30,60,0,0,23
9558,Ta30V60Mo15W23,211.12135,15,0,30,0,60,23,0
9561,Ti30V60Mo15W23,183.720057,15,0,0,30,60,23,0
9556,Ta30Ti60Mo15W23,165.534169,15,0,30,60,0,23,0
9505,Ti15V23Mo60W30,231.222643,60,0,0,15,23,30,0
9566,Ta30Ti60Nb15W23,155.569517,0,15,30,60,0,23,0
9560,Zr23Ta30Mo15W60,214.358778,15,0,30,0,0,60,23
9502,Ta15V23Mo60W30,246.250909,60,0,15,0,23,30,0
9544,Zr15Ta30Ti30V38W15,149.858861,0,0,30,30,38,15,15
9545,Ta60Ti23Nb30Mo15,177.763943,15,30,60,23,0,0,0
9535,Zr15Ta30Ti38V15Mo30,152.011816,30,0,30,38,15,0,15
9503,Zr30Ta15V23Mo60,175.852841,60,0,15,0,23,0,30
9532,Zr15Ti38Nb30Mo30W15,159.462653,30,30,0,38,0,15,15
9511,Zr30Ta15Ti23Nb60,129.576897,0,60,15,23,0,0,30
9550,Ti60Nb30Mo15W23,160.225318,15,30,0,60,0,23,0
9557,Zr23Ta30Ti60Mo15,125.623993,15,0,30,60,0,0,23
9542,Zr15Ta30Nb30V38W15,169.188112,0,30,30,0,38,15,15
9568,Ta30Nb15V60W23,199.872809,0,15,30,0,60,23,0
9517,Zr30Ti15Nb60W23,148.663412,0,60,0,15,0,23,30
9533,Zr15Nb30V38Mo30W15,183.724936,30,30,0,0,38,15,15
9534,Ta30Ti38V15Mo30W15,183.505753,30,0,30,38,15,15,0
9618,Zr30Ta15Ti30Nb30W23,140.211042,0,30,15,30,0,23,30
9621,Zr30Ta30Ti15V30W23,146.629898,0,0,30,15,30,23,30
9619,Zr30Ta15Nb30V30W23,155.920755,0,30,15,0,30,23,30
9632,Ta30Ti15V53Mo30,187.892936,30,0,30,15,53,0,0
9622,Ta15Ti53Nb30Mo30,157.047627,30,30,15,53,0,0,0
9610,Zr30Nb15V30Mo30W23,172.338263,30,15,0,0,30,23,30
9651,Zr53Nb30V30W15,124.649638,0,30,0,0,30,15,53
9594,Zr45Ti30V15Mo23W15,127.058219,23,0,0,30,15,15,45
9589,Zr45Nb30V15Mo23W15,144.536279,23,30,0,0,15,15,45
9628,Zr53Ti15Nb30Mo30,123.753993,30,30,0,15,0,0,53
9642,Ta30Ti15Nb30V53,168.577141,0,30,30,15,53,0,0
9616,Ta15Ti30Nb30V23W30,179.098934,0,30,15,30,23,30,0
9650,Zr53Ti30Nb30W15,113.93751,0,30,0,30,0,15,53
9572,Zr23Ti30Nb15V60,125.499415,0,15,0,30,60,0,23
9604,Ta30Nb15V23Mo30W30,226.964495,30,15,30,0,23,30,0
9574,Zr23Nb15V30W60,194.38037,0,15,0,0,30,60,23
9629,Nb30V15Mo30W53,244.995718,30,30,0,0,15,53,0
9569,Zr23Ta30Nb15V60,146.952783,0,15,30,0,60,0,23
9645,Ta30Nb30V15W53,227.876023,0,30,30,0,15,53,0
9643,Ta30Ti15Nb30W53,215.846759,0,30,30,15,0,53,0
9588,Zr45Ti15Nb30Mo23W15,138.810554,23,30,0,15,0,15,45
9626,Ti15Nb30V53Mo30,181.690147,30,30,0,15,53,0,0
9573,Zr23Ti30Nb15W60,174.387953,0,15,0,30,0,60,23
9587,Zr45Ti15Nb30V15Mo23,127.082125,23,30,0,15,15,0,45
9620,Zr30Ti15Nb30V30W23,143.048985,0,30,0,15,30,23,30
9575,Ta15Ti30V60W23,175.744735,0,0,15,30,60,23,0
9617,Zr30Ta15Ti30Nb30V23,124.516297,0,30,15,30,23,0,30
9603,Zr30Ta30Ti23Nb15Mo30,146.674858,30,15,30,23,0,0,30
9595,Ta30Ti15Nb23V15W45,207.417584,0,23,30,15,15,45,0
9627,Ti15Nb30Mo30W53,231.691719,30,30,0,15,0,53,0
9580,Ta15Ti15Nb30V45Mo23,179.33902,23,30,15,15,45,0,0
9593,Zr45Ta30V15Mo23W15,149.625582,23,0,30,0,15,15,45
9592,Zr45Ta30Ti15Mo23W15,143.872191,23,0,30,15,0,15,45
9635,Ta30V15Mo30W53,249.806597,30,0,30,0,15,53,0
9611,Ta15Ti30V23Mo30W30,201.515797,30,0,15,30,23,30,0
9644,Zr53Ta30Ti15Nb30,117.326326,0,30,30,15,0,0,53
9586,Ti15Nb30V15Mo23W45,219.286777,23,30,0,15,15,45,0
9701,Ta53Nb45V15W15,195.647769,0,45,53,0,15,15,0
9667,Ta15Ti30V30Mo23W30,195.790862,23,0,15,30,30,30,0
9700,Zr15Ta53Ti15Nb45,154.756147,0,45,53,15,0,0,15
9693,Zr15Ta53Mo45W15,204.55607,45,0,53,0,0,15,15
9672,Ta15Ti30Nb23V30W30,179.12345,0,23,15,30,30,30,0
9723,Nb68Mo45W15,214.783974,45,68,0,0,0,15,0
9724,Zr15Nb68Mo45,181.268587,45,68,0,0,0,0,15
9687,Zr15Nb53Mo45W15,197.888705,45,53,0,0,0,15,15
9657,Ta30Ti30Nb15V30Mo23,170.00778,23,15,30,30,30,0,0
9656,Zr53Ti30V30W15,111.699851,0,0,0,30,30,15,53
9660,Ta30Nb15V30Mo23W30,220.981658,23,15,30,0,30,30,0
9686,Zr15Nb53V15Mo45,180.039068,45,53,0,0,15,0,15
9680,Ta15Nb53Mo45W15,216.232822,45,53,15,0,0,15,0
9658,Ta30Ti30Nb15Mo23W30,198.391013,23,15,30,30,0,30,0
9688,Ta53Ti15V15Mo45,200.173977,45,0,53,15,15,0,0
9709,Zr15Ta45Ti53V15,130.452748,0,0,45,53,15,0,15
9689,Ta53Ti15Mo45W15,214.94049,45,0,53,15,0,15,0
9674,Zr30Ta15Ti30Nb23W30,145.434907,0,23,15,30,0,30,30
9681,Zr15Ta15Nb53Mo45,184.702997,45,53,15,0,0,0,15
9706,Zr15Ti53Nb45W15,133.389827,0,45,0,53,0,15,15
9675,Zr30Ta15Nb23V30W30,160.379691,0,23,15,0,30,30,30
9708,Ta45Ti53V15W15,155.720379,0,0,45,53,15,15,0
9713,Ta23Ti30Nb15V15Mo15W30,191.238199,15,15,23,30,15,30,0
9673,Zr30Ta15Ti30Nb23V30,123.093748,0,23,15,30,30,0,30
9725,Ta68Ti15Mo45,203.319698,45,0,68,15,0,0,0
9694,Ti53V15Mo45W15,177.352331,45,0,0,53,15,15,0
9707,Zr15Nb45V53W15,162.742078,0,45,0,0,53,15,15
9791,Ta15Nb38V45Mo30,195.441415,30,38,15,0,45,0,0
9754,Zr15V45W68,216.801342,0,0,0,0,45,68,15
9747,Zr15Ta45Ti68,124.481826,0,0,45,68,0,0,15
9765,Ta30Ti23V60Mo15,172.075295,15,0,30,23,60,0,0
9762,Nb30V23Mo15W60,240.408307,15,30,0,0,23,60,0
9752,Zr15Ti45V68,126.150566,0,0,0,45,68,0,15
9777,Zr60Ta30Ti23Nb15,110.066594,0,15,30,23,0,0,60
9746,Ta45Ti68W15,146.989289,0,0,45,68,0,15,0
9782,Zr60Ti30Nb15V23,102.194251,0,15,0,30,23,0,60
9755,Ta23Ti60Nb30Mo15,145.405619,15,30,23,60,0,0,0
9736,Ta68Nb45V15,188.380294,0,45,68,0,15,0,0
9776,Ta30Ti23Nb15W60,217.659073,0,15,30,23,0,60,0
9741,Zr15Ti68Nb45,118.539379,0,45,0,68,0,0,15
9784,Zr60Nb15V30W23,125.609508,0,15,0,0,30,23,60
9738,Zr15Ta68Nb45,168.801973,0,45,68,0,0,0,15
9783,Zr60Ti30Nb15W23,114.867705,0,15,0,30,0,23,60
9739,Ti68Nb45V15,130.082819,0,45,0,68,15,0,0
9764,Zr60Nb30Mo15W23,135.667051,15,30,0,0,0,23,60
9763,Zr60Nb30V23Mo15,119.031189,15,30,0,0,23,0,60
9737,Ta68Nb45W15,198.86985,0,45,68,0,0,15,0
9748,Ta45V68W15,196.729195,0,0,45,0,68,15,0
9779,Zr60Ta30Nb15V23,116.951853,0,15,30,0,23,0,60
9790,Ta15Ti45Nb38Mo30,161.990159,30,38,15,45,0,0,0
9778,Ta30Nb15V23W60,235.75017,0,15,30,0,23,60,0
9730,Ti68Mo45W15,167.432898,45,0,0,68,0,15,0
9770,Zr60Ta30Mo15W23,140.5722,15,0,30,0,0,23,60
9731,Zr15Ti68Mo45,136.582737,45,0,0,68,0,0,15
9740,Ti68Nb45W15,140.085712,0,45,0,68,0,15,0
9785,Ta15Ti30V23W60,209.405433,0,0,15,30,23,60,0
9753,Zr15Ti45W68,181.814859,0,0,0,45,0,68,15
9858,Zr23Ti30W75,189.1607,0,0,0,30,0,75,23
9834,Ti75V23Mo30,140.488286,30,0,0,75,23,0,0
9851,Ta30Ti75W23,145.370573,0,0,30,75,0,23,0
9817,Zr45Ti38Nb30V15,109.157867,0,30,0,38,15,0,45
9848,Zr23Nb30V75,141.844564,0,30,0,0,75,0,23
9842,Ta75Nb30W23,205.67716,0,30,75,0,0,23,0
9819,Zr45Nb30V38W15,132.246529,0,30,0,0,38,15,45
9798,Zr45Nb38V15Mo30,135.419782,30,38,0,0,15,0,45
9827,Nb75V23Mo30,190.774184,30,75,0,0,23,0,0
9797,Nb38V15Mo30W45,236.417913,30,38,0,0,15,45,0
9835,Ti75Mo30W23,159.694773,30,0,0,75,0,23,0
9821,Zr45Ta30Ti38V15,113.522876,0,0,30,38,15,0,45
9810,Ta38Ti15Nb30V45,168.617894,0,30,38,15,45,0,0
9856,Ti30V75W23,174.42686,0,0,0,30,75,23,0
9832,Ta75Mo30W23,228.734426,30,0,75,0,0,23,0
9820,Ta30Ti38V15W45,192.315008,0,0,30,38,15,45,0
9816,Ti38Nb30V15W45,185.550006,0,30,0,38,15,45,0
9833,Zr23Ta75Mo30,178.140812,30,0,75,0,0,0,23
9804,Zr45Ta38V15Mo30,143.002975,30,0,38,0,15,0,45
9811,Ta38Ti15Nb30W45,209.077713,0,30,38,15,0,45,0
9826,Ti23Nb75Mo30,174.991331,30,75,0,23,0,0,0
9799,Zr45Nb38Mo30W15,151.012246,30,38,0,0,0,15,45
9843,Zr23Ta75Nb30,160.497927,0,30,75,0,0,0,23
9818,Zr45Ti38Nb30W15,116.51286,0,30,0,38,0,15,45
9860,Ta45Nb60Mo23,196.417832,23,60,45,0,0,0,0
9844,Ti75Nb30V23,126.296307,0,30,0,75,23,0,0
9796,Zr45Ti15Nb38Mo30,130.441665,30,38,0,15,0,0,45
9828,Nb75Mo30W23,214.964687,30,75,0,0,0,23,0
9829,Zr23Nb75Mo30,161.898055,30,75,0,0,0,0,23
9845,Ti75Nb30W23,140.81971,0,30,0,75,0,23,0
9931,Zr30Nb38V15Mo45,161.301097,45,38,0,0,15,0,30
9869,Ti60V45Mo23,145.289573,23,0,0,60,45,0,0
9894,Zr45V23W60,167.919706,0,0,0,0,23,60,45
9908,Ta45Nb83,182.894761,0,83,45,0,0,0,0
9873,Zr45V60Mo23,130.958865,23,0,0,0,60,0,45
9901,Zr15Ta30Ti15Nb38V15W15,160.072582,0,38,30,15,15,15,15
9924,Ta15Nb38V30Mo45,205.760194,45,38,15,0,30,0,0
9884,Zr45Nb23W60,169.989968,0,23,0,0,0,60,45
9880,Ti60Nb23W45,170.481108,0,23,0,60,0,45,0
9906,Mo83W45,275.53507,83,0,0,0,0,45,0
9900,Zr15Ta30Ti15V15Mo38W15,184.129135,38,0,30,15,15,15,15
9867,Ta60Mo23W45,240.601791,23,0,60,0,0,45,0
9930,Nb38V15Mo45W30,232.184304,45,38,0,0,15,30,0
9870,Ti60Mo23W45,186.561394,23,0,0,60,0,45,0
9887,Zr45Ta23Ti60,104.097197,0,0,23,60,0,0,45
9912,Zr45Nb83,125.394604,0,83,0,0,0,0,45
9888,Ta23V60W45,221.292174,0,0,23,0,60,45,0
9875,Ta60Ti45Nb23,152.282623,0,23,60,45,0,0,0
9874,Zr45Mo23W60,185.115677,23,0,0,0,0,60,45
9907,Zr45Mo83,170.54946,83,0,0,0,0,0,45
9913,Ta83Ti45,156.077573,0,0,83,45,0,0,0
9881,Zr45Ti60Nb23,102.004659,0,23,0,60,0,0,45
9922,Zr45W83,190.35252,0,0,0,0,0,83,45
9886,Ta23Ti60W45,174.038526,0,0,23,60,0,45,0
9872,V60Mo23W45,235.586798,23,0,0,0,60,45,0
9893,Zr45Ti23W60,153.819167,0,0,0,23,0,60,45
9889,Zr45Ta23V60,123.57668,0,0,23,0,60,0,45
9909,Ti45Nb83,143.911366,0,83,0,45,0,0,0
9914,Ta83V45,190.28914,0,0,83,0,45,0,0
9952,Zr30Nb45V38W15,146.084243,0,45,0,0,38,15,30
9999,Zr30Ta23Ti15V30Mo15W15,150.807321,15,0,23,15,30,15,30
9985,Zr45Ti53Nb15V15,103.008612,0,15,0,53,15,0,45
9955,Zr30Ta45Ti38W15,135.69191,0,0,45,38,0,15,30
9949,Ti38Nb45V15W30,171.473488,0,45,0,38,15,30,0
9962,Ti15Nb53V45Mo15,171.976819,15,53,0,15,45,0,0
9965,Nb53V15Mo15W45,223.164078,15,53,0,0,15,45,0
9964,Zr45Ti15Nb53Mo15,125.548823,15,53,0,15,0,0,45
9953,Ta45Ti38V15W30,180.481586,0,0,45,38,15,30,0
9946,Ta38Nb45V15W30,204.489517,0,45,38,0,15,30,0
9991,Zr45Ta15V53W15,130.028437,0,0,15,0,53,15,45
9937,Zr30Ta38V15Mo45,168.705777,45,0,38,0,15,0,30
10004,Zr38Ta15Nb15V15Mo15W30,164.165887,15,15,15,0,15,30,38
9948,Zr30Ta38Nb45W15,158.214278,0,45,38,0,0,15,30
10003,Zr38Ta15Ti15Nb15Mo15W30,155.477184,15,15,15,15,0,30,38
10002,Zr38Ta15Ti15Nb15V30Mo15,128.699089,15,15,15,15,30,0,38
9971,Ta53V15Mo15W45,235.440581,15,0,53,0,15,45,0
9990,Zr45Ta15Ti53W15,109.887984,0,0,15,53,0,15,45
9984,Ti53Nb15V15W45,174.433909,0,15,0,53,15,45,0
9939,Ti38V15Mo45W30,203.473317,45,0,0,38,15,30,0
9938,Zr30Ta38Mo45W15,184.059332,45,0,38,0,0,15,30
9954,Zr30Ta45Ti38V15,124.316289,0,0,45,38,15,0,30
9963,Ti15Nb53Mo15W45,211.909133,15,53,0,15,0,45,0
9947,Zr30Ta38Nb45V15,144.033825,0,45,38,0,15,0,30
9998,Zr30Ti15Nb23V30Mo15W15,147.479045,15,23,0,15,30,15,30
9997,Zr30Ta15Nb23V30Mo15W15,158.895249,15,23,15,0,30,15,30
9936,Ta38V15Mo45W30,238.498749,45,0,38,0,15,30,0
9996,Zr30Ta15Ti30Nb23Mo15W15,143.026839,15,23,15,30,0,15,30
10060,Zr15Ta23Ti45Nb15W30,152.592719,0,15,23,45,0,30,15
10018,Ti15Mo98W15,241.251619,98,0,0,15,0,15,0
10045,Zr15Ta45Ti30Nb23Mo15,151.67645,15,23,45,30,0,0,15
10010,Nb15V15Mo98,235.645354,98,15,0,0,15,0,0
10016,Zr15Ta15Mo98,221.645209,98,0,15,0,0,0,15
10029,Zr15Ti15Nb98,144.098472,0,98,0,15,0,0,15
10067,Ta15Nb15V15Mo45W38,242.860816,45,15,15,0,15,38,0
10073,Zr38Nb15V15Mo45W15,166.119492,45,15,0,0,15,15,38
10027,Ti15Nb98V15,160.800465,0,98,0,15,15,0,0
10072,Zr38Ti15Nb15Mo45W15,157.950463,45,15,0,15,0,15,38
10020,V15Mo98W15,260.569252,98,0,0,0,15,15,0
10069,Zr38Ta15Nb15Mo45W15,171.182458,45,15,15,0,0,15,38
10017,Ti15V15Mo98,228.092833,98,0,0,15,15,0,0
10019,Zr15Ti15Mo98,206.187022,98,0,0,15,0,0,15
10021,Zr15V15Mo98,218.888222,98,0,0,0,15,0,15
10033,Ta98Ti15V15,180.043627,0,0,98,15,15,0,0
10042,Zr15V98W15,165.044942,0,0,0,0,98,15,15
10044,Ta45Ti30Nb23Mo15W15,181.016477,15,23,45,30,0,15,0
10028,Ti15Nb98W15,174.431389,0,98,0,15,0,15,0
10075,Zr38Ta15Ti15V15Mo45,145.579033,45,0,15,15,15,0,38
10035,Zr15Ta98Ti15,160.692689,0,0,98,15,0,0,15
10011,Nb15Mo98W15,256.621049,98,15,0,0,0,15,0
10074,Ta15Ti15V15Mo45W38,231.323299,45,0,15,15,15,38,0
10043,Ta45Ti30Nb23V15Mo15,168.149267,15,23,45,30,15,0,0
10005,Zr38Ti15Nb15V15Mo15W30,151.473377,15,15,0,15,15,30,38
10026,Zr15Ta15Nb98,156.180789,0,98,15,0,0,0,15
10101,Ta15Ti30Nb45V15W23,173.163322,0,45,15,30,15,23,0
10140,Ti15Nb53V15W45,201.819278,0,53,0,15,15,45,0
10123,Zr45Nb15Mo53W15,165.982492,53,15,0,0,0,15,45
10089,Ta30Nb15V15Mo45W23,229.885915,45,15,30,0,15,23,0
10125,Ta15Ti15Mo53W45,242.994773,53,0,15,15,0,45,0
10137,Ta15Nb53V15W45,214.88006,0,53,15,0,15,45,0
10138,Zr45Ta15Nb53V15,126.432472,0,53,15,0,15,0,45
10136,Zr45Ta15Ti15Nb53,120.469251,0,53,15,15,0,0,45
10100,Zr23Ti15V30Mo45W15,173.731763,45,0,0,15,30,15,23
10106,Zr23Ta45Ti15V30W15,151.822237,0,0,45,15,30,15,23
10093,Zr23Ti30Nb15V15Mo45,151.790733,45,15,0,30,15,0,23
10086,Ta30Ti15Nb15V23Mo45,195.874083,45,15,30,15,23,0,0
10107,Ta15Ti30Nb15V30Mo15W23,183.681487,15,15,15,30,30,23,0
10115,Ta15Nb15V45Mo53,211.349245,53,15,15,0,45,0,0
10081,Zr38Ta15Ti15Nb45W15,135.793754,0,45,15,15,0,15,38
10114,Ta15Ti45Nb15Mo53,177.409017,53,15,15,45,0,0,0
10139,Zr45Ta15Nb53W15,137.154341,0,53,15,0,0,15,45
10122,Zr45Nb15V15Mo53,150.288159,53,15,0,0,15,0,45
10109,Zr23Ta15Ti30Nb15Mo15W30,162.204021,15,15,15,30,0,30,23
10131,Zr45Ti15V15Mo53,140.877376,53,0,0,15,15,0,45
10088,Zr23Ta30Ti15Nb15Mo45,167.415514,45,15,30,15,0,0,23
10108,Zr23Ta15Ti30Nb15V30Mo15,136.900909,15,15,15,30,30,0,23
10124,Ta15Ti15V45Mo53,200.916446,53,0,15,15,45,0,0
10080,Zr38Ta15Ti15Nb45V15,124.696155,0,45,15,15,15,0,38
10130,Ti15V15Mo53W45,242.409383,53,0,0,15,15,45,0
10149,Ta30Ti15Nb15V15Mo23W30,208.900407,23,15,30,15,15,30,0
10087,Ta30Ti15Nb15Mo45W23,218.104045,45,15,30,15,0,23,0
10147,Zr45Ta53V15W15,142.314181,0,0,53,0,15,15,45
10094,Zr23Ti30Nb15Mo45W15,166.294682,45,15,0,30,0,15,23
10095,Zr23Nb15V30Mo45W15,184.581526,45,15,0,0,30,15,23
10198,Ta23Ti30Nb30V15Mo15W15,178.67268,15,30,23,30,15,15,0
10197,Zr30Ta30Ti15Nb23V15W15,144.031132,0,23,30,15,15,15,30
10165,Zr15Ta23Ti15Nb15Mo15W45,196.090142,15,15,23,15,0,45,15
10222,Zr15Ta23Ti15Nb30W45,186.526491,0,30,23,15,0,45,15
10155,Zr30Ta15Ti30Nb23V15W15,134.373761,0,23,15,30,15,15,30
10171,Ta15Ti30Nb45Mo23W15,180.996835,23,45,15,30,0,15,0
10191,Ta15Ti15Nb30V15Mo23W30,205.065625,23,30,15,15,15,30,0
10159,Zr23Ta15Nb15V15Mo45W15,188.906348,45,15,15,0,15,15,23
10185,Ta45Ti15Nb23V30W15,184.116067,0,23,45,15,30,15,0
10212,Zr15Ti15Nb23V45Mo30,158.944942,30,23,0,15,45,0,15
10163,Ta23Ti15Nb15V45Mo15W15,190.489267,15,15,23,15,45,15,0
10207,Zr15Ta15Ti45Nb23Mo30,144.853429,30,23,15,45,0,0,15
10201,Zr15Ta23Nb30V30Mo15W15,178.213255,15,30,23,0,30,15,15
10190,Zr15Ta23Ti45V15W30,153.05135,0,0,23,45,15,30,15
10152,Zr30Ta30Nb15V15Mo23W15,167.322947,23,15,30,0,15,15,30
10176,Ti15Nb45V30Mo23W15,189.952729,23,45,0,15,30,15,0
10215,Ta23Ti15V45Mo30W15,200.118353,30,0,23,15,45,15,0
10182,Zr15Ta45Ti15Mo23W30,191.593652,23,0,45,15,0,30,15
10164,Zr15Ta23Ti15Nb15V45Mo15,152.79003,15,15,23,15,45,0,15
10153,Zr30Ti30Nb15V15Mo23W15,142.943992,23,15,0,30,15,15,30
10154,Zr30Ta15Ti30V15Mo23W15,145.268463,23,0,15,30,15,15,30
10209,Zr15Ta15Nb23V45Mo30,171.70205,30,23,15,0,45,0,15
10178,Zr15Ti15Nb45Mo23W30,183.630052,23,45,0,15,0,30,15
10224,Zr15Ti23Nb30V15W45,175.94325,0,30,0,23,15,45,15
10208,Ta15Nb23V45Mo30W15,209.506226,30,23,15,0,45,15,0
10162,Zr23Ta15Ti15Nb45V15W15,151.015429,0,45,15,15,15,15,23
10196,Zr30Ta30Ti15V15Mo23W15,157.479395,23,0,30,15,15,15,30
10195,Zr30Ti15Nb30V15Mo23W15,151.247199,23,30,0,15,15,15,30
10214,Zr15Nb23V15Mo30W45,214.114283,30,23,0,0,15,45,15
10199,Zr15Ta23Ti30Nb30V15Mo15,147.661135,15,30,23,30,15,0,15
10213,Zr15Ti15Nb23Mo30W45,202.82967,30,23,0,15,0,45,15
10223,Zr15Ta23Nb30V15W45,196.365005,0,30,23,0,15,45,15
10161,Zr23Ta15Ti15V15Mo45W15,178.474062,45,0,15,15,15,15,23
10283,Ta15Ti15Nb45Mo23W30,205.993962,23,45,15,15,0,30,0
10248,Ta38Nb15V45Mo30,199.089473,30,15,38,0,45,0,0
10271,Zr45Ta15Nb30V38,124.362978,0,30,15,0,38,0,45
10241,Ti113V15,105.476779,0,0,0,113,15,0,0
10225,Zr15Ta30Ti23V15W45,181.616208,0,0,30,23,15,45,15
10278,Zr45Ta30Ti15V38,120.682235,0,0,30,15,38,0,45
10282,Ta15Ti15Nb45V30Mo23,178.337216,23,45,15,15,30,0,0
10284,Zr30Ta15Ti15Nb45Mo23,145.326196,23,45,15,15,0,0,30
10285,Ta15Nb45V15Mo23W30,217.397908,23,45,15,0,15,30,0
10249,Ta38Nb15Mo30W45,241.32908,30,15,38,0,0,45,0
10276,Zr45Nb30V15W38,149.789194,0,30,0,0,15,38,45
10237,Ta113Ti15,182.908254,0,0,113,15,0,0,0
10247,Ta38Ti45Nb15Mo30,166.244002,30,15,38,45,0,0,0
10246,Zr15W113,269.278613,0,0,0,0,0,113,15
10270,Ta15Nb30V38W45,217.23047,0,30,15,0,38,45,0
10279,Zr45Ta30Ti15W38,147.816434,0,0,30,15,0,38,45
10254,Nb15V38Mo30W45,237.408795,30,15,0,0,38,45,0
10277,Ta30Ti15V38W45,210.17384,0,0,30,15,38,45,0
10230,Mo113W15,268.279235,113,0,0,0,0,15,0
10238,Ta113V15,197.161956,0,0,113,0,15,0,0
10236,Zr15Nb113,152.18373,0,113,0,0,0,0,15
10265,Zr45Ti15Mo30W38,158.268561,30,0,0,15,0,38,45
10240,Zr15Ta113,174.998638,0,0,113,0,0,0,15
10239,Ta113W15,209.916086,0,0,113,0,0,15,0
10353,Zr15Nb38V45Mo30,168.504853,30,38,0,0,45,0,15
10297,Ta45Ti15Nb23V15W30,196.636321,0,23,45,15,15,30,0
10360,Zr15Ta38Mo30W45,222.574208,30,0,38,0,0,45,15
10327,Zr23Ta30Nb60V15,150.901154,0,60,30,0,15,0,23
10318,Zr23Ta30Mo60W15,201.690746,60,0,30,0,0,15,23
10310,Nb30V15Mo60W23,236.558637,60,30,0,0,15,23,0
10343,Zr15Ta15Ti15V45Mo23W15,172.366809,23,0,15,15,45,15,15
10358,Ta38V45Mo30W15,214.709016,30,0,38,0,45,15,0
10302,Zr30Ta23Ti45V15W15,126.612329,0,0,23,45,15,15,30
10335,Zr23Ta60Ti30W15,149.041208,0,0,60,30,0,15,23
10357,Zr15Ta38Ti45Mo30,149.763301,30,0,38,45,0,0,15
10305,Ta15Nb30Mo60W23,238.872065,60,30,15,0,0,23,0
10316,Ta30V15Mo60W23,241.025953,60,0,30,0,15,23,0
10351,Zr15Ti45Nb38Mo30,144.175251,30,38,0,45,0,0,15
10329,Ti30Nb60V15W23,170.597839,0,60,0,30,15,23,0
10311,Zr23Nb30V15Mo60,182.199999,60,30,0,0,15,0,23
10328,Zr23Ta30Nb60W15,163.647584,0,60,30,0,0,15,23
10350,Ti45Nb38Mo30W15,172.344326,30,38,0,45,0,15,0
10333,Ta60Ti30V15W23,181.64335,0,0,60,30,15,23,0
10321,Zr23Ti30Mo60W15,175.129599,60,0,0,30,0,15,23
10332,Zr23Nb60V30W15,153.529494,0,60,0,0,30,15,23
10303,Ta15Ti23Nb30Mo60,197.822587,60,30,15,23,0,0,0
10304,Ta15Nb30V23Mo60,213.034904,60,30,15,0,23,0,0
10326,Ta30Nb60V15W23,197.390225,0,60,30,0,15,23,0
10361,Ti38V45Mo30W15,180.397765,30,0,0,38,45,15,0
10356,Ta38Ti45Mo30W15,179.803859,30,0,38,45,0,15,0
10334,Zr23Ta60Ti30V15,136.892561,0,0,60,30,15,0,23
10344,Zr15Ta15Ti15Nb23V45W15,156.090076,0,23,15,15,45,15,15
7090,Zr30Ta30Nb30V23W15,154.928339,0,30,30,0,23,15,30
7119,Ti15Nb75V23W15,173.712199,0,75,0,15,23,15,0
7128,Ta15Ti23Nb30V30Mo30,177.531404,30,30,15,23,30,0,0
7064,Zr15Ta30Ti15V53W15,159.652435,0,0,30,15,53,15,15
7120,Zr15Ti15Nb75V23,143.999457,0,75,0,15,23,0,15
7063,Zr15Ti15Nb30V53W15,154.232591,0,30,0,15,53,15,15
7122,Zr15Nb75V15W23,170.588356,0,75,0,0,15,23,15
7098,Ti23Nb15Mo75W15,219.945382,75,15,0,23,0,15,0
7127,Zr15Ti75V15W23,125.072033,0,0,0,75,15,23,15
7097,Ti23Nb15V15Mo75,205.388361,75,15,0,23,15,0,0
7099,Zr15Ti23Nb15Mo75,186.132331,75,15,0,23,0,0,15
7062,Zr15Ta15Nb30V53W15,167.2136,0,30,15,0,53,15,15
7071,Zr15Ta23Ti15Nb15V30W30,172.124358,0,15,23,15,30,30,15
7079,Zr30Ti23Nb30V15Mo30,140.052523,30,30,0,23,15,0,30
7129,Ta15Ti23Nb30Mo30W30,205.165763,30,30,15,23,0,30,0
7082,Ta30Ti23V15Mo30W30,208.895564,30,0,30,23,15,30,0
7118,Zr15Ta15Nb75W23,175.524773,0,75,15,0,0,23,15
7132,Zr30Ta15Nb30V23Mo30,155.19362,30,30,15,0,23,0,30
7103,Ta15Ti23V15Mo75,208.204298,75,0,15,23,15,0,0
7110,Zr15Ti15V23Mo75,191.670169,75,0,0,15,23,0,15
7111,Zr15Ti15Mo75W23,212.658779,75,0,0,15,0,23,15
7121,Zr15Ti15Nb75W23,162.976205,0,75,0,15,0,23,15
7116,Ta15Nb75V23W15,187.205006,0,75,15,0,23,15,0
7091,Zr30Ti30Nb30V23W15,131.456355,0,30,0,30,23,15,30
7117,Zr15Ta15Nb75V23,155.400695,0,75,15,0,23,0,15
7125,Zr15Ta75Ti15W23,176.410093,0,0,75,15,0,23,15
7084,Zr30Ta30Ti23Mo30W15,159.070112,30,0,30,23,0,15,30
7065,Ta15Ti30Nb23V30Mo15W15,177.166992,15,23,15,30,30,15,0
7104,Ta15Ti23Mo75W15,223.275077,75,0,15,23,0,15,0
7194,Zr15Ta15Ti15Nb15Mo68,190.266286,68,15,15,15,0,0,15
7143,Ta30Ti15Nb30V23W30,193.835707,0,30,30,15,23,30,0
7150,Ta15Ti45Nb15V15Mo15W23,173.425702,15,15,15,45,15,23,0
7169,V75Mo23W30,222.54207,23,0,0,0,75,30,0
7142,Zr30Ti30V15Mo30W23,153.274561,30,0,0,30,15,23,30
7135,Zr30Ti15Nb30V23Mo30,142.691232,30,30,0,15,23,0,30
7173,Ta75Nb23V30,189.156276,0,23,75,0,30,0,0
7186,Zr30Ta23V75,135.096944,0,0,23,0,75,0,30
7145,Zr30Ta30Ti15Nb30W23,152.830244,0,30,30,15,0,23,30
7168,Zr30Ti75Mo23,112.946151,23,0,0,75,0,0,30
7189,Zr30Ti23V75,121.234001,0,0,0,23,75,0,30
7166,Ti75V30Mo23,136.254886,23,0,0,75,30,0,0
7174,Ta75Nb23W30,212.135836,0,23,75,0,0,30,0
7187,Zr30Ta23W75,206.67982,0,0,23,0,0,75,30
7193,Ta15Ti15Nb15Mo68W15,223.763151,68,15,15,15,0,15,0
7195,Ta15Nb15V15Mo68W15,237.251838,68,15,15,0,15,15,0
7175,Zr30Ta75Nb23,151.896027,0,23,75,0,0,0,30
7160,Nb75Mo23W30,216.068525,23,75,0,0,0,30,0
7161,Zr30Nb75Mo23,150.458227,23,75,0,0,0,0,30
7156,Zr23Ta15Ti15Nb15V45W15,147.858568,0,15,15,15,45,15,23
7180,Zr30Nb23V75,130.962603,0,23,0,0,75,0,30
7181,Zr30Nb23W75,201.634315,0,23,0,0,0,75,30
7157,Ta30Nb75Mo23,192.326278,23,75,30,0,0,0,0
7192,Ta15Ti15Nb15V15Mo68,208.582402,68,15,15,15,15,0,0
7167,Ti75Mo23W30,160.790091,23,0,0,75,0,30,0
7172,Ta75Ti30Nb23,165.908369,0,23,75,30,0,0,0
7159,Nb75V30Mo23,185.309229,23,75,0,0,30,0,0
7144,Zr30Ta30Ti15Nb30V23,133.804505,0,30,30,15,23,0,30
7188,Ti23V75W30,187.28338,0,0,0,23,75,30,0
7158,Ti30Nb75Mo23,165.388509,23,75,0,30,0,0,0
7216,Zr15Ta15Nb15V30Mo30W23,194.949052,30,15,15,0,30,23,15
7221,Ta23Nb30V15Mo60,214.807329,60,30,23,0,15,0,0
7258,Ta15Nb23V60Mo15W15,199.724225,15,23,15,0,60,15,0
7261,Ti15Nb23V60Mo15W15,187.358496,15,23,0,15,60,15,0
7204,Zr15Ta15Ti15Mo68W15,203.729124,68,0,15,15,0,15,15
7251,Zr15Ta60Ti30V23,144.04722,0,0,60,30,23,0,15
7229,Zr15Nb30Mo60W23,212.911227,60,30,0,0,0,23,15
7232,Zr15Ta30Ti23Mo60,180.692273,60,0,30,23,0,0,15
7259,Zr15Ta15Nb23V60Mo15,163.03086,15,23,15,0,60,0,15
7234,Zr15Ta30V23Mo60,197.405747,60,0,30,0,23,0,15
7203,Zr15Ta15Ti15V15Mo68,190.1617,68,0,15,15,15,0,15
7242,Zr15Ta30Ti23Nb60,146.572955,0,60,30,23,0,0,15
7205,Zr15Ta15V15Mo68W15,213.750767,68,0,15,0,15,15,15
7210,Zr15Ta15Nb68V15W15,168.645525,0,68,15,0,15,15,15
7202,Ta15Ti15V15Mo68W15,224.901922,68,0,15,15,15,15,0
7250,Ta60Ti30V23W15,174.138135,0,0,60,30,23,15,0
7233,Ta30V23Mo60W15,234.138499,60,0,30,0,23,15,0
7243,Ta30Nb60V23W15,190.473739,0,60,30,0,23,15,0
7256,Ta15Ti60Nb23Mo15W15,155.072278,15,23,15,60,0,15,0
7257,Zr15Ta15Ti60Nb23Mo15,130.245327,15,23,15,60,0,0,15
7211,Zr15Ti15Nb68V15W15,156.404261,0,68,0,15,15,15,15
7235,Zr15Ta30Mo60W23,219.799281,60,0,30,0,0,23,15
7260,Zr15Ta15Nb23Mo15W60,222.460461,15,23,15,0,0,60,15
7218,Zr15Ta15Ti15V30Mo30W23,184.328727,30,0,15,15,30,23,15
7331,Ti45Nb38W45,179.450396,0,38,0,45,0,45,0
7307,Zr15Ta15Nb30V15Mo23W30,196.369287,23,30,15,0,15,30,15
7274,Zr15Ti23Nb15V15W60,189.661415,0,15,0,23,15,60,15
7312,Ti45Nb45Mo38,164.740941,38,45,0,45,0,0,0
7267,Zr15Ta23Ti15Mo15W60,212.542573,15,0,23,15,0,60,15
7292,Zr15Ta30Ti15Nb15Mo23W30,189.093196,23,15,30,15,0,30,15
7293,Zr15Ta30Nb15V15Mo23W30,198.678945,23,15,30,0,15,30,15
7324,Zr45V45Mo38,140.325595,38,0,0,0,45,0,45
7328,Ta45Nb38W45,219.381836,0,38,45,0,0,45,0
7313,Nb45V45Mo38,198.667696,38,45,0,0,45,0,0
7287,Zr30Ti15Nb15V30Mo23W15,149.48392,23,15,0,15,30,15,30
7294,Zr15Ti30Nb15V15Mo23W30,172.441652,23,15,0,30,15,30,15
7338,Zr45Ta38Ti45,112.234697,0,0,38,45,0,0,45
7336,Ta38Ti45V45,148.510386,0,0,38,45,45,0,0
7286,Zr30Ta15Nb15V30Mo23W15,162.016078,23,15,15,0,30,15,30
7300,Zr30Ta15Nb30V15Mo15W23,166.79138,15,30,15,0,15,23,30
7289,Zr30Ta15Ti15Nb23V30W15,138.872081,0,23,15,15,30,15,30
7322,Zr45Ti45Mo38,120.588851,38,0,0,45,0,0,45
7295,Zr15Ta15Ti30V15Mo23W30,174.860656,23,0,15,30,15,30,15
7273,Zr15Ta23Nb15V15W60,210.800564,0,15,23,0,15,60,15
7266,Zr15Ta23Ti15V60Mo15,153.288487,15,0,23,15,60,0,15
7272,Zr15Ta23Ti15Nb15W60,200.856899,0,15,23,15,0,60,15
7269,Zr15Ti23V15Mo15W60,200.131966,15,0,0,23,15,60,15
7309,Zr15Ta30Ti15V15Mo23W30,189.700437,23,0,30,15,15,30,15
7317,Ta45V45Mo38,206.153055,38,0,45,0,45,0,0
7325,Zr45Mo38W45,181.730451,38,0,0,0,0,45,45
7314,Nb45Mo38W45,242.389563,38,45,0,0,0,45,0
7280,Zr23Ti15Nb30V15Mo15W30,167.38587,15,30,0,15,15,30,23
7310,Zr15Ta30Ti15Nb23V15W30,173.584671,0,23,30,15,15,30,15
7268,Zr15Ta23V15Mo15W60,223.888376,15,0,23,0,15,60,15
7323,V45Mo38W45,246.49267,38,0,0,0,45,45,0
7315,Zr45Nb45Mo38,144.771594,38,45,0,0,0,0,45
7382,Ta15Ti15Nb68Mo15W15,187.415581,15,68,15,15,0,15,0
7362,Ta45Nb60V23,182.73083,0,60,45,0,23,0,0
7379,Zr23Ti60W45,143.122811,0,0,0,60,0,45,23
7399,Zr15Ta68Nb15V15W15,179.278107,0,15,68,0,15,15,15
7408,Zr45Ti15Nb23Mo45,139.562778,45,23,0,15,0,0,45
7340,Zr45Ta38V45,125.143622,0,0,38,0,45,0,45
7370,Zr23Nb60W45,183.69521,0,60,0,0,0,45,23
7341,Zr45Ta38W45,164.418936,0,0,38,0,0,45,45
7364,Zr23Ta45Nb60,155.704627,0,60,45,0,0,0,23
7371,Ta60Ti45V23,151.759364,0,0,60,45,23,0,0
7354,Zr23Ta45Mo60,191.234687,60,0,45,0,0,0,23
7415,Ta23V15Mo45W45,254.278947,45,0,23,0,15,45,0
7346,Ta23Nb45Mo60,214.141904,60,45,23,0,0,0,0
7400,Zr15Ti68Nb15V15W15,125.687635,0,15,0,68,15,15,15
7407,Ti15Nb23Mo45W45,234.435102,45,23,0,15,0,45,0
7390,Zr15Nb68V15Mo15W15,173.428464,15,68,0,0,15,15,15
7385,Zr15Ta15Nb68V15Mo15,163.642421,15,68,15,0,15,0,15
7348,Nb45V23Mo60,211.612946,60,45,0,0,23,0,0
7347,Ti23Nb45Mo60,196.385961,60,45,0,23,0,0,0
7384,Ta15Nb68V15Mo15W15,197.75172,15,68,15,0,15,15,0
7383,Zr15Ta15Ti15Nb68Mo15,154.951088,15,68,15,15,0,0,15
7414,Zr45Ta23Ti15Mo45,143.884408,45,0,23,15,0,0,45
7406,Ti15Nb23V45Mo45,192.372128,45,23,0,15,45,0,0
7355,Ti45V23Mo60,180.413415,60,0,0,45,23,0,0
7349,Nb45Mo60W23,235.546047,60,45,0,0,0,23,0
7409,Nb23V15Mo45W45,245.659243,45,23,0,0,15,45,0
7378,Zr23Ti60V45,113.484237,0,0,0,60,45,0,23
7352,Ta45V23Mo60,221.448442,60,0,45,0,23,0,0
7377,Ti60V45W23,150.143077,0,0,0,60,45,23,0
7401,Zr15Ta15Ti68V15W15,127.736881,0,0,15,68,15,15,15
7376,Zr23Ta60W45,195.148151,0,0,60,0,0,45,23
7447,Ta23Ti30V45Mo30,175.42515,30,0,23,30,45,0,0
7453,Ti23V30Mo30W45,220.641931,30,0,0,23,30,45,0
7424,Zr45Ta23Ti15Nb45,122.521824,0,45,23,15,0,0,45
7436,Zr45Ti45V23W15,111.256585,0,0,0,45,23,15,45
7422,Ta23Ti15Nb45V45,165.716751,0,45,23,15,45,0,0
7425,Ta23Nb45V15W45,216.252409,0,45,23,0,15,45,0
7464,Zr45Ti23Nb30V30,112.093663,0,30,0,23,30,0,45
7449,Zr45Ta23Ti30Mo30,128.064456,30,0,23,30,0,0,45
7423,Ta23Ti15Nb45W45,204.870551,0,45,23,15,0,45,0
7437,Ta30Ti45Nb23Mo30,165.868088,30,23,30,45,0,0,0
7455,Zr45Ti23Mo30W30,147.345535,30,0,0,23,0,30,45
7465,Zr45Ti23Nb30W30,132.754606,0,30,0,23,0,30,45
7496,Ta15Nb60V15Mo15W23,205.983627,15,60,15,0,15,23,0
7491,Zr23Ti30Nb15V15W45,160.900938,0,15,0,30,15,45,23
7439,Ta30Nb23Mo30W45,240.787422,30,23,30,0,0,45,0
7497,Zr23Ta15Nb60V15Mo15,155.887167,15,60,15,0,15,0,23
7438,Ta30Nb23V45Mo30,197.74069,30,23,30,0,45,0,0
7462,Zr45Ta23Nb30W30,151.17379,0,30,23,0,0,30,45
7452,Zr45Ta23Mo30W30,167.454727,30,0,23,0,0,30,45
7484,Zr23Ta30Ti15Mo15W45,188.260098,15,0,30,15,0,45,23
7431,Zr45Nb45V23W15,132.520137,0,45,0,0,23,15,45
7454,Zr45Ti23V30Mo30,123.810018,30,0,0,23,30,0,45
7490,Zr23Ta30Nb15V15W45,187.18428,0,15,30,0,15,45,23
7463,Ti23Nb30V30W45,196.616075,0,30,0,23,30,45,0
7430,Zr45Ti23Nb45W15,123.805194,0,45,0,23,0,15,45
7517,Ta23Nb15V15Mo15W60,242.666693,15,15,23,0,15,60,0
7516,Zr60Ta23Ti15Nb15Mo15,119.077286,15,15,23,15,0,0,60
7518,Zr60Ta23Nb15V15Mo15,123.318859,15,15,23,0,15,0,60
7510,Zr23Ta60Ti15Nb15W15,158.824682,0,15,60,15,0,15,23
7551,Zr60Ta15Ti15Nb15V23,109.736574,0,15,15,15,23,0,60
7503,Ta60Ti15V15Mo15W23,203.388856,15,0,60,15,15,23,0
7569,Zr15Ta15V45Mo23W30,196.464195,23,0,15,0,45,30,15
7543,Zr60Ti15Nb15Mo15W23,127.3672,15,15,0,15,0,23,60
7548,Zr60Ta15V15Mo15W23,133.547296,15,0,15,0,15,23,60
7560,Zr15Ta45Nb15V30Mo23,173.392888,23,15,45,0,30,0,15
7541,Ti15Nb15V23Mo15W60,229.464591,15,15,0,15,23,60,0
7520,Ti23Nb15V15Mo15W60,223.034818,15,15,0,23,15,60,0
7544,Zr60Nb15V15Mo15W23,130.554734,15,15,0,0,15,23,60
7533,Zr60Ti15Nb15V23W15,114.180418,0,15,0,15,23,15,60
7545,Ta15Ti15V23Mo15W60,231.994095,15,0,15,15,23,60,0
7504,Zr23Ta60Ti15V15Mo15,154.257198,15,0,60,15,15,0,23
7521,Zr60Ti23Nb15V15Mo15,109.425565,15,15,0,23,15,0,60
7567,Zr15Ta15Ti45V30Mo23,140.05432,23,0,15,45,30,0,15
7529,Ta15Ti23Nb15V15W60,214.400756,0,15,15,23,15,60,0
7505,Zr23Ta60Ti15Mo15W15,168.042354,15,0,60,15,0,15,23
7499,Ti15Nb60V15Mo15W23,191.395554,15,60,0,15,15,23,0
7526,Zr60Ta15Ti23Mo15W15,120.967762,15,0,15,23,0,15,60
7511,Zr23Ta60Nb15V15W15,167.140146,0,15,60,0,15,15,23
7532,Zr60Ta15Nb15V23W15,123.149149,0,15,15,0,23,15,60
7542,Zr60Ti15Nb15V23Mo15,111.905275,15,15,0,15,23,0,60
7534,Zr60Ta15Ti15V23W15,116.412934,0,0,15,15,23,15,60
7558,Zr15Ta45Ti30Nb15Mo23,155.916663,23,15,45,30,0,0,15
7546,Zr60Ta15Ti15V23Mo15,113.981922,15,0,15,15,23,0,60
7556,Ta45Ti30Nb15V15Mo23,173.767385,23,15,45,30,15,0,0
7519,Zr60Ta23Nb15Mo15W15,134.899554,15,15,23,0,0,15,60
7528,Zr60Ti15V23Mo15W15,121.205466,15,0,0,15,23,15,60
7498,Zr23Ta15Nb60Mo15W15,168.314438,15,60,15,0,0,15,23
7527,Zr60Ta15V23Mo15W15,129.830509,15,0,15,0,23,15,60
7619,Ta98Nb30,196.648737,0,30,98,0,0,0,0
7618,Zr98Mo30,103.217946,30,0,0,0,0,0,98
7610,Zr23Ta30V30W45,187.420808,0,0,30,0,30,45,23
7635,Ta30Ti15Nb15V15Mo30W23,206.872525,30,15,30,15,15,23,0
7627,Zr98Ta30,96.723045,0,0,30,0,0,0,98
7629,Ti30W98,245.081622,0,0,0,30,0,98,0
7588,Ta30Ti45Mo30W23,186.440848,30,0,30,45,0,23,0
7580,Zr23Ta45Nb30Mo30,172.430084,30,30,45,0,0,0,23
7593,Ti30V45Mo30W23,193.63464,30,0,0,30,45,23,0
7628,Ti30V98,155.17909,0,0,0,30,98,0,0
7634,Zr30Ta15Ti15Nb23V15Mo15W15,149.744535,15,23,15,15,15,15,30
7572,Zr15Ta15Ti45Nb23V30,129.235425,0,23,15,45,30,0,15
7575,Zr15Ti15Nb23V45W30,166.082828,0,23,0,15,45,30,15
7620,Ti98Nb30,116.288047,0,30,0,98,0,0,0
7616,V98Mo30,199.513317,30,0,0,0,98,0,0
7605,Zr23Ti30Nb30W45,162.127311,0,30,0,30,0,45,23
7594,Zr23Ti30V45Mo30,143.575292,30,0,0,30,45,0,23
7603,Ti30Nb30V45W23,170.565318,0,30,0,30,45,23,0
7581,Ti45Nb30V23Mo30,160.031938,30,30,0,45,23,0,0
7632,Zr98V30,92.71855,0,0,0,0,30,0,98
7573,Zr15Ta15Ti45Nb23W30,151.359549,0,23,15,45,0,30,15
7587,Ta30Ti45V23Mo30,165.565448,30,0,30,45,23,0,0
7633,Zr98W30,107.348203,0,0,0,0,0,30,98
7604,Zr23Ti30Nb30V45,126.778978,0,30,0,30,45,0,23
7617,Mo30W98,285.706581,30,0,0,0,0,98,0
7574,Zr15Ta15Nb23V45W30,179.286009,0,23,15,0,45,30,15
7602,Zr23Ta30Nb30W45,188.449584,0,30,30,0,0,45,23
7586,Zr23Nb30Mo30W45,204.032641,30,30,0,0,0,45,23
7626,Ta30W98,282.089449,0,0,30,0,0,98,0
7611,Zr23Ti30V30W45,159.656835,0,0,0,30,30,45,23
7589,Zr23Ta30Ti45Mo30,140.60545,30,0,30,45,0,0,23
7656,Nb30V23Mo45W30,232.502709,45,30,0,0,23,30,0
7659,Ta30Ti23V30Mo45,191.42578,45,0,30,23,30,0,0
7661,Zr30Ta30Ti23Mo45,154.32815,45,0,30,23,0,0,30
7674,Zr30Ta30Nb45W23,162.642416,0,45,30,0,0,23,30
7713,Zr30Ti15Nb53Mo15W15,148.350241,15,53,0,15,0,15,30
7666,Zr30Ti30V23Mo45,143.299142,45,0,0,30,23,0,30
7660,Ta30Ti23Mo45W30,219.680851,45,0,30,23,0,30,0
7667,Zr30Ti30Mo45W23,165.107059,45,0,0,30,0,23,30
7700,Zr15Ta30Ti15Nb23V45,147.756867,0,23,30,15,45,0,15
7675,Ti30Nb45V23W30,176.261673,0,45,0,30,23,30,0
7658,Zr30Nb30Mo45W23,185.490871,45,30,0,0,0,23,30
7712,Zr30Ti15Nb53V15Mo15,134.982184,15,53,0,15,15,0,30
7694,Ta30Ti15V45Mo23W15,196.418277,23,0,30,15,45,15,0
7651,Ta23Nb30Mo45W30,236.334743,45,30,23,0,0,30,0
7668,Zr30V30Mo45W23,182.450336,45,0,0,0,30,23,30
7695,Zr15Ta30Ti15V45Mo23,161.046329,23,0,30,15,45,0,15
7643,Zr30Ta15Ti15Nb23V30Mo15,135.731455,15,23,15,15,30,0,30
7669,Ta30Ti23Nb45V30,162.552185,0,45,30,23,30,0,0
7715,Ta53Ti15V15Mo15W30,209.136949,15,0,53,15,15,30,0
7709,Zr30Ta15Nb53V15Mo15,145.837401,15,53,15,0,15,0,30
7693,Zr15Nb30V15Mo23W45,209.275315,23,30,0,0,15,45,15
7657,Zr30Nb30V23Mo45,160.996624,45,30,0,0,23,0,30
7692,Zr15Ti15Nb30Mo23W45,198.315411,23,30,0,15,0,45,15
7714,Zr30Nb53V15Mo15W15,156.012904,15,53,0,0,15,15,30
7650,Ta23Nb30V30Mo45,206.707165,45,30,23,0,30,0,0
7778,Ta30Ti30V15Mo15W38,201.558608,15,0,30,30,15,38,0
7752,Zr53Ta30Nb15Mo15W15,142.283237,15,15,30,0,0,15,53
7731,Zr53Ta15Nb30Mo15W15,141.04299,15,30,15,0,0,15,53
7741,Ta30Ti15Nb15V15W53,216.58219,0,15,30,15,15,53,0
7740,Zr53Ti30V15Mo15W15,119.419676,15,0,0,30,15,15,53
7724,Zr30Ti53Nb15V15W15,118.83028,0,15,0,53,15,15,30
7764,Zr53Ta15Ti30Nb15W15,116.980846,0,15,15,30,0,15,53
7771,Ta30Nb30V15Mo15W38,223.417002,15,30,30,0,15,38,0
7777,Zr38Nb30V30Mo15W15,147.313617,15,30,0,0,30,15,38
7776,Zr38Ti30Nb30Mo15W15,133.508387,15,30,0,30,0,15,38
7774,Ti30Nb30V15Mo15W38,195.394877,15,30,0,30,15,38,0
7763,Zr53Ta15Ti30Nb15V15,108.703388,0,15,15,30,15,0,53
7782,Zr38Ti30V30Mo15W15,129.812079,15,0,0,30,30,15,38
7779,Zr38Ta30Ti30V15Mo15,125.640901,15,0,30,30,15,0,38
7773,Zr38Ta30Nb30Mo15W15,156.048855,15,30,30,0,0,15,38
7725,Zr30Ta15Ti53V15W15,121.517105,0,0,15,53,15,15,30
7749,Zr53Ta30Ti15Nb15Mo15,123.96606,15,15,30,15,0,0,53
7787,Zr38Ti30Nb15V30W15,123.391082,0,15,0,30,30,15,38
7730,Zr53Ta15Nb30V15Mo15,128.267758,15,30,15,0,15,0,53
7784,Zr38Ta30Ti30Nb15V15,120.8446,0,15,30,30,15,0,38
7736,Ta30Ti15V15Mo15W53,227.474743,15,0,30,15,15,53,0
7747,Ta30Ti15Nb15V53Mo15,176.930878,15,15,30,15,53,0,0
7746,Zr53Ta15Ti30V15W15,115.050173,0,0,15,30,15,15,53
7785,Zr38Ta30Ti30Nb15W15,131.44699,0,15,30,30,0,15,38
7755,Zr53Ti30Nb15Mo15W15,121.319253,15,15,0,30,0,15,53
7737,Zr53Ta30Ti15V15Mo15,123.642119,15,0,30,15,15,0,53
7748,Ta30Ti15Nb15Mo15W53,227.710831,15,15,30,15,0,53,0
7790,Zr15Ta15Ti15Nb15V45Mo23,157.147625,23,15,15,15,45,0,15
7783,Ta30Ti30Nb15V15W38,190.563911,0,15,30,30,15,38,0
7723,Zr30Ta53Nb15V15W15,157.956713,0,15,53,0,15,15,30
7738,Zr53Ta30Ti15Mo15W15,133.900462,15,0,30,15,0,15,53
7722,Zr30Ta53Ti15Nb15W15,150.266921,0,15,53,15,0,15,30
7780,Zr38Ta30Ti30Mo15W15,138.250312,15,0,30,30,0,15,38
7770,Zr38Ta30Ti15Nb30Mo15,137.566411,15,30,30,15,0,0,38
7829,Zr15Ta45Ti15Mo15W38,193.970792,15,0,45,15,0,38,15
7860,Nb30V15W83,253.188103,0,30,0,0,15,83,0
7818,Ta15Ti38Nb45Mo15W15,171.847745,15,45,15,38,0,15,0
7857,Ti15Nb30V83,164.052635,0,30,0,15,83,0,0
7833,Zr15Ta45Ti15Nb15V38,150.977412,0,15,45,15,38,0,15
7858,Ti15Nb30W83,239.073618,0,30,0,15,0,83,0
7804,Zr15Ti23Nb15Mo60W15,189.226868,60,15,0,23,0,15,15
7856,Zr83Ta15Nb30,103.168685,0,30,15,0,0,0,83
7827,Ta45Ti15V38Mo15W15,192.875692,15,0,45,15,38,15,0
7810,Zr15Ti15V23Mo60W15,193.919189,60,0,0,15,23,15,15
7803,Zr15Ti23Nb15V15Mo60,174.625391,60,15,0,23,15,0,15
7802,Ti23Nb15V15Mo60W15,209.766667,60,15,0,23,15,15,0
7811,Ta15Ti23Nb60V15W15,172.317395,0,60,15,23,15,15,0
7842,Zr83Nb15Mo30,111.894923,30,15,0,0,0,0,83
7861,Zr83Nb30V15,100.191344,0,30,0,0,15,0,83
7851,Zr83V15Mo30,109.807243,30,0,0,0,15,0,83
7834,Zr15Ta45Ti15Nb15W38,184.211096,0,15,45,15,0,38,15
7845,Ta15Mo30W83,279.016509,30,0,15,0,0,83,0
7799,Ta23Nb15V15Mo60W15,232.652437,60,15,23,0,15,15,0
7816,Zr15Ta60Ti15V23W15,166.614446,0,0,60,15,23,15,15
7797,Ta23Ti15Nb15Mo60W15,219.28432,60,15,23,15,0,15,0
7832,Ta45Ti15Nb15V38W15,183.052122,0,15,45,15,38,15,0
7805,Zr15Nb15V23Mo60W15,205.770587,60,15,0,0,23,15,15
7859,Zr83Ti15Nb30,96.967197,0,30,0,15,0,0,83
7835,Zr15Ta45Nb15V15W38,194.051245,0,15,45,0,15,38,15
7850,V15Mo30W83,278.71046,30,0,0,0,15,83,0
7867,Zr83Ta30V15,103.360579,0,0,30,0,15,0,83
7895,Ta45Nb45V15Mo23,195.779734,23,45,45,0,15,0,0
7869,Ti30V15W83,229.499542,0,0,0,30,15,83,0
7874,Ta15Ti23Nb15Mo60W15,211.262337,60,15,15,23,0,15,0
7887,Zr15Ti15V15Mo60W23,202.421307,60,0,0,15,15,23,15
7866,Ta30V15W83,258.595779,0,0,30,0,15,83,0
7914,Ta45Ti45Nb23V15,149.86593,0,23,45,45,15,0,0
7900,Zr15Ti45Nb45Mo23,138.693397,23,45,0,45,0,0,15
7919,Zr15Ta45Nb23W45,201.313502,0,23,45,0,0,45,15
7912,Zr15Ti45Mo23W45,176.619771,23,0,0,45,0,45,15
7913,Zr15V45Mo23W45,209.887627,23,0,0,0,45,45,15
7873,Ta15Ti23Nb15V15Mo60,197.099353,60,15,15,23,15,0,0
7909,Zr15Ta45Mo23W45,219.048085,23,0,45,0,0,45,15
7868,Zr83Ta30W15,111.760623,0,0,30,0,0,15,83
7892,Zr15Ti15Nb60V15W23,161.52004,0,60,0,15,15,23,15
7922,Zr15Ti45Nb23W45,160.911466,0,23,0,45,0,45,15
7893,Zr15Ta60Ti15V15W23,172.729387,0,0,60,15,15,23,15
7881,Zr15Ti15Nb15Mo60W23,201.787496,60,15,0,15,0,23,15
7894,Ta45Ti15Nb45Mo23,185.745224,23,45,45,15,0,0,0
7915,Ta45Ti45Nb23W15,161.28734,0,23,45,45,0,15,0
7880,Zr15Ti15Nb15V23Mo60,180.33433,60,15,0,15,23,0,15
7907,Ta45V45Mo23W15,209.785805,23,0,45,0,45,15,0
7889,Zr15Ta15Ti15Nb60V23,146.710044,0,60,15,15,23,0,15
7875,Zr15Ta15Ti23Nb15Mo60,177.395333,60,15,15,23,0,0,15
7925,Zr15Ta23Ti45V45,131.001593,0,0,23,45,45,0,15
7940,Ta15Ti30Mo53W30,217.639854,53,0,15,30,0,30,0
7983,Zr15Ti15Nb30V30W38,174.827846,0,30,0,15,30,38,15
7923,Zr15Nb23V45W45,191.568043,0,23,0,0,45,45,15
7971,Zr15Ti30Nb15V38Mo30,152.141263,30,15,0,30,38,0,15
7976,Zr15Ta15Ti30Mo30W38,188.102544,30,0,15,30,0,38,15
7970,Ti30Nb15V38Mo30W15,184.937737,30,15,0,30,38,15,0
7982,Zr15Ta15Nb30V30W38,188.434991,0,30,15,0,30,38,15
7963,Zr30Ti53V15W30,126.946196,0,0,0,53,15,30,30
7984,Zr15Ta30Ti15V30W38,180.752427,0,0,30,15,30,38,15
7936,Nb15V30Mo53W30,239.651968,53,15,0,0,30,30,0
7978,Zr15Ti15V30Mo30W38,195.225687,30,0,0,15,30,38,15
7964,Ta30Ti38Nb15V15Mo30,170.004078,30,15,30,38,15,0,0
7947,Zr30Ti15Mo53W30,185.370105,53,0,0,15,0,30,30
7979,Ta15Ti30Nb30V38W15,167.330771,0,30,15,30,38,15,0
7949,Ta15Ti30Nb53V30,154.980153,0,53,15,30,30,0,0
7977,Zr15Ta15V30Mo30W38,210.006306,30,0,15,0,30,38,15
7955,Ti15Nb53V30W30,187.325493,0,53,0,15,30,30,0
7931,Ta30Nb15Mo53W30,242.958037,53,15,30,0,0,30,0
7938,Zr30Nb15Mo53W30,196.049135,53,15,0,0,0,30,30
7926,Zr15Ta23Ti45W45,165.056731,0,0,23,45,0,45,15
7924,Ta23Ti45V45W15,158.349658,0,0,23,45,45,15,0
7946,Zr30Ti15V30Mo53,157.077673,53,0,0,15,30,0,30
7941,Zr30Ta15Ti30Mo53,150.424604,53,0,15,30,0,0,30
7948,Zr30V15Mo53W30,195.576428,53,0,0,0,15,30,30
7985,Ta38Ti30Nb15V15Mo30,177.628886,30,15,38,30,15,0,0
7990,Zr15Ta38Nb15Mo30W30,205.5686,30,15,38,0,0,30,15
8009,Zr38Ta45Nb30Mo15,147.711928,15,30,45,0,0,0,38
8022,Ti30V45Mo15W38,198.266275,15,0,0,30,45,38,0
8038,Zr38Ta15Ti30W45,148.063641,0,0,15,30,0,45,38
8046,Ti53Nb45Mo15W15,157.449331,15,45,0,53,0,15,0
8031,Zr38Ta30Nb15W45,171.394921,0,15,30,0,0,45,38
8013,Nb30V45Mo15W38,219.514154,15,30,0,0,45,38,0
8000,Ta15Ti38Nb30V30W15,161.184268,0,30,15,38,30,15,0
8014,Zr38Nb30V45Mo15,134.124305,15,30,0,0,45,0,38
8048,Nb45V53Mo15W15,195.258008,15,45,0,0,53,15,0
8040,Zr38Ti15V30W45,152.039201,0,0,0,15,30,45,38
8047,Zr15Ti53Nb45Mo15,131.927237,15,45,0,53,0,0,15
8008,Ta45Nb30Mo15W38,225.597658,15,30,45,0,0,38,0
8007,Ta45Nb30V38Mo15,190.442565,15,30,45,0,38,0,0
8049,Zr15Nb45V53Mo15,160.168396,15,45,0,0,53,0,15
8001,Zr15Ta15Ti38Nb30V30,133.100697,0,30,15,38,30,0,15
8023,Zr38Ti30V45Mo15,119.122916,15,0,0,30,45,0,38
8036,Ta15Ti30V45W38,188.824406,0,0,15,30,45,38,0
8039,Zr38Ta15V30W45,165.211671,0,0,15,0,30,45,38
8024,Zr38Ti30Mo15W45,153.797513,15,0,0,30,0,45,38
8015,Zr38Nb30Mo15W45,174.61805,15,30,0,0,0,45,38
7997,Zr15Ta15Ti38Mo30W30,176.135759,30,0,15,38,0,30,15
8012,Zr38Ti45Nb30Mo15,116.867766,15,30,0,45,0,0,38
8041,Ta53Ti15Nb45Mo15,182.212493,15,45,53,15,0,0,0
8025,Zr38V30Mo15W45,172.396406,15,0,0,0,30,45,38
8104,Ta23V60Mo30W15,214.249283,30,0,23,0,60,15,0
8121,Ta30Ti23V60W15,175.362333,0,0,30,23,60,15,0
8082,Zr15Ta23Ti30V15Mo15W30,170.743477,15,0,23,30,15,30,15
8078,Zr15Ta30Ti15Nb23V30Mo15,155.028495,15,23,30,15,30,0,15
8105,Zr15Ta23V60Mo30,174.003826,30,0,23,0,60,0,15
8110,Zr15V23Mo30W60,230.127262,30,0,0,0,23,60,15
8090,Zr15Ta15Ti23Nb30V30W15,152.233446,0,30,15,23,30,15,15
8102,Ta23Ti60Mo30W15,166.99366,30,0,23,60,0,15,0
8070,Zr15Nb15V45W53,199.741814,0,15,0,0,45,53,15
8118,Zr15Ti23Nb30V60,137.456352,0,30,0,23,60,0,15
8053,Zr15Ta45Ti53Mo15,139.000102,15,0,45,53,0,0,15
8111,Ta23Ti60Nb30V15,136.925685,0,30,23,60,15,0,0
8052,Ta45Ti53Mo15W15,165.917005,15,0,45,53,0,15,0
8128,Zr30Ta30Ti15Nb30Mo23,147.290834,23,30,30,15,0,0,30
8079,Zr15Ta30Ti15Nb23Mo15W30,183.721413,15,23,30,15,0,30,15
8084,Ta23Ti30Nb15V15Mo30W15,187.298066,30,15,23,30,15,15,0
8096,Ti60Nb23Mo30W15,161.919744,30,23,0,60,0,15,0
8083,Zr15Ta23Ti30Nb15V15W30,161.795749,0,15,23,30,15,30,15
8076,Zr15Ta15Ti30Nb15V23Mo15W15,156.669285,15,15,15,30,23,15,15
8077,Ta30Ti15Nb23V30Mo15W15,190.647575,15,23,30,15,30,15,0
8062,Ta45Ti53Nb15W15,156.190334,0,15,45,53,0,15,0
8085,Zr15Ta23Ti30Nb15V15Mo30,155.505436,30,15,23,30,15,0,15
8071,Ta15Ti45V53W15,156.431204,0,0,15,45,53,15,0
8103,Zr15Ta23Ti60Mo30,138.258778,30,0,23,60,0,0,15
8132,Ti30Nb30V15Mo23W30,192.394885,23,30,0,30,15,30,0
8117,Ti23Nb30V60W15,169.933075,0,30,0,23,60,15,0
8193,Zr45Nb23Mo60,157.006199,60,23,0,0,0,0,45
8160,Zr23Ta15V30Mo15W45,193.64811,15,0,15,0,30,45,23
8158,Zr23Ta15Ti30V45Mo15,135.504009,15,0,15,30,45,0,23
8135,Zr30Nb30V30Mo23W15,159.849832,23,30,0,0,30,15,30
8203,Zr45Mo60W23,177.725244,60,0,0,0,0,23,45
8142,Zr30Ta30Ti30Nb23V15,127.845067,0,23,30,30,15,0,30
8150,Ta30Nb15V45Mo15W23,209.206446,15,15,30,0,45,23,0
8187,Zr30Ti15Nb23V15W45,162.798197,0,23,0,15,15,45,30
8156,Zr23Nb15V30Mo15W45,190.832249,15,15,0,0,30,45,23
8151,Zr23Ta30Nb15V45Mo15,155.867909,15,15,30,0,45,0,23
8166,Zr23Ti15Nb15V30W45,168.756528,0,15,0,15,30,45,23
8189,Ta45Nb23Mo60,219.179774,60,23,45,0,0,0,0
8199,Ti23Mo60W45,239.345643,60,0,0,23,0,45,0
8168,Ta15Ti45Nb15V30Mo23,156.757197,23,15,15,45,30,0,0
8169,Ta15Ti45Nb15Mo23W30,184.833371,23,15,15,45,0,30,0
8174,Ti15Nb15V45Mo23W30,205.355284,23,15,0,15,45,30,0
8194,Ta23Ti45Mo60,184.081405,60,0,23,45,0,0,0
8145,Zr30Ti30Nb23V30W15,128.705845,0,23,0,30,30,15,30
8192,Nb23Mo60W45,257.292069,60,23,0,0,0,45,0
8180,Zr30Ta15Ti15Mo23W45,183.475004,23,0,15,15,0,45,30
8152,Zr23Ta30Nb15Mo15W45,197.66128,15,15,30,0,0,45,23
8133,Zr30Ti30Nb30V15Mo23,133.169354,23,30,0,30,15,0,30
8173,Zr30Ta15Nb15Mo23W45,193.188919,23,15,15,0,0,45,30
8157,Ta15Ti30V45Mo15W23,184.406138,15,0,15,30,45,23,0
8161,Zr23Ti15V30Mo15W45,180.067599,15,0,0,15,30,45,23
8159,Zr23Ta15Ti30Mo15W45,174.081945,15,0,15,30,0,45,23
8167,Zr23Ta15Ti15V30W45,172.179468,0,0,15,15,30,45,23
8134,Zr30Ti30Nb30Mo23W15,143.91725,23,30,0,30,0,15,30
8204,Ta23Ti45Nb60,146.664986,0,60,23,45,0,0,0
8195,Ta23V45Mo60,218.813128,60,0,23,0,45,0,0
8245,Ta45Ti30Nb23W30,185.865474,0,23,45,30,0,30,0
8273,Zr45Ti23V30Mo15W15,125.918756,15,0,0,23,30,15,45
8232,Zr30Nb45V30Mo23,148.925977,23,45,0,0,30,0,30
8210,Zr45Ti23Nb60,113.868988,0,60,0,23,0,0,45
8217,Ta60V23W45,226.407756,0,0,60,0,23,45,0
8244,Ta45Ti30Nb23V30,159.111656,0,23,45,30,30,0,0
8260,Ta30Ti15Nb23Mo15W45,218.682068,15,23,30,15,0,45,0
8274,Ta23Ti30Nb15V15W45,195.437694,0,15,23,30,15,45,0
8242,Zr30Ti45Mo23W30,146.707222,23,0,0,45,0,30,30
8261,Zr45Ta30Ti15Nb23Mo15,129.927654,15,23,30,15,0,0,45
8258,Zr30Ti23V45W30,142.918672,0,0,0,23,45,30,30
8218,Zr45Ta60V23,133.467125,0,0,60,0,23,0,45
8216,Zr45Ta60Ti23,122.448339,0,0,60,23,0,0,45
8211,Nb60V23W45,213.004717,0,60,0,0,23,45,0
8250,Ti45Nb23V30W30,166.45059,0,23,0,45,30,30,0
8272,Zr45Ta23V30Mo15W15,142.163,15,0,23,0,30,15,45
8259,Ta30Ti15Nb23V45Mo15,177.673139,15,23,30,15,45,0,0
8229,Ti30Nb45Mo23W30,193.03444,23,45,0,30,0,30,0
8251,Zr30Ti45Nb23V30,113.918994,0,23,0,45,30,0,30
8235,Ta45Ti30Mo23W30,202.579998,23,0,45,30,0,30,0
8243,Zr30V45Mo23W30,173.677242,23,0,0,0,45,30,30
8257,Zr30Ta23V45W30,162.984743,0,0,23,0,45,30,30
8275,Zr45Ta23Ti30Nb15V15,114.410844,0,15,23,30,15,0,45
8221,Zr45Ti60V23,101.552014,0,0,0,60,23,0,45
8227,Zr30Ta30Nb45Mo23,157.304843,23,45,30,0,0,0,30
8228,Ti30Nb45V30Mo23,164.845711,23,45,0,30,30,0,0
8219,Zr45Ta60W23,151.416529,0,0,60,0,0,23,45
8226,Ta30Nb45Mo23W30,219.554354,23,45,30,0,0,30,0
8220,Ti60V23W45,171.534959,0,0,0,60,23,45,0
8337,Zr45Nb15V53Mo15,127.903081,15,15,0,0,53,0,45
8301,Ta30Ti15Nb15V30Mo38,191.983354,38,15,30,15,30,0,0
8314,Zr30Ta15V30Mo38W15,173.286964,38,0,15,0,30,15,30
8339,Ta15Ti53V45Mo15,148.290238,15,0,15,53,45,0,0
8325,Zr15Ta30Nb30V15Mo23W15,185.110207,23,30,30,0,15,15,15
8338,Zr45Nb15Mo15W53,174.0623,15,15,0,0,0,53,45
8336,Nb15V53Mo15W45,228.78646,15,15,0,0,53,45,0
8346,Zr45Ti15V53Mo15,119.931212,15,0,0,15,53,0,45
8315,Zr30Ti15V30Mo38W15,161.001672,38,0,0,15,30,15,30
8323,Zr15Ta30Ti15Nb30V15Mo23,163.277802,23,30,30,15,15,0,15
8331,Ta53Nb15Mo15W45,236.72523,15,15,53,0,0,45,0
8295,Ta23Ti15Nb15V45W30,193.692321,0,15,23,15,45,30,0
8280,Ta15Ti45Nb23V30Mo15,153.126351,15,23,15,45,30,0,0
8293,Zr30Ta23V15Mo15W45,186.104557,15,0,23,0,15,45,30
8288,Zr30Ti15Nb23Mo15W45,173.417168,15,23,0,15,0,45,30
8300,Zr30Ta15Ti23V15W45,160.168158,0,0,15,23,15,45,30
8330,Ta53Nb15V45Mo15,192.164466,15,15,53,0,45,0,0
8313,Zr30Ta15Ti30Mo38W15,155.426328,38,0,15,30,0,15,30
8308,Zr30Ti30Nb15V15Mo38,139.379767,38,15,0,30,15,0,30
8307,Ti30Nb15V15Mo38W30,203.594061,38,15,0,30,15,30,0
8289,Zr30Nb23V15Mo15W45,182.0717,15,23,0,0,15,45,30
8286,Ti15Nb23V45Mo15W30,199.775245,15,23,0,15,45,30,0
8281,Ta15Ti45Nb23Mo15W30,180.419183,15,23,15,45,0,30,0
8292,Zr30Ta23Ti15Mo15W45,177.561671,15,0,23,15,0,45,30
8322,Ta30Ti15Nb30V15Mo23W15,195.164803,23,30,30,15,15,15,0
8294,Zr30Ti23V15Mo15W45,165.606076,15,0,0,23,15,45,30
8309,Zr30Ti30Nb15Mo38W15,152.503932,38,15,0,30,0,15,30
8341,Zr45Ta15Ti53Mo15,111.458068,15,0,15,53,0,0,45
8287,Zr30Ti15Nb23V45Mo15,134.931707,15,23,0,15,45,0,30
8306,Zr30Ta30Nb15Mo38W15,178.269116,38,15,30,0,0,15,30
8365,Ta15Ti68Nb15Mo15W15,151.232784,15,15,15,68,0,15,0
8398,Ta60V30Mo23W15,212.199066,23,0,60,0,30,15,0
8413,Zr15Ti60Nb23W30,140.520629,0,23,0,60,0,30,15
8379,Ta15Ti15Nb15V68W15,179.905529,0,15,15,15,68,15,0
8367,Ta15Nb15V68Mo15W15,201.962151,15,15,15,0,68,15,0
8370,Ti15Nb15V68Mo15W15,188.003615,15,15,0,15,68,15,0
8353,Zr45Ta15Nb15V53,124.472125,0,15,15,0,53,0,45
8354,Zr45Ta15Nb15W53,168.174512,0,15,15,0,0,53,45
8415,Ta23Ti60V30W15,147.128965,0,0,23,60,30,15,0
8390,Ti30Nb60Mo23W15,178.885425,23,60,0,30,0,15,0
8391,Zr15Ti30Nb60Mo23,149.318519,23,60,0,30,0,0,15
8355,Ti15Nb15V53W45,204.055043,0,15,0,15,53,45,0
8414,Zr15Nb23V60W30,178.150292,0,23,0,0,60,30,15
8360,Zr45Ta15Ti15V53,112.37464,0,0,15,15,53,0,45
8362,Zr45Ta15V15W53,165.990757,0,0,15,0,15,53,45
8363,Zr45Ti15V15W53,153.621381,0,0,0,15,15,53,45
8412,Zr15Ti60Nb23V30,119.558067,0,23,0,60,30,0,15
8400,Zr15Ta60Mo23W30,206.472722,23,0,60,0,0,30,15
8399,Zr15Ta60V30Mo23,178.475082,23,0,60,0,30,0,15
8383,Zr15Ti15Nb15V15W68,203.772638,0,15,0,15,15,68,15
8348,Zr45V15Mo15W53,172.984697,15,0,0,0,15,53,45
8377,Zr15Ta15V15Mo15W68,229.40779,15,0,15,0,15,68,15
8397,Zr15Ta60Ti30Mo23,160.261504,23,0,60,30,0,0,15
8358,Zr45Nb15V15W53,163.011836,0,15,0,0,15,53,45
8394,Zr15Nb60Mo23W30,195.681581,23,60,0,0,0,30,15
8352,Ta15Nb15V53W45,218.541362,0,15,15,0,53,45,0
8422,Zr15Ta30Ti15Nb23Mo45,177.531439,45,23,30,15,0,0,15
8396,Ta60Ti30Mo23W15,190.430978,23,0,60,30,0,15,0
8384,Zr15Ta15Ti15V15W68,207.330159,0,0,15,15,15,68,15
8364,Ta15Ti68Nb15V15Mo15,139.796719,15,15,15,68,15,0,0
8470,Zr15Nb45V45W23,170.2892,0,45,0,0,45,23,15
8483,Zr15Ta23Ti15Nb15V15Mo30W15,178.847206,30,15,23,15,15,15,15
8482,Zr30Ta15Ti15Nb15V23W30,153.038049,0,15,15,15,23,30,30
8446,Ti23Nb45Mo45W15,199.589011,45,45,0,23,0,15,0
8448,Nb45V23Mo45W15,215.134913,45,45,0,0,23,15,0
8484,Zr38Ta15Ti15Nb15V15Mo15W15,139.510617,15,15,15,15,15,15,38
8462,Ta45Ti23Nb45W15,178.695063,0,45,45,23,0,15,0
8496,Ta15Ti15Mo15W83,256.246045,15,0,15,15,0,83,0
8479,Zr30Ta15Nb15V23Mo15W30,172.170419,15,15,15,0,23,30,30
8471,Ta45Ti45V23W15,161.199861,0,0,45,45,23,15,0
8454,Ta45V23Mo45W15,226.281408,45,0,45,0,23,15,0
8453,Zr15Ta45Ti23Mo45,174.184157,45,0,45,23,0,0,15
8423,Ta30Nb23V15Mo45W15,220.692518,45,23,30,0,15,15,0
8497,Zr83Ta15Ti15Mo15,102.520762,15,0,15,15,0,0,83
8452,Ta45Ti23Mo45W15,207.812044,45,0,45,23,0,15,0
8463,Zr15Ta45Ti23Nb45,149.26375,0,45,45,23,0,0,15
8437,Zr15Ta23Ti30Nb45W15,151.037406,0,45,23,30,0,15,15
8449,Zr15Nb45V23Mo45,180.566741,45,45,0,0,23,0,15
8436,Zr15Ta23Ti30Nb45V15,139.284847,0,45,23,30,15,0,15
8464,Ta45Nb45V23W15,193.939068,0,45,45,0,23,15,0
8499,Zr83Ta15V15Mo15,104.65998,15,0,15,0,15,0,83
8476,Ta15Ti23Nb15V30Mo15W30,195.888646,15,15,15,23,30,30,0
8477,Zr30Ta15Ti23Nb15V30Mo15,135.235918,15,15,15,23,30,0,30
8500,Zr83Ta15Mo15W15,114.106823,15,0,15,0,0,15,83
8478,Zr30Ta15Ti23Nb15Mo15W30,159.188287,15,15,15,23,0,30,30
8440,Zr15Ta45Ti23V30W15,156.54645,0,0,45,23,30,15,15
8441,Ta23Ti15Nb45Mo45,196.088816,45,45,23,15,0,0,0
8424,Zr15Ta30Nb23V15Mo45,187.042147,45,23,30,0,15,0,15
8425,Zr15Ta30Nb23Mo45W15,202.329104,45,23,30,0,0,15,15
8455,Zr15Ta45V23Mo45,189.125713,45,0,45,0,23,0,15
8485,Ta15Ti83Nb15Mo15,132.184184,15,15,15,83,0,0,0
8447,Zr15Ti23Nb45Mo45,165.719391,45,45,0,23,0,0,15
8545,Zr15Ta38Nb45V15W15,172.768258,0,45,38,0,15,15,15
8556,Zr45Ti15Nb23Mo30W15,143.194726,30,23,0,15,0,15,45
8505,Ta15Ti15Nb15V83,167.305259,0,15,15,15,83,0,0
8566,Zr45Ta23Nb30V15W15,137.759056,0,30,23,0,15,15,45
8535,Zr15Ti15Nb38Mo45W15,184.863,45,38,0,15,0,15,15
8510,Zr83Ta15Nb15W15,109.057062,0,15,15,0,0,15,83
8526,Zr23Ta30Ti30Nb15V15W15,142.154075,0,15,30,30,15,15,23
8558,Ta23Ti15V15Mo30W45,228.678827,30,0,23,15,15,45,0
8536,Zr15Nb38V15Mo45W15,196.161572,45,38,0,0,15,15,15
8528,Ta15Ti15Nb38Mo45W15,207.214379,45,38,15,15,0,15,0
8550,Zr45Ta15Ti15Nb23Mo30,134.524961,30,23,15,15,0,0,45
8509,Zr83Ta15Nb15V15,102.897997,0,15,15,0,15,0,83
8551,Ta15Nb23V15Mo30W45,238.776339,30,23,15,0,15,45,0
8561,Zr45Ta23V15Mo30W15,153.509613,30,0,23,0,15,15,45
8504,Zr83V15Mo15W15,111.427973,15,0,0,0,15,15,83
8557,Zr45Nb23V15Mo30W15,149.148359,30,23,0,0,15,15,45
8519,Zr83Ti15V15W15,101.514029,0,0,0,15,15,15,83
8568,Zr45Ta30Ti23V15W15,126.47368,0,0,30,23,15,15,45
8532,Zr15Ta15Nb38Mo45W15,199.709166,45,38,15,0,0,15,15
8569,Ta15Ti15Nb45V15Mo38,189.144057,38,45,15,15,15,0,0
8521,Zr23Ta30Ti15Nb30V15Mo15,149.42966,15,30,30,15,15,0,23
8502,Zr83Ti15V15Mo15,100.161401,15,0,0,15,15,0,83
8542,Ta38Ti15Nb45V15W15,181.70434,0,45,38,15,15,15,0
8517,Zr83Ta15Ti15W15,104.04019,0,0,15,15,0,15,83
8503,Zr83Ti15Mo15W15,106.403873,15,0,0,15,0,15,83
8567,Zr45Ti23Nb30V15W15,122.977416,0,30,0,23,15,15,45
8533,Ti15Nb38V15Mo45W15,205.230529,45,38,0,15,15,15,0
8560,Zr45Ta23Ti15Mo30W15,147.180091,30,0,23,15,0,15,45
8559,Zr45Ta23Ti15V15Mo30,134.572028,30,0,23,15,15,0,45
8534,Zr15Ti15Nb38V15Mo45,169.715089,45,38,0,15,15,0,15
8620,Zr15Nb23Mo75W15,216.84032,75,23,0,0,0,15,15
8618,Nb23V15Mo75W15,235.751674,75,23,0,0,15,15,0
8634,Ta23Nb75V15W15,189.074663,0,75,23,0,15,15,0
8605,Ta38Ti15Nb15V15W45,209.442053,0,15,38,15,15,45,0
8595,Zr45Ta15Nb38Mo15W15,145.811217,15,38,15,0,0,15,45
8619,Zr15Nb23V15Mo75,200.29743,75,23,0,0,15,0,15
8627,Ti23V15Mo75W15,221.299908,75,0,0,23,15,15,0
8610,Zr45Ta15Ti38V15W15,117.33783,0,0,15,38,15,15,45
8611,Ta15Ti15Nb23Mo75,211.913644,75,23,15,15,0,0,0
8604,Zr45Ti38V15Mo15W15,121.244144,15,0,0,38,15,15,45
8642,Zr15Ta75Ti23V15,151.308238,0,0,75,23,15,0,15
8574,Zr15Ta15Nb45Mo38W15,195.331868,38,45,15,0,0,15,15
8628,Zr15Ti23V15Mo75,185.426739,75,0,0,23,15,0,15
8629,Zr15Ti23Mo75W15,198.687584,75,0,0,23,0,15,15
8616,Ti15Nb23Mo75W15,226.366726,75,23,0,15,0,15,0
8580,Zr15Ta45Ti15V15Mo38,174.553173,38,0,45,15,15,0,15
8621,Ta23Ti15V15Mo75,216.429387,75,0,23,15,15,0,0
8573,Zr15Ta15Nb45V15Mo38,178.952041,38,45,15,0,15,0,15
8626,Zr15Ta23Mo75W15,221.801321,75,0,23,0,0,15,15
8617,Zr15Ti15Nb23Mo75,191.527807,75,23,0,15,0,0,15
8594,Zr45Ta15Nb38V15Mo15,133.988261,15,38,15,0,15,0,45
8592,Zr45Ta15Ti15Nb38Mo15,127.905671,15,38,15,15,0,0,45
8587,Zr15Ta45Nb38V15W15,175.464328,0,38,45,0,15,15,15
8593,Ta15Nb38V15Mo15W45,226.613584,15,38,15,0,15,45,0
8701,Zr30Ta15Ti38Nb15V15W15,129.503133,0,15,15,38,15,15,30
8672,Zr30Ta15Nb38Mo15W30,173.96903,15,38,15,0,0,30,30
8680,Zr30Ta38V15Mo15W30,176.184611,15,0,38,0,15,30,30
8706,Zr15Ta23Nb45V30Mo15,165.080766,15,45,23,0,30,0,15
8674,Zr30Ti15Nb38V30Mo15,134.74132,15,38,0,15,30,0,30
8645,Zr15Ti75V23W15,121.923861,0,0,0,75,23,15,15
8657,Zr30Ta23Ti15V30Mo30,146.011409,30,0,23,15,30,0,30
8692,Zr15Ti15Nb15V30Mo15W38,184.785913,15,15,0,15,30,38,15
8644,Zr15Ta75V23W15,179.400547,0,0,75,0,23,15,15
8689,Zr15Ta15Ti30Nb15V38Mo15,144.616662,15,15,15,30,38,0,15
8694,Zr15Ta15Ti15Nb15V30W38,177.643215,0,15,15,15,30,38,15
8660,Zr30Ti23V15Mo30W30,163.271658,30,0,0,23,15,30,30
8687,Zr30Ta15Ti38V15W30,139.300285,0,0,15,38,15,30,30
8714,Zr15Ta45Ti23Mo15W30,180.534014,15,0,45,23,0,30,15
8659,Zr30Ta23V15Mo30W30,182.853442,30,0,23,0,15,30,30
8700,Zr30Ta15Ti38V15Mo15W15,137.101696,15,0,15,38,15,15,30
8667,Ta15Ti30Nb38V30Mo15,162.744588,15,38,15,30,30,0,0
8651,Zr30Ta15Nb23Mo30W30,184.281665,30,23,15,0,0,30,30
8681,Zr30Ti38V15Mo15W30,145.621036,15,0,0,38,15,30,30
8669,Zr30Ta15Ti30Nb38Mo15,132.325843,15,38,15,30,0,0,30
8693,Zr15Ta15Ti15V30Mo15W38,188.190822,15,0,15,15,30,38,15
8722,Zr15Ta15Ti45V23W30,150.606113,0,0,15,45,23,30,15
8708,Ti23Nb45V30Mo15W15,179.157389,15,45,0,23,30,15,0
8704,Zr15Ta23Ti30Nb45Mo15,147.85249,15,45,23,30,0,0,15
8673,Ti15Nb38V30Mo15W30,198.233394,15,38,0,15,30,30,0
8658,Zr30Ta23Ti15Mo30W30,173.74912,30,0,23,15,0,30,30
8650,Zr30Ta15Nb23V30Mo30,154.306632,30,23,15,0,30,0,30
8656,Ta23Ti15V30Mo30W30,214.701482,30,0,23,15,30,30,0
5405,Ti90V23Mo15,125.547131,15,0,0,90,23,0,0
5421,Ta15Ti90V23,120.301626,0,0,15,90,23,0,0
5418,Nb15V90W23,198.530131,0,15,0,0,90,23,0
5442,Ta23Ti105,116.101144,0,0,23,105,0,0,0
5445,Zr105Ta23,94.030139,0,0,23,0,0,0,105
5411,Ta90Ti23Nb15,173.520347,0,15,90,23,0,0,0
5420,Zr23Nb15W90,226.166307,0,15,0,0,0,90,23
5394,Zr30Ti15Nb15V53W15,134.304452,0,15,0,15,53,15,30
5416,Ti90Nb15W23,134.124459,0,15,0,90,0,23,0
5427,Ti15V90W23,188.55481,0,0,0,15,90,23,0
5459,Nb45V38Mo15W30,209.910057,15,45,0,0,38,30,0
5443,Ta23V105,183.137467,0,0,23,0,105,0,0
5410,Zr23Mo15W90,237.948238,15,0,0,0,0,90,23
5417,Zr23Ti90Nb15,105.280299,0,15,0,90,0,0,23
5461,Zr30Nb45Mo15W38,178.80401,15,45,0,0,0,38,30
5449,V23W105,283.335827,0,0,0,0,23,105,0
5435,Mo23W105,286.902316,23,0,0,0,0,105,0
5389,Zr30Ti15V53Mo15W15,144.300674,15,0,0,15,53,15,30
5433,Ti105Mo23,122.246928,23,0,0,105,0,0,0
5419,Zr23Nb15V90,140.806982,0,15,0,0,90,0,23
5514,Ta53V15Mo60,222.51895,60,0,53,0,15,0,0
5523,Ta53Ti15Nb60,174.598728,0,60,53,15,0,0,0
5531,Zr15Nb60V53,151.312546,0,60,0,0,53,0,15
5524,Ta53Nb60V15,185.16289,0,60,53,0,15,0,0
5488,Ta15Ti30Nb15Mo45W23,202.822808,45,15,15,30,0,23,0
5473,Ta45Ti38Nb15W30,179.834785,0,15,45,38,0,30,0
5487,Ta15Ti30Nb15V23Mo45,182.227904,45,15,15,30,23,0,0
5492,Zr23Ta15Nb15Mo45W30,202.341064,45,15,15,0,0,30,23
5536,Ta60V53W15,199.172798,0,0,60,0,53,15,0
5475,Ta45Nb15V38W30,207.161513,0,15,45,0,38,30,0
5486,Zr30Ti15V45W38,155.439825,0,0,0,15,45,38,30
5474,Zr30Ta45Ti38Nb15,126.202951,0,15,45,38,0,0,30
5507,Zr23Ta45Ti15V15W30,166.410441,0,0,45,15,15,30,23
5513,Ta53Ti15Mo60,210.643891,60,0,53,15,0,0,0
5500,Zr23Ta15V15Mo45W30,201.948653,45,0,15,0,15,30,23
5530,Nb60V53W15,184.647523,0,60,0,0,53,15,0
5472,Ta45Ti38Nb15V30,154.789594,0,15,45,38,30,0,0
5509,Ti15Nb53Mo60,202.571546,60,53,0,15,0,0,0
5537,Zr15Ta60V53,162.371552,0,0,60,0,53,0,15
5539,Ti60V53W15,145.159482,0,0,0,60,53,15,0
5508,Ta15Nb53Mo60,213.23469,60,53,15,0,0,0,0
5541,Zr15Ti60W53,158.437095,0,0,0,60,0,53,15
5468,Ti45V38Mo15W30,177.897136,15,0,0,45,38,30,0
5466,Zr30Ta45V38Mo15,150.864875,15,0,45,0,38,0,30
5538,Zr15Ta60W53,212.825023,0,0,60,0,0,53,15
5476,Zr30Ta45Nb15V38,142.914763,0,15,45,0,38,0,30
5506,Zr23Ti15Nb45V15W30,157.796185,0,45,0,15,15,30,23
5525,Ta53Nb60W15,196.327635,0,60,53,0,0,15,0
5515,Ta53Mo60W15,237.40391,60,0,53,0,0,15,0
5478,Ti45Nb15V38W30,165.721999,0,15,0,45,38,30,0
5495,Zr23Ti15Nb15Mo45W30,188.964118,45,15,0,15,0,30,23
5501,Zr23Ti15V15Mo45W30,187.024121,45,0,0,15,15,30,23
5522,Zr15Mo60W53,242.464946,60,0,0,0,0,53,15
5489,Zr23Ta15Ti30Nb15Mo45,154.283934,45,15,15,30,0,0,23
5481,Zr30Nb15V45W38,164.835345,0,15,0,0,45,38,30
5480,Zr30Ti45Nb15W38,140.092403,0,15,0,45,0,38,30
5596,Zr30Ti45Mo38W15,143.448203,38,0,0,45,0,15,30
5579,Ta15Nb45V30Mo38,200.018237,38,45,15,0,30,0,0
5598,Ta45Ti15Nb38V30,170.960401,0,38,45,15,30,0,0
5547,Ti23Nb15V45Mo45,186.094478,45,15,0,23,45,0,0
5562,Zr45V15Mo45W23,164.498778,45,0,0,0,15,23,45
5599,Ta45Ti15Nb38W30,195.967277,0,38,45,15,0,30,0
5552,Zr45Nb15Mo45W23,167.657809,45,15,0,0,0,23,45
5590,Zr30Ta45Ti15Mo38,157.789117,38,0,45,15,0,0,30
5601,Ta45Nb38V15W30,205.271537,0,38,45,0,15,30,0
5563,Ta15Ti23Nb45V45,158.528527,0,45,15,23,45,0,0
5565,Zr45Ta15Ti23Nb45,118.122776,0,45,15,23,0,0,45
5553,Ta15Ti23V45Mo45,189.310979,45,0,15,23,45,0,0
5554,Ta15Ti23Mo45W45,231.420741,45,0,15,23,0,45,0
5597,Zr30V45Mo38W15,168.917016,38,0,0,0,45,15,30
5585,Nb45V15Mo38W30,224.323141,38,45,0,0,15,30,0
5591,Ta45V15Mo38W30,235.759208,38,0,45,0,15,30,0
5583,Ti15Nb45Mo38W30,212.60485,38,45,0,15,0,30,0
5578,Ta15Ti30Nb45Mo38,177.743794,38,45,15,30,0,0,0
5555,Zr45Ta15Ti23Mo45,138.568111,45,0,15,23,0,0,45
5564,Ta15Ti23Nb45W45,197.754994,0,45,15,23,0,45,0
5546,Zr45Ta23Nb15Mo45,153.652449,45,15,23,0,0,0,45
5678,Ta45Nb15Mo30W38,237.776417,30,15,45,0,0,38,0
5647,Zr15Ti68Nb15V30,116.018951,0,15,0,68,30,0,15
5625,Ti30Nb68Mo15W15,173.9013,15,68,0,30,0,15,0
5649,Zr15Nb15V68W30,178.020272,0,15,0,0,68,30,15
5622,Ta30Nb68Mo15W15,201.567059,15,68,30,0,0,15,0
5675,Zr15Ta30Ti38V30W15,146.58779,0,0,30,38,30,15,15
5612,Zr30Ti38V45W15,124.91984,0,0,0,38,45,15,30
5679,Zr38Ta45Nb15Mo30,154.840879,30,15,45,0,0,0,38
5640,Ta68Ti30Nb15V15,163.267587,0,15,68,30,15,0,0
5608,Ta38Ti45V15W30,172.500501,0,0,38,45,15,30,0
5613,Ta15Ti23Nb15V15Mo45W15,201.804629,45,15,15,23,15,15,0
5662,Zr15Ti30Nb38V15Mo30,151.604158,30,38,0,30,15,0,15
5630,Ta68Ti30V15Mo15,172.005789,15,0,68,30,15,0,0
5654,Zr15Ti15V68W30,167.128733,0,0,0,15,68,30,15
5615,Zr15Ta15Ti23Nb15Mo45W15,181.575265,45,15,15,23,0,15,15
5614,Zr15Ta15Ti23Nb15V15Mo45,167.666664,45,15,15,23,15,0,15
5671,Zr15Ta38Ti30Nb30V15,142.202465,0,30,38,30,15,0,15
5670,Ta38Ti30Nb30V15W15,170.418121,0,30,38,30,15,15,0
5677,Ta45Nb15V38Mo30,199.785426,30,15,45,0,38,0,0
5676,Ta45Ti38Nb15Mo30,172.971233,30,15,45,38,0,0,0
5648,Zr15Ti68Nb15W30,133.218395,0,15,0,68,0,30,15
5641,Ta68Ti30Nb15W15,176.426735,0,15,68,30,0,15,0
5665,Ta38Ti30V15Mo30W15,190.525036,30,0,38,30,15,15,0
5646,Ti68Nb15V30W15,139.483168,0,15,0,68,30,15,0
5631,Ta68Ti30Mo15W15,186.230728,15,0,68,30,0,15,0
5607,Zr30Nb38V45W15,145.457516,0,38,0,0,45,15,30
5637,Zr15Ti68V30Mo15,122.26179,15,0,0,68,30,0,15
5624,Ti30Nb68V15Mo15,160.040311,15,68,0,30,15,0,0
5653,Zr15Ta15V68W30,181.160124,0,0,15,0,68,30,15
5672,Zr15Ta38Ti30Nb30W15,152.908282,0,30,38,30,0,15,15
5644,Zr15Ta68Nb15V30,165.40403,0,15,68,0,30,0,15
5623,Zr15Ta30Nb68Mo15,169.454514,15,68,30,0,0,0,15
5685,Zr38Nb15Mo30W45,185.208952,30,15,0,0,0,45,38
5682,Zr38Ti45Nb15Mo30,122.111898,30,15,0,45,0,0,38
5696,Ta15Ti45Nb30V38,144.715386,0,30,15,45,38,0,0
5711,Ta30Ti30Nb15V23Mo15W15,178.916118,15,15,30,30,23,15,0
5703,Zr38Ti15Nb30V45,117.860351,0,30,0,15,45,0,38
5686,Ta15Ti45V38Mo30,163.401175,30,0,15,45,38,0,0
5698,Zr38Ta15Ti45Nb30,112.32866,0,30,15,45,0,0,38
5729,Zr45Ti68Mo15,103.432658,15,0,0,68,0,0,45
5683,Nb15V45Mo30W38,230.477644,30,15,0,0,45,38,0
5716,Zr15Ta15Ti30V30Mo15W23,164.726865,15,0,15,30,30,23,15
5705,Zr38Nb30V15W45,164.30943,0,30,0,0,15,45,38
5681,Ti45Nb15Mo30W38,193.513432,30,15,0,45,0,38,0
5684,Zr38Nb15V45Mo30,141.598287,30,15,0,0,45,0,38
5702,Ti15Nb30V45W38,195.551904,0,30,0,15,45,38,0
5704,Zr38Ti15Nb30W45,155.20291,0,30,0,15,0,45,38
5727,Ti68V45Mo15,136.730608,15,0,0,68,45,0,0
5718,Ta45Nb68Mo15,191.300087,15,68,45,0,0,0,0
5691,Zr38Ta15Mo30W45,187.8814,30,0,15,0,0,45,38
5726,Zr45Ta68Mo15,143.839106,15,0,68,0,0,0,45
5767,Zr113Ta15,85.990612,0,0,15,0,0,0,113
5757,Mo15W113,289.066521,15,0,0,0,0,113,0
5806,Zr15Ta23Ti75W15,124.846429,0,0,23,75,0,15,15
5759,Ta113Nb15,199.386703,0,15,113,0,0,0,0
5766,Ta15W113,288.396509,0,0,15,0,0,113,0
5774,Ta15Ti15Nb75Mo23,178.4458,23,75,15,15,0,0,0
5734,Ta68Nb15V45,187.178523,0,15,68,0,45,0,0
5756,V113Mo15,194.152536,15,0,0,0,113,0,0
5775,Ta15Nb75V15Mo23,188.182443,23,75,15,0,15,0,0
5792,Zr15Ti75Mo23W15,134.161568,23,0,0,75,0,15,15
5780,Zr15Ti15Nb75Mo23,156.298296,23,75,0,15,0,0,15
5761,Nb15V113,180.67062,0,15,0,0,113,0,0
5760,Ti113Nb15,111.182635,0,15,0,113,0,0,0
5735,Ta68Nb15W45,227.20544,0,15,68,0,0,45,0
5787,Ta75V15Mo23W15,214.771047,23,0,75,0,15,15,0
5768,Ti15V113,168.970002,0,0,0,15,113,0,0
5733,Ta68Ti45Nb15,154.486748,0,15,68,45,0,0,0
5795,Ta75Ti15Nb23W15,189.79515,0,23,75,15,0,15,0
5769,Ti15W113,280.338764,0,0,0,15,0,113,0
5801,Zr15Ti75Nb23V15,114.546583,0,23,0,75,15,0,15
5751,Zr45Ti15W68,166.336661,0,0,0,15,0,68,45
5758,Zr113Mo15,92.896733,15,0,0,0,0,0,113
5794,Ta75Ti15Nb23V15,176.663503,0,23,75,15,15,0,0
5750,Zr45Ti15V68,109.407581,0,0,0,15,68,0,45
5793,Zr15V75Mo23W15,182.244606,23,0,0,0,75,15,15
5732,Zr45Mo15W68,187.601538,15,0,0,0,0,68,45
5871,Zr15Ti30Nb23V30W30,157.184803,0,23,0,30,30,30,15
5815,Zr15Ta15Ti23Nb45V15W15,153.901513,0,45,15,23,15,15,15
5827,Ta75Ti23V15Mo15,180.326718,15,0,75,23,15,0,0
5839,Zr15Ta75Ti23Nb15,153.834616,0,15,75,23,0,0,15
5847,Ta15Ti75V23W15,138.687694,0,0,15,75,23,15,0
5853,Ta30Ti30Nb30Mo23W15,184.152119,23,30,30,30,0,15,0
5825,Zr15Nb75V23Mo15,160.650422,15,75,0,0,23,0,15
5848,Zr15Ta15Ti75V23,114.047686,0,0,15,75,23,0,15
5849,Zr15Ta15Ti75W23,129.061731,0,0,15,75,0,23,15
5818,Ta23Nb75V15Mo15,185.076417,15,75,23,0,15,0,0
5823,Zr15Ti23Nb75Mo15,147.741961,15,75,0,23,0,0,15
5814,Zr15Ta15Ti23V15Mo45W15,180.941025,45,0,15,23,15,15,15
5846,Zr15Nb15V75W23,172.34467,0,15,0,0,75,23,15
5830,Ta75V23Mo15W15,209.211918,15,0,75,0,23,15,0
5813,Zr15Ti23Nb15V15Mo45W15,178.240728,45,15,0,23,15,15,15
5822,Ti23Nb75Mo15W15,178.137693,15,75,0,23,0,15,0
5854,Zr15Ta30Ti30Nb30Mo23,154.388808,23,30,30,30,0,0,15
5841,Zr15Ta75Nb15V23,167.429149,0,15,75,0,23,0,15
5811,Zr15Ta23Ti15Nb15Mo45W15,189.338532,45,15,23,15,0,15,15
5808,Zr15Ti23V75W15,148.738608,0,0,0,23,75,15,15
5812,Zr15Ta23Nb15V15Mo45W15,199.470698,45,15,23,0,15,15,15
5837,Ta75Ti23Nb15V15,170.572216,0,15,75,23,15,0,0
5865,Zr15Ta30V30Mo23W30,199.866074,23,0,30,0,30,30,15
5862,Ta30Ti30V30Mo23W15,185.160493,23,0,30,30,30,15,0
5870,Zr15Ta30Nb23V30W30,183.985077,0,23,30,0,30,30,15
5840,Ta75Nb15V23W15,199.702956,0,15,75,0,23,15,0
5824,Nb75V23Mo15W15,194.897868,15,75,0,0,23,15,0
5902,Zr23Ti30Nb30Mo30W15,155.476498,30,30,0,30,0,15,23
5934,Zr60Ta15Ti15V15Mo23,116.887381,23,0,15,15,15,0,60
5932,Zr60Nb15V15Mo23W15,132.182667,23,15,0,0,15,15,60
5935,Zr60Ta15Ti15Mo23W15,128.240427,23,0,15,15,0,15,60
5885,Zr15Ta30Ti23Mo30W30,188.582184,30,0,30,23,0,30,15
5878,Zr15Ta23Nb30Mo30W30,203.645962,30,30,23,0,0,30,15
5876,Ta23Nb30V30Mo30W15,209.161523,30,30,23,0,30,15,0
5903,Zr23Nb30V30Mo30W15,174.276422,30,30,0,0,30,15,23
5921,Zr30Ta23Ti15Nb30V15W15,143.361943,0,30,23,15,15,15,30
5944,Ta15Ti15Nb23V15Mo15W45,215.646055,15,23,15,15,15,45,0
5943,Zr60Ta23Ti15V15W15,116.710566,0,0,23,15,15,15,60
5926,Ta15Nb15V15Mo23W60,249.204239,23,15,15,0,15,60,0
5899,Zr23Ta30Nb30Mo30W15,181.735107,30,30,30,0,0,15,23
5896,Zr23Ta30Ti15Nb30Mo30,158.1774,30,30,30,15,0,0,23
5933,Ta15Ti15V15Mo23W60,236.205693,23,0,15,15,15,60,0
5884,Zr15Ta30Ti23V30Mo30,161.444139,30,0,30,23,30,0,15
5904,Ta30Ti30V15Mo30W23,196.30061,30,0,30,30,15,23,0
5905,Zr23Ta30Ti30V15Mo30,147.710644,30,0,30,30,15,0,23
5927,Zr60Ta15Nb15V15Mo23,124.447685,23,15,15,0,15,0,60
5891,Zr15Ta30Nb30V23W30,184.098721,0,30,30,0,23,30,15
5877,Zr15Ta23Nb30V30Mo30,175.228619,30,30,23,0,30,0,15
5882,Zr15Nb30V23Mo30W30,199.14033,30,30,0,0,23,30,15
5883,Ta30Ti23V30Mo30W15,194.905062,30,0,30,23,30,15,0
5879,Ti23Nb30V30Mo30W15,188.753713,30,30,0,23,30,15,0
5950,Zr45Ta23Ti15Nb15V15W15,131.049282,0,15,23,15,15,15,45
6014,Zr30Ti30Nb53W15,131.137184,0,53,0,30,0,15,30
5956,Ta23Ti15Mo90,227.094866,90,0,23,15,0,0,0
6007,Ta30Ti15Nb53W30,194.011244,0,53,30,15,0,30,0
5960,Ti23V15Mo90,216.354646,90,0,0,23,15,0,0
5961,Ti23Mo90W15,230.702684,90,0,0,23,0,15,0
5958,Ta23Mo90W15,252.927415,90,0,23,0,0,15,0
5988,Ta15Nb30Mo53W30,240.728178,53,30,15,0,0,30,0
5995,Zr30Nb30Mo53W15,182.690428,53,30,0,0,0,15,30
5957,Ta23V15Mo90,236.18692,90,0,23,0,15,0,0
6006,Ta30Ti15Nb53V30,167.56229,0,53,30,15,30,0,0
6003,Zr30Ti30V15Mo53,149.081547,53,0,0,30,15,0,30
6022,Ta15Ti45Nb15Mo15W38,187.293582,15,15,15,45,0,38,0
5975,Zr15Nb90W23,171.924952,0,90,0,0,0,23,15
6001,Zr30Ta30Mo53W15,187.526051,53,0,30,0,0,15,30
5972,Zr15Ti23Nb90,140.627885,0,90,0,23,0,0,15
6013,Zr30Ti30Nb53V15,122.952763,0,53,0,30,15,0,30
5968,Ta23Nb90W15,189.289192,0,90,23,0,0,15,0
6000,Zr30Ta30V15Mo53,173.086019,53,0,30,0,15,0,30
5986,Ta15Ti30Nb30Mo53,188.839668,53,30,15,30,0,0,0
5951,Ta15Nb23Mo90,233.277635,90,23,15,0,0,0,0
5981,Zr15Ta90W23,192.201208,0,0,90,0,0,23,15
6004,Zr30Ti30Mo53W15,162.097067,53,0,0,30,0,15,30
5969,Zr15Ta23Nb90,159.449139,0,90,23,0,0,0,15
5959,Zr15Ta23Mo90,216.822543,90,0,23,0,0,0,15
5994,Zr30Nb30V15Mo53,167.32194,53,30,0,0,15,0,30
6008,Zr30Ta30Ti15Nb53,135.833483,0,53,30,15,0,0,30
5967,Ta23Nb90V15,175.889448,0,90,23,0,15,0,0
5992,Zr30Ti15Nb30Mo53,159.373243,53,30,0,15,0,0,30
5993,Nb30V15Mo53W30,238.26191,53,30,0,0,15,30,0
6025,Zr38Ta15Nb15V45Mo15,134.851822,15,15,15,0,45,0,38
5966,Ta23Ti15Nb90,167.309786,0,90,23,15,0,0,0
6009,Ta30Nb53V15W30,203.52637,0,53,30,0,15,30,0
6038,Zr38Ta15Ti15Nb15W45,155.974936,0,15,15,15,0,45,38
6053,Ta45Ti30Mo15W38,204.535269,15,0,45,30,0,38,0
6084,Ta30Ti60Nb15Mo23,150.77623,23,15,30,60,0,0,0
6096,Zr60Ta15Ti30Mo23,113.08178,23,0,15,30,0,0,60
6040,Zr38Ti15Nb15V15W45,150.45447,0,15,0,15,15,45,38
6079,Zr30Ta23Ti15Nb15Mo30W15,162.085643,30,15,23,15,0,15,30
6039,Zr38Ta15Nb15V15W45,163.230926,0,15,15,0,15,45,38
6037,Zr38Ta15Ti15Nb15V45,121.003178,0,15,15,15,45,0,38
6054,Zr38Ta45Ti30Mo15,129.720009,15,0,45,30,0,0,38
6097,Ta15V30Mo23W60,250.496408,23,0,15,0,30,60,0
6041,Zr38Ta15Ti15V15W45,152.211792,0,0,15,15,15,45,38
6091,Nb15V30Mo23W60,248.166002,23,15,0,0,30,60,0
6070,Zr38Ti45Nb15W30,126.812924,0,15,0,45,0,30,38
6063,Ta45Ti30Nb15W38,193.341548,0,15,45,30,0,38,0
6031,Ta15Ti15V45Mo15W38,211.890279,15,0,15,15,45,38,0
6065,Ta45Nb15V30W38,214.649053,0,15,45,0,30,38,0
6048,Zr38Ti30Nb45Mo15,122.848183,15,45,0,30,0,0,38
6036,Ta15Ti15Nb15V45W38,199.767702,0,15,15,15,45,38,0
6055,Ta45V30Mo15W38,227.31186,15,0,45,0,30,38,0
6049,Nb45V30Mo15W38,216.062408,15,45,0,0,30,38,0
6052,Ta45Ti30V38Mo15,169.9077,15,0,45,30,38,0,0
6030,Zr38Nb15V15Mo15W45,170.179057,15,15,0,0,15,45,38
6064,Zr38Ta45Ti30Nb15,122.487484,0,15,45,30,0,0,38
6062,Ta45Ti30Nb15V38,159.426464,0,15,45,30,38,0,0
6090,Zr60Ti30Nb15Mo23,111.072101,23,15,0,30,0,0,60
6046,Ti30Nb45V38Mo15,161.673835,15,45,0,30,38,0,0
6145,Ti15Nb23V45W45,202.755996,0,23,0,15,45,45,0
6105,Ta15Ti30Nb23W60,208.782966,0,23,15,30,0,60,0
6134,Zr45Ta15Mo23W45,173.103241,23,0,15,0,0,45,45
6120,Ta45Nb15V45Mo23,196.429425,23,15,45,0,45,0,0
6143,Zr45Ta15Nb23V45,122.632653,0,23,15,0,45,0,45
6175,Ta15Ti23Nb30W60,213.477404,0,30,15,23,0,60,0
6156,Ta23Nb15Mo30W60,257.330877,30,15,23,0,0,60,0
6128,Zr45Nb15Mo23W45,170.438966,23,15,0,0,0,45,45
6167,Ta15V23Mo30W60,259.388312,30,0,15,0,23,60,0
6117,Zr60Ta23V15W30,133.964913,0,0,23,0,15,30,60
6111,Zr60Ti15Nb23V30,106.159972,0,23,0,15,30,0,60
6119,Ta45Ti45Nb15Mo23,164.287843,23,15,45,45,0,0,0
6121,Ta45Nb15Mo23W45,239.299889,23,15,45,0,0,45,0
6110,Ti15Nb23V30W60,218.878794,0,23,0,15,30,60,0
6099,Zr60Ta15Mo23W30,147.146018,23,0,15,0,0,30,60
6126,Nb15V45Mo23W45,232.577885,23,15,0,0,45,45,0
6172,Zr60Ti15Mo30W23,133.865229,30,0,0,15,0,23,60
6173,Zr60V15Mo30W23,140.363038,30,0,0,0,15,23,60
6166,Zr60Ta15Ti23Mo30,118.965207,30,0,15,23,0,0,60
6144,Zr45Ta15Nb23W45,159.849794,0,23,15,0,0,45,45
6169,Zr60Ta15Mo30W23,145.940916,30,0,15,0,0,23,60
6142,Ta15Nb23V45W45,217.711876,0,23,15,0,45,45,0
6174,Ta15Ti23Nb30V60,159.888665,0,30,15,23,60,0,0
6129,Ta15Ti45V45Mo23,158.133934,23,0,15,45,45,0,0
6127,Zr45Nb15V45Mo23,131.484721,23,15,0,0,45,0,45
6158,Ti23Nb15V60Mo30,177.263989,30,15,0,23,60,0,0
6098,Zr60Ta15V30Mo23,122.109141,23,0,15,0,30,0,60
6116,Zr60Ta23Ti15W30,128.372074,0,0,23,15,0,30,60
6118,Zr60Ti23V15W30,119.02355,0,0,0,23,15,30,60
6160,Zr60Ti23Nb15Mo30,117.277138,30,15,0,23,0,0,60
6189,Ta60Ti15Nb38Mo15,183.886974,15,38,60,15,0,0,0
6228,Ti68Nb15V15Mo30,145.198888,30,15,0,68,15,0,0
6210,Ta38Ti60Nb15W15,150.572367,0,15,38,60,0,15,0
6186,Zr60Ta30Ti15W23,124.715428,0,0,30,15,0,23,60
6233,Zr15Nb15Mo30W68,238.040189,30,15,0,0,0,68,15
6242,Zr15Ti15Mo30W68,225.648626,30,0,0,15,0,68,15
6194,Ti60Nb38Mo15W15,153.342567,15,38,0,60,0,15,0
6238,Zr15Ta15V68Mo30,173.361203,30,0,15,0,68,0,15
6250,Ti15Nb30V68W15,176.885725,0,30,0,15,68,15,0
6219,Ta15Ti38V60W15,161.028575,0,0,15,38,60,15,0
6232,Zr15Nb15V68Mo30,170.348785,30,15,0,0,68,0,15
6221,Zr15Ta15Ti38W60,183.170627,0,0,15,38,0,60,15
6195,Zr15Ti60Nb38Mo15,128.350409,15,38,0,60,0,0,15
6202,Ta38V60Mo15W15,204.06872,15,0,38,0,60,15,0
6204,Zr15Ta38Mo15W60,227.49521,15,0,38,0,0,60,15
6181,Zr60Ti15Nb30V23,107.859566,0,30,0,15,23,0,60
6226,Ta68Nb15Mo30W15,216.494201,30,15,68,0,0,15,0
6235,Ta15Ti68Mo30W15,159.645755,30,0,15,68,0,15,0
6203,Zr15Ta38V60Mo15,168.751863,15,0,38,0,60,0,15
6188,Zr60Ti30V15W23,113.424527,0,0,0,30,15,23,60
6217,Zr15Ti38Nb15W60,180.421669,0,15,0,38,0,60,15
6193,Ti60Nb38V15Mo15,140.638638,15,38,0,60,15,0,0
6236,Zr15Ta15Ti68Mo30,133.332679,30,0,15,68,0,0,15
6234,Ta15Ti68V15Mo30,147.290168,30,0,15,68,15,0,0
6231,Nb15V68Mo30W15,209.75596,30,15,0,0,68,15,0
6205,Ti38V60Mo15W15,168.884334,15,0,0,38,60,15,0
6180,Ti15Nb30V23W60,217.401877,0,30,0,15,23,60,0
6187,Zr60Ta30V15W23,130.551309,0,0,30,0,15,23,60
6251,Zr15Ti15Nb30V68,141.682137,0,30,0,15,68,0,15
6300,Zr45V68W15,127.977725,0,0,0,0,68,15,45
6313,Zr30Ta60Ti15Mo23,152.271641,23,0,60,15,0,0,30
6292,Ta68Ti15W45,216.333797,0,0,68,15,0,45,0
6258,Zr15Ti30V15W68,193.190546,0,0,0,30,15,68,15
6272,Ta15V45Mo68,223.292053,68,0,15,0,45,0,0
6323,Zr30Ta60Ti15Nb23,141.130711,0,23,60,15,0,0,30
6269,Nb15Mo68W45,267.50997,68,15,0,0,0,45,0
6294,Ta68V15W45,227.246649,0,0,68,0,15,45,0
6256,Zr15Ta30Ti15W68,211.004119,0,0,30,15,0,68,15
6289,Zr45Nb68V15,124.905217,0,68,0,0,15,0,45
6266,Ta45Nb15Mo68,225.396994,68,15,45,0,0,0,0
6306,Ti15Nb60Mo23W30,203.642021,23,60,0,15,0,30,0
6260,Zr15Ta30Ti23Nb30V15Mo15,153.579211,15,30,30,23,15,0,15
6273,Ta15Mo68W45,269.630186,68,0,15,0,0,45,0
6275,Ti15V45Mo68,208.974621,68,0,0,15,45,0,0
6322,Ta60Ti15Nb23W30,199.995969,0,23,60,15,0,30,0
6293,Zr45Ta68Ti15,128.862284,0,0,68,15,0,0,45
6259,Ta30Ti23Nb30V15Mo15W15,184.796192,15,30,30,23,15,15,0
6274,Zr45Ta15Mo68,165.034689,68,0,15,0,0,0,45
6268,Nb15V45Mo68,219.363059,68,15,0,0,45,0,0
6324,Ta60Nb23V15W30,208.991799,0,23,60,0,15,30,0
6267,Ti45Nb15Mo68,184.355104,68,15,0,45,0,0,0
6261,Zr15Ta30Ti23Nb30Mo15W15,166.781872,15,30,30,23,0,15,15
6287,Zr45Ti15Nb68,119.187453,0,68,0,15,0,0,45
6314,Ta60V15Mo23W30,228.264189,23,0,60,0,15,30,0
6309,Zr30Nb60V15Mo23,149.432372,23,60,0,0,15,0,30
6280,Zr45Mo68W15,174.835552,68,0,0,0,0,15,45
6308,Nb60V15Mo23W30,215.443044,23,60,0,0,15,30,0
6312,Ta60Ti15Mo23W30,216.34176,23,0,60,15,0,30,0
6257,Zr15Ta30V15W68,222.451567,0,0,30,0,15,68,15
6315,Zr30Ta60V15Mo23,160.87098,23,0,60,0,15,0,30
6295,Zr45Ta68V15,134.193862,0,0,68,0,15,0,45
6286,Ti15Nb68W45,201.445689,0,68,0,15,0,45,0
6330,Zr30Nb23V60W15,144.472059,0,23,0,0,60,15,30
6341,Ti45Nb53Mo15W15,164.086541,15,53,0,45,0,15,0
6390,Zr30Ti23Nb45V15W15,135.967997,0,45,0,23,15,15,30
6355,Zr15V53Mo15W45,204.248761,15,0,0,0,53,45,15
6362,Ti53Nb15V45W15,148.186648,0,15,0,53,45,15,0
6383,Zr30Ta23Ti15Mo45W15,170.95088,45,0,23,15,0,15,30
6346,Ta53Ti45V15Mo15,159.710993,15,0,53,45,15,0,0
6379,Zr30Ti15Nb23Mo45W15,166.593635,45,23,0,15,0,15,30
6377,Ti15Nb23V15Mo45W30,219.422059,45,23,0,15,15,30,0
6378,Zr30Ti15Nb23V15Mo45,151.966984,45,23,0,15,15,0,30
6382,Zr30Ta23Ti15V15Mo45,155.659574,45,0,23,15,15,0,30
6347,Ta53Ti45Mo15W15,173.1871,15,0,53,45,0,15,0
6340,Ti45Nb53V15Mo15,150.813339,15,53,0,45,15,0,0
6348,Zr15Ta53Ti45Mo15,143.659407,15,0,53,45,0,0,15
6376,Zr30Ta15Nb23Mo45W15,180.670839,45,23,15,0,0,15,30
6325,Zr30Ta60Nb23V15,148.381325,0,23,60,0,15,0,30
6353,Zr15Ti53V45Mo15,129.034268,15,0,0,53,45,0,15
6352,Ti53V45Mo15W15,157.428869,15,0,0,53,45,15,0
6349,Ta53V45Mo15W15,205.75087,15,0,53,0,45,15,0
6371,Ta15Ti15Nb23V30Mo45,194.665141,45,23,15,15,30,0,0
6364,Zr15Ti53Nb15W45,155.592306,0,15,0,53,0,45,15
6385,Zr30Ti23V15Mo45W15,160.720228,45,0,0,23,15,15,30
6370,Zr15Ti15V53W45,182.843793,0,0,0,15,53,45,15
6338,Ta45Nb53Mo15W15,203.382549,15,53,45,0,0,15,0
6384,Zr30Ta23V15Mo45W15,179.62401,45,0,23,0,15,15,30
6391,Zr30Ta45Ti23V15W15,143.481258,0,0,45,23,15,15,30
6407,Zr45Ta30Mo23W30,164.35011,23,0,30,0,0,30,45
6409,Zr45Ti30V30Mo23,118.567034,23,0,0,30,30,0,45
6439,Zr15Ta30Ti30Mo38W15,175.921843,38,0,30,30,0,15,15
6431,Zr15Ta30Nb30V15Mo38,181.511131,38,30,30,0,15,0,15
6454,Ta90V15Mo23,204.288318,23,0,90,0,15,0,0
6400,Zr45Nb30V30Mo23,132.23014,23,30,0,0,30,0,45
6408,Ti30V30Mo23W45,209.054442,23,0,0,30,30,45,0
6458,Ti90Mo23W15,140.527076,23,0,0,90,0,15,0
6424,Zr45Ta23Ti30W30,131.702053,0,0,23,30,0,30,45
6436,Zr15Nb30V30Mo38W15,190.616565,38,30,0,0,30,15,15
6430,Ta30Nb30V15Mo38W15,215.55579,38,30,30,0,15,15,0
6453,Ta90Ti15Mo23,193.935244,23,0,90,15,0,0,0
6414,Zr45Ta30Ti30Nb23,117.164849,0,23,30,30,0,0,45
6448,Ta15Nb90Mo23,187.594343,23,90,15,0,0,0,0
6425,Zr45Ta23V30W30,145.096855,0,0,23,0,30,30,45
6406,Zr45Ta30V30Mo23,137.06407,23,0,30,0,30,0,45
6437,Ta30Ti30V15Mo38W15,194.477158,38,0,30,30,15,15,0
6452,Zr15Nb90Mo23,165.476462,23,90,0,0,0,0,15
6455,Ta90Mo23W15,217.715315,23,0,90,0,0,15,0
6460,V90Mo23W15,208.398715,23,0,0,0,90,15,0
6438,Zr15Ta30Ti30V15Mo38,161.208884,38,0,30,30,15,0,15
6399,Nb30V30Mo23W45,231.194265,23,30,0,0,30,45,0
6401,Zr45Nb30Mo23W30,159.377489,23,30,0,0,0,30,45
6441,Zr15Ti30V30Mo38W15,168.929771,38,0,0,30,30,15,15
6446,Zr15Ti30Nb38V30W15,143.832674,0,38,0,30,30,15,15
6423,Zr45Ta23Ti30V30,112.906843,0,0,23,30,30,0,45
6422,Ta23Ti30V30W45,196.506723,0,0,23,30,30,45,0
6497,Zr15Ta53V30Mo30,180.899704,30,0,53,0,30,0,15
6483,Ta30Ti15Nb53Mo30,187.078054,30,53,30,15,0,0,0
6520,Zr45Ta15Ti38Nb15Mo15,116.869001,15,15,15,38,0,0,45
6518,Ta15Ti38Nb15V45Mo15,158.101685,15,15,15,38,45,0,0
6494,Ta53Ti30Mo30W15,193.682522,30,0,53,30,0,15,0
6496,Ta53V30Mo30W15,215.849408,30,0,53,0,30,15,0
6490,Nb53V30Mo30W15,207.072814,30,53,0,0,30,15,0
6502,Zr15V53Mo30W30,199.326255,30,0,0,0,53,30,15
6463,Ta90Ti15Nb23,180.639695,0,23,90,15,0,0,0
6470,Nb23V90W15,191.256514,0,23,0,0,90,15,0
6521,Ta15Nb15V38Mo15W45,230.329181,15,15,15,0,38,45,0
6529,Zr45Ta15Ti15V38Mo15,118.155435,15,0,15,15,38,0,45
6503,Ta53Ti30Nb30V15,161.594473,0,30,53,30,15,0,0
6462,Zr15Mo23W90,260.141106,23,0,0,0,0,90,15
6499,Ti53V30Mo30W15,168.791818,30,0,0,53,30,15,0
6467,Ti90Nb23V15,120.465333,0,23,0,90,15,0,0
6505,Zr15Ta53Ti30Nb30,145.833946,0,30,53,30,0,0,15
6526,Zr45Ti15Nb15Mo15W38,148.901,15,15,0,15,0,38,45
6498,Zr15Ta53Mo30W30,209.782853,30,0,53,0,0,30,15
6504,Ta53Ti30Nb30W15,173.781954,0,30,53,30,0,15,0
6493,Ta53Ti30V15Mo30,179.978166,30,0,53,30,15,0,0
6528,Ta15Ti15V38Mo15W45,217.79878,15,0,15,15,38,45,0
6510,Zr15Ti53Nb30V30,121.327204,0,30,0,53,30,0,15
6527,Zr45Nb15V15Mo15W38,157.644898,15,15,0,0,15,38,45
6516,Zr15Ta30V53W30,182.970242,0,0,30,0,53,30,15
6477,Zr15Ta23V90,157.552829,0,0,23,0,90,0,15
6519,Ta15Ti38Nb15Mo15W45,198.897168,15,15,15,38,0,45,0
6479,Ti23V90W15,173.374224,0,0,0,23,90,15,0
6484,Ta30Nb53V15Mo30,197.308788,30,53,30,0,15,0,0
6465,Ta90Nb23W15,202.732907,0,23,90,0,0,15,0
6464,Ta90Nb23V15,193.243835,0,23,90,0,15,0,0
6511,Zr15Ti53Nb30W30,144.102023,0,30,0,53,0,30,15
6491,Zr15Nb53V30Mo30,169.909902,30,53,0,0,30,0,15
6517,Zr15Ti30V53W30,157.690348,0,0,0,30,53,30,15
6572,Zr15Ta60Nb15Mo15W23,193.94087,15,15,60,0,0,23,15
6556,Ta15Ti45V30Mo15W23,173.107909,15,0,15,45,30,23,0
6588,Ta15Ti15Nb15V45Mo38,190.037543,38,15,15,15,45,0,0
6574,Zr15Ti60Nb15V23Mo15,125.979447,15,15,0,60,23,0,15
6575,Zr15Ti60Nb15Mo15W23,141.439917,15,15,0,60,0,23,15
6604,Zr45Ta15Ti15Nb38V15,120.138796,0,38,15,15,15,0,45
6551,Zr23Ta45Nb15Mo15W30,188.076313,15,15,45,0,0,30,23
6603,Ta15Ti15Nb38V15W45,204.102256,0,38,15,15,15,45,0
6595,Zr45Ti15Nb15V15Mo38,133.105974,38,15,0,15,15,0,45
6542,Zr23Ta30Nb15V15Mo15W30,183.376191,15,15,30,0,15,30,23
6559,Zr23Ta15V45Mo15W30,180.209645,15,0,15,0,45,30,23
6545,Zr23Ta15Ti30Nb15V15W30,152.409246,0,15,15,30,15,30,23
6589,Ta15Ti15Nb15Mo38W45,232.764244,38,15,15,15,0,45,0
6573,Ti60Nb15V23Mo15W15,152.54034,15,15,0,60,23,15,0
6602,Zr45Ti15V15Mo38W15,144.045935,38,0,0,15,15,15,45
6605,Zr45Ta15Ti15Nb38W15,129.628443,0,38,15,15,0,15,45
6586,Zr15Ti15Nb15V60W23,161.442623,0,15,0,15,60,23,15
6532,Zr45Ti15V15Mo15W38,147.542438,15,0,0,15,15,38,45
6543,Zr23Ti30Nb15V15Mo15W30,158.560699,15,15,0,30,15,30,23
6587,Zr15Ta15Ti15V60W23,164.235893,0,0,15,15,60,23,15
6580,Zr15Ta15V60Mo15W23,183.847559,15,0,15,0,60,23,15
6544,Zr23Ta15Ti30V15Mo15W30,161.869406,15,0,15,30,15,30,23
6581,Zr15Ti15V60Mo15W23,171.192811,15,0,0,15,60,23,15
6566,Zr23Ta15Ti15V45W30,159.346656,0,0,15,15,45,30,23
6673,Zr15Ta30Mo68W15,217.267411,68,0,30,0,0,15,15
6626,Zr23Ti75V15Mo15,114.279521,15,0,0,75,15,0,23
6642,Zr23Ta15V75W15,157.173687,0,0,15,0,75,15,23
6674,Ti30V15Mo68W15,210.575328,68,0,0,30,15,15,0
6659,Ta15Nb30V15Mo68,218.178615,68,30,15,0,15,0,0
6617,Zr23Nb75V15Mo15,151.66324,15,75,0,0,15,0,23
6661,Zr15Ta15Nb30Mo68,201.477467,68,30,15,0,0,0,15
6650,Zr30Ta15Ti23Nb15V15W30,149.242713,0,15,15,23,15,30,30
6618,Zr23Nb75Mo15W15,165.89175,15,75,0,0,0,15,23
6655,Zr23Ti15Nb15V15Mo15W45,179.647167,15,15,0,15,15,45,23
6635,Ti75Nb15V15W23,139.992,0,15,0,75,15,23,0
6660,Ta15Nb30Mo68W15,236.035585,68,30,15,0,0,15,0
6658,Ta15Ti15Nb30Mo68,207.562838,68,30,15,15,0,0,0
6652,Zr23Ta15Ti15Nb15V45Mo15,143.782253,15,15,15,15,45,0,23
6645,Zr30Ta23Ti15Nb15V30Mo15,137.958019,15,15,23,15,30,0,30
6627,Zr23Ti75Mo15W15,123.488782,15,0,0,75,0,15,23
6667,Zr15Nb30Mo68W15,210.572786,68,30,0,0,0,15,15
6680,Zr15Ta30Ti15Nb68,151.146375,0,68,30,15,0,0,15
6616,Nb75V15Mo15W23,203.656511,15,75,0,0,15,23,0
6619,Ta75Ti15V23Mo15,185.579146,15,0,75,15,23,0,0
6610,Ta15Nb75V23Mo15,182.925699,15,75,15,0,23,0,0
6668,Ta30Ti15V15Mo68,212.358339,68,0,30,15,15,0,0
6651,Ta15Ti15Nb15V45Mo15W23,195.22939,15,15,15,15,45,23,0
6628,Zr23V75Mo15W15,164.407717,15,0,0,0,75,15,23
6634,Zr23Ta75Nb15W15,172.853293,0,15,75,0,0,15,23
6632,Ta75Nb15V15W23,206.585684,0,15,75,0,15,23,0
6633,Zr23Ta75Nb15V15,158.164794,0,15,75,0,15,0,23
6669,Ta30Ti15Mo68W15,226.681414,68,0,30,15,0,15,0
6666,Zr15Nb30V15Mo68,198.69652,68,30,0,0,15,0,15
6656,Zr23Ta15Ti15V15Mo15W45,182.124572,15,0,15,15,15,45,23
6657,Zr23Ta15Ti15Nb15V15W45,172.660269,0,15,15,15,15,45,23
6731,Ta23Ti45V45Mo15,155.273537,15,0,23,45,45,0,0
6713,Zr15Ta53V15Mo15W30,198.611079,15,0,53,0,15,30,15
6687,Zr15Nb68V30W15,165.315582,0,68,0,0,30,15,15
6714,Zr15Ti53V15Mo15W30,152.522469,15,0,0,53,15,30,15
6692,Zr15Ti68V30W15,124.755423,0,0,0,68,30,15,15
6693,Ta15Ti15Nb15V30Mo30W23,204.892696,30,15,15,15,30,23,0
6736,Zr45Ta23Mo15W45,171.181598,15,0,23,0,0,45,45
6722,Ta45Nb23V45Mo15,190.512709,15,23,45,0,45,0,0
6723,Ta45Nb23Mo15W45,234.619125,15,23,45,0,0,45,0
6694,Zr23Ta15Ti15Nb15V30Mo30,152.396025,30,15,15,15,30,0,23
6747,Ti23Nb15V45W45,198.056864,0,15,0,23,45,45,0
6724,Zr45Ta45Nb23Mo15,140.537768,15,23,45,0,0,0,45
6746,Zr45Ta23Nb15W45,162.03171,0,15,23,0,0,45,45
6700,Ta15Ti30Nb53V15Mo15,164.077555,15,53,15,30,15,0,0
6725,Ti45Nb23V45Mo15,150.207583,15,23,0,45,45,0,0
6712,Zr15Ta53Ti15Mo15W30,188.437143,15,0,53,15,0,30,15
6709,Zr15Nb53V15Mo15W30,188.743174,15,53,0,0,15,30,15
6740,Zr45V23Mo15W45,164.355808,15,0,0,0,23,45,45
6708,Zr15Ti15Nb53Mo15W30,178.499169,15,53,0,15,0,30,15
6741,Ta23Ti45Nb15V45,146.126217,0,15,23,45,45,0,0
6748,Zr45Ti23Nb15V45,110.891043,0,15,0,23,45,0,45
6697,Zr23Ti15Nb15V15Mo30W30,178.221757,30,15,0,15,15,30,23
6738,Zr45Ti23V45Mo15,117.292201,15,0,0,23,45,0,45
6695,Zr23Ta15Ti15Nb15Mo30W30,181.808405,30,15,15,15,0,30,23
6689,Zr15Ta68Ti30V15,146.509412,0,0,68,30,15,0,15
6749,Zr45Ti23Nb15W45,143.433089,0,15,0,23,0,45,45
6715,Ta53Ti15Nb15V30W15,184.997192,0,15,53,15,30,15,0
6803,Zr15Ta30Ti60Mo23,135.840995,23,0,30,60,0,0,15
6805,Zr15Ta30V60Mo23,171.675318,23,0,30,0,60,0,15
6771,Zr68Ta15Mo30W15,131.693805,30,0,15,0,0,15,68
6804,Ta30V60Mo23W15,209.48691,23,0,30,0,60,15,0
6776,Ta15Ti15Nb30V68,164.52116,0,30,15,15,68,0,0
6817,Ti30Nb23V60W15,164.573327,0,23,0,30,60,15,0
6832,Zr15Ta15Ti23Nb15V30W30,165.717961,0,15,15,23,30,30,15
6764,Zr68Nb15V15Mo30,118.620228,30,15,0,0,15,0,68
6783,Zr68Ti15Nb30V15,102.778879,0,30,0,15,15,0,68
6770,Zr68Ta15V15Mo30,120.422887,30,0,15,0,15,0,68
6782,Ti15Nb30V15W68,226.420926,0,30,0,15,15,68,0
6802,Ta30Ti60Mo23W15,162.800231,23,0,30,60,0,15,0
6810,Zr15V30Mo23W60,224.799132,23,0,0,0,30,60,15
6828,Zr15Ta23Ti30Nb15Mo15W30,171.584556,15,15,23,30,0,30,15
6765,Zr68Nb15Mo30W15,129.078786,30,15,0,0,0,15,68
6784,Zr68Ti15Nb30W15,110.655258,0,30,0,15,0,15,68
6800,Zr15Nb30Mo23W60,223.831632,23,30,0,0,0,60,15
6778,Zr68Ta15Ti15Nb30,104.563055,0,30,15,15,0,0,68
6785,Zr68Nb30V15W15,115.428118,0,30,0,0,15,15,68
6819,Zr15Ti30Nb23W60,184.42141,0,23,0,30,0,60,15
6821,Ta23Ti30V60W15,168.694524,0,0,23,30,60,15,0
6826,Ta23Ti30Nb15V30Mo15W15,177.242479,15,15,23,30,30,15,0
6779,Ta15Nb30V15W68,240.021981,0,30,15,0,15,68,0
6777,Ta15Ti15Nb30W68,229.156877,0,30,15,15,0,68,0
6886,Zr38Ta15Nb30V15Mo30,146.041391,30,30,15,0,15,0,38
6860,Ti23Nb45V15Mo30W15,188.505402,30,45,0,23,15,15,0
6887,Zr38Ta15Nb30Mo30W15,160.161044,30,30,15,0,0,15,38
6881,Zr45Ta15Ti15Nb15V23W15,127.162396,0,15,15,15,23,15,45
6845,Zr15Ta45Ti15Mo30W23,190.197498,30,0,45,15,0,23,15
6861,Zr15Ti23Nb45V15Mo30,156.125766,30,45,0,23,15,0,15
6892,Ta30Ti15V15Mo30W38,224.332106,30,0,30,15,15,38,0
6842,Zr15Nb45V15Mo30W23,192.776352,30,45,0,0,15,23,15
6875,Ta15Ti23Nb15V15Mo15W45,210.13085,15,15,15,23,15,45,0
6834,Ta15Ti23Nb45Mo30W15,191.400618,30,45,15,23,0,15,0
6894,Zr38Ta30Ti15Mo30W15,153.671145,30,0,30,15,0,15,38
6833,Ta15Ti23Nb45V15Mo30,177.154257,30,45,15,23,15,0,0
6874,Zr15Ta30Ti45V23W15,142.079875,0,0,30,45,23,15,15
6850,Zr15Ta45Ti15Nb30W23,171.545327,0,30,45,15,0,23,15
6900,Zr38Ta30Nb30V15W15,144.810374,0,30,30,0,15,15,38
6844,Zr15Ta45Ti15V23Mo30,168.348985,30,0,45,15,23,0,15
6901,Zr38Ti30Nb30V15W15,122.539807,0,30,0,30,15,15,38
6869,Ta45Ti23Nb30V15W15,177.666935,0,30,45,23,15,15,0
6867,Zr15Ta45V23Mo30W15,192.865466,30,0,45,0,23,15,15
6836,Ta15Nb45V23Mo30W15,208.278308,30,45,15,0,23,15,0
6893,Zr38Ta30Ti15V15Mo30,137.768441,30,0,30,15,15,0,38
6872,Zr15Ta45Nb30V23W15,174.91112,0,30,45,0,23,15,15
6873,Zr15Ti45Nb30V23W15,137.857575,0,30,0,45,23,15,15
6866,Zr15Ta45Ti23Mo30W15,178.43252,30,0,45,23,0,15,15
6858,Zr15Ta23Nb45V15Mo30,176.543999,30,45,23,0,15,0,15
6856,Zr15Ta23Ti15Nb45Mo30,167.31865,30,45,23,15,0,0,15
6889,Zr38Ti15Nb30V15Mo30,134.172255,30,30,0,15,15,0,38
6835,Zr15Ta15Ti23Nb45Mo30,159.129082,30,45,15,23,0,0,15
6895,Zr38Ta30V15Mo30W15,159.790476,30,0,30,0,15,15,38
6868,Zr15Ti45V23Mo30W15,155.019511,30,0,0,45,23,15,15
6857,Ta23Nb45V15Mo30W15,210.246214,30,45,23,0,15,15,0
6838,Zr15Ta15Nb45Mo30W23,196.109591,30,45,15,0,0,23,15
6859,Zr15Ta23Nb45Mo30W15,190.705676,30,45,23,0,0,15,15
6888,Ti15Nb30V15Mo30W38,216.434818,30,30,0,15,15,38,0
6851,Zr15Ta45Nb30V15W23,180.375215,0,30,45,0,15,23,15
6941,Ta23Nb60V30W15,188.989827,0,60,23,0,30,15,0
6914,Zr15Ta38Nb15V30Mo15W15,181.072197,15,15,38,0,30,15,15
6923,Ti30Nb23Mo60W15,203.502076,60,23,0,30,0,15,0
6962,Zr15Nb30Mo30W53,222.379865,30,30,0,0,0,53,15
6964,Ta30Ti53Mo30W15,172.904085,30,0,30,53,0,15,0
6915,Zr15Ti38Nb15V30Mo15W15,149.332172,15,15,0,38,30,15,15
6955,Ta53Nb30Mo30W15,213.609783,30,30,53,0,0,15,0
6976,Ta30Nb30V53W15,191.659387,0,30,30,0,53,15,0
6907,Zr23Ti15Nb30V15Mo30W15,163.313943,30,30,0,15,15,15,23
6965,Zr15Ta30Ti53Mo30,143.965864,30,0,30,53,0,0,15
6948,Ta60Ti23V30W15,180.129353,0,0,60,23,30,15,0
6912,Zr15Ta38Ti30Nb15V15Mo15,148.736747,15,15,38,30,15,0,15
6924,Zr15Ti30Nb23Mo60,170.555738,60,23,0,30,0,0,15
6971,Zr15Ti30Mo30W53,200.054022,30,0,0,30,0,53,15
6940,Zr15Ta23Ti30Nb60,140.872286,0,60,23,30,0,0,15
6949,Zr15Ta60Ti23V30,148.576069,0,0,60,23,30,0,15
6947,Zr15Nb60V23W30,177.56785,0,60,0,0,23,30,15
6906,Zr23Ta15Nb30V15Mo30W15,176.884541,30,30,15,0,15,15,23
6925,Nb23V30Mo60W15,228.856128,60,23,0,0,30,15,0
6939,Ta23Ti30Nb60W15,168.597555,0,60,23,30,0,15,0
6952,Zr15Ti60V23W30,136.910533,0,0,0,60,23,30,15
6913,Zr15Ta38Ti30Nb15Mo15W15,162.095115,15,15,38,30,0,15,15
6946,Zr15Ti23Nb60W30,164.335806,0,60,0,23,0,30,15
6970,Zr15Ti30V53Mo30,150.458596,30,0,0,30,53,0,15
6922,Ti30Nb23V15Mo60,190.792691,60,23,0,30,15,0,0
6963,Ta30Ti53V15Mo30,158.923853,30,0,30,53,15,0,0
7000,Zr30Ta23Ti45Mo30,131.595189,30,0,23,45,0,0,30
7009,Ta23Ti45Nb30W30,170.629444,0,30,23,45,0,30,0
7038,Ta15Ti45Nb30V23W15,156.294995,0,30,15,45,23,15,0
7030,Zr15Ti45Nb15V23Mo30,141.978667,30,15,0,45,23,0,15
6984,Zr15Ta30Ti30V53,138.273955,0,0,30,30,53,0,15
6977,Zr15Ta30Nb30V53,156.515295,0,30,30,0,53,0,15
7001,Ta23V45Mo30W30,227.773479,30,0,23,0,45,30,0
6990,Ta45Nb23Mo30W30,229.660315,30,23,45,0,0,30,0
7040,Zr15Ta15Ti45Nb30W23,147.978428,0,30,15,45,0,23,15
7054,Ta15Ti53V15Mo30W15,169.622254,30,0,15,53,15,15,0
6979,Ti30Nb30V53W15,164.610857,0,30,0,30,53,15,0
6997,Zr30Nb23Mo30W45,194.596063,30,23,0,0,0,45,30
7007,Zr30V23Mo30W45,193.43939,30,0,0,0,23,45,30
6982,Zr15Nb30V30W53,199.257185,0,30,0,0,30,53,15
7041,Zr15Ta15Nb30V45W23,174.924259,0,30,15,0,45,23,15
7047,Ta53Nb15V15Mo30W15,214.047099,30,15,53,0,15,15,0
7046,Zr15Ta53Ti15Nb15Mo30,172.304604,30,15,53,15,0,0,15
7006,Zr30Ti23Mo30W45,177.60448,30,0,0,23,0,45,30
7031,Zr15Ti45Nb15Mo30W23,161.756322,30,15,0,45,0,23,15
7008,Ta23Ti45Nb30V30,146.064397,0,30,23,45,30,0,0
7039,Zr15Ta15Ti45Nb30V23,130.736214,0,30,15,45,23,0,15
7052,Zr15Ti53Nb15Mo30W15,150.616708,30,15,0,53,0,15,15
7023,Ta45Ti23Nb15V15Mo30,182.905521,30,15,45,23,15,0,0
6985,Zr15Ta30Ti30W53,184.73242,0,0,30,30,0,53,15
7037,Zr15Ti15V45Mo30W23,181.564657,30,0,0,15,45,23,15
7036,Zr15Ta15V45Mo30W23,196.010284,30,0,15,0,45,23,15
6998,Ta23Ti45V30Mo30,163.968114,30,0,23,45,30,0,0
7055,Zr15Ta15Ti53V15Mo30,139.859119,30,0,15,53,15,0,15
7053,Zr15Nb15V53Mo30W15,185.365134,30,15,0,0,53,15,15
7048,Zr15Ta53Nb15V15Mo30,182.03294,30,15,53,0,15,0,15
6978,Zr15Ta30Nb30W53,205.700051,0,30,30,0,0,53,15
7022,Zr30Ti30V23W45,151.365822,0,0,0,30,23,45,30
6983,Ta30Ti30V53W15,170.090987,0,0,30,30,53,15,0
7070,Zr15Ta23Ti15V30Mo15W30,181.408289,15,0,23,15,30,30,15
7126,Zr15Ta75V15W23,186.23202,0,0,75,0,15,23,15
7096,Zr15Ta23Nb15Mo75,204.887114,75,15,23,0,0,0,15
3818,Zr30Ta15Nb45W38,170.356402,0,45,15,0,0,38,30
3796,Zr30Ta38Nb15Mo45,170.743911,45,15,38,0,0,0,30
3835,Zr45Ta15Ti15Nb15V15W23,132.871276,0,15,15,15,15,23,45
3803,Ta15Ti38V30Mo45,177.815437,45,0,15,38,30,0,0
3833,Zr45Ti15Nb15V15Mo15W23,139.318927,15,15,0,15,15,23,45
3851,Zr23Ti30V45Mo15W15,143.365042,15,0,0,30,45,15,23
3880,Zr53Ta45Ti15Nb15,119.272531,0,15,45,15,0,0,53
3866,Zr53Nb45V15Mo15,124.715685,15,45,0,0,15,0,53
3875,Zr53Ti45V15Mo15,105.65597,15,0,0,45,15,0,53
3913,Zr15Ta15V38Mo45W15,197.883219,45,0,15,0,38,15,15
3916,Zr15Ta15Ti38Nb45V15,132.762159,0,45,15,38,15,0,15
3858,Ta15Ti53Nb45Mo15,148.538435,15,45,15,53,0,0,0
3914,Zr15Ti15V38Mo45W15,184.97385,45,0,0,15,38,15,15
3860,Ta15Nb45Mo15W53,235.47216,15,45,15,0,0,53,0
3915,Ta15Ti38Nb45V15W15,160.915855,0,45,15,38,15,15,0
3859,Ta15Nb45V53Mo15,184.937155,15,45,15,0,53,0,0
3901,Ta38Ti15Nb15Mo45W15,210.942739,45,15,38,15,0,15,0
3857,Zr23Ta15Ti30V45W15,136.806534,0,0,15,30,45,15,23
3892,Zr53Ti15V45W15,116.730942,0,0,0,15,45,15,53
3920,Zr15Ta45Ti15V38W15,162.617843,0,0,45,15,38,15,15
3868,Ta45Ti15V53Mo15,181.773625,15,0,45,15,53,0,0
3922,Ta30Ti15Nb15Mo30W38,223.164388,30,15,30,15,0,38,0
3861,Zr53Ta15Nb45Mo15,128.903048,15,45,15,0,0,0,53
3906,Ti38Nb15V15Mo45W15,187.964077,45,15,0,38,15,15,0
3923,Zr38Ta30Ti15Nb15Mo30,144.668514,30,15,30,15,0,0,38
3886,Zr53Ti45Nb15W15,108.757593,0,15,0,45,0,15,53
3881,Ta45Nb15V15W53,231.826712,0,15,45,0,15,53,0
3908,Zr15Ti38Nb15Mo45W15,168.655289,45,15,0,38,0,15,15
3889,Zr53Ta15Ti45V15,103.744179,0,0,15,45,15,0,53
3869,Ta45Ti15Mo15W53,229.868261,15,0,45,15,0,53,0
3893,Ta15Ti15Nb45V15Mo15W23,194.249788,15,45,15,15,15,23,0
3912,Zr15Ta15Ti38Mo45W15,171.453345,45,0,15,38,0,15,15
3873,Zr53Ta45Mo15W15,142.86221,15,0,45,0,0,15,53
3872,Zr53Ta45V15Mo15,131.146728,15,0,45,0,15,0,53
3867,Zr53Nb45Mo15W15,135.459654,15,45,0,0,0,15,53
3887,Zr53Nb15V45W15,124.318519,0,15,0,0,45,15,53
3895,Zr23Ta15Ti15Nb45Mo15W15,159.631892,15,45,15,15,0,15,23
3894,Zr23Ta15Ti15Nb45V15Mo15,147.211769,15,45,15,15,15,0,23
3874,Ti45V15Mo15W53,199.347816,15,0,0,45,15,53,0
3888,Ta15Ti45V15W53,191.352495,0,0,15,45,15,53,0
3856,Zr23Ti30Nb15V45W15,134.628492,0,15,0,30,45,15,23
3965,Ti45V15Mo30W38,195.054116,30,0,0,45,15,38,0
3996,Zr30Ta38Ti15V15Mo15W15,154.631055,15,0,38,15,15,15,30
3976,Zr38Ti45Nb30V15,109.185959,0,30,0,45,15,0,38
3983,Zr38Ti30V45W15,121.712576,0,0,0,30,45,15,38
3985,Zr15Ta15Ti30Nb23V15Mo30,153.070072,30,23,15,30,15,0,15
3924,Ta30Nb15V15Mo30W38,234.608079,30,15,30,0,15,38,0
3953,Ti15Nb45V38Mo30,180.83289,30,45,0,15,38,0,0
3925,Zr38Ta30Nb15V15Mo30,150.54429,30,15,30,0,15,0,38
3978,Zr38Nb30V45W15,135.823582,0,30,0,0,45,15,38
3991,Ta15Ti15Nb38V15Mo15W30,200.200377,15,38,15,15,15,30,0
3946,Zr30Ti15Nb15V30Mo15W23,152.232237,15,15,0,15,30,23,30
3941,Zr38Ta30Ti15V30W15,135.368092,0,0,30,15,30,15,38
3963,Zr38Ta45V15Mo30,154.054119,30,0,45,0,15,0,38
3940,Zr38Ti15Nb30V30W15,130.528065,0,30,0,15,30,15,38
3927,Ti30Nb15V15Mo30W38,205.588531,30,15,0,30,15,38,0
3970,Ta45Ti15Nb30W38,203.996194,0,30,45,15,0,38,0
3977,Zr38Ti45Nb30W15,117.401422,0,30,0,45,0,15,38
3948,Zr30Ta15Ti15Nb15V30W23,144.911905,0,15,15,15,30,23,30
3949,Ta15Ti38Nb45Mo30,167.249159,30,45,15,38,0,0,0
3984,Ta15Ti30Nb23V15Mo30W15,185.671748,30,23,15,30,15,15,0
3971,Zr38Ta45Ti15Nb30,130.450744,0,30,45,15,0,0,38
3990,Zr15Ta23Ti15Nb30V30W15,156.35039,0,30,23,15,30,15,15
3947,Zr30Ta15Ti15V30Mo15W23,154.572045,15,0,15,15,30,23,30
3979,Ta30Ti45V15W38,178.960578,0,0,30,45,15,38,0
3937,Zr38Ta15Ti30Nb30V15,117.948089,0,30,15,30,15,0,38
3930,Zr38Nb15V30Mo30W15,153.857485,30,15,0,0,30,15,38
3939,Zr38Ta15Nb30V30W15,140.655719,0,30,15,0,30,15,38
3999,Ta15Ti60Nb15Mo23W15,160.919138,23,15,15,60,0,15,0
3982,Zr38Ta30V45W15,142.912262,0,0,30,0,45,15,38
3929,Zr38Ti30Nb15Mo30W15,140.917457,30,15,0,30,0,15,38
3954,Ti15Nb45Mo30W38,215.53756,30,45,0,15,0,38,0
3962,Ta45V15Mo30W38,237.158418,30,0,45,0,15,38,0
3998,Ta15Ti60Nb15V15Mo23,147.474035,23,15,15,60,15,0,0
4017,Zr15Ti15Nb23V15W60,195.144886,0,23,0,15,15,60,15
4057,Zr23Ta45Nb45Mo15,163.215978,15,45,45,0,0,0,23
4043,Zr15Ta15Nb23V75,153.710127,0,23,15,0,75,0,15
4019,Ta75Ti15Nb15Mo23,190.420276,23,15,75,15,0,0,0
4033,Zr15Ta15V75Mo23,168.472644,23,0,15,0,75,0,15
4020,Ta75Nb15V15Mo23,200.876839,23,15,75,0,15,0,0
4072,Zr23Ti45Mo15W45,162.215976,15,0,0,45,0,45,23
4042,Ta15Nb23V75W15,191.091368,0,23,15,0,75,15,0
4066,Zr23Ta45Ti45Mo15,134.784141,15,0,45,45,0,0,23
4028,Zr15Nb15Mo23W75,239.322704,23,15,0,0,0,75,15
4061,Nb45V45Mo15W23,203.730473,15,45,0,0,45,23,0
4021,Ta75Nb15Mo23W15,213.384982,23,15,75,0,0,15,0
4075,Ta45Ti45Nb15W23,168.611327,0,15,45,45,0,23,0
4029,Ta15Ti75V15Mo23,138.751792,23,0,15,75,15,0,0
4003,Zr15Ta15Nb15Mo23W60,227.803352,23,15,15,0,0,60,15
4026,Nb15V75Mo23W15,205.732586,23,15,0,0,75,15,0
4073,Zr23V45Mo15W45,192.445477,15,0,0,0,45,45,23
4027,Zr15Nb15V75Mo23,165.426455,23,15,0,0,75,0,15
4032,Ta15V75Mo23W15,208.851475,23,0,15,0,75,15,0
4018,Zr15Ta23Ti15V15W60,200.41336,0,0,23,15,15,60,15
4074,Ta45Ti45Nb15V23,150.383177,0,15,45,45,23,0,0
4045,Ti15Nb23V75W15,176.99069,0,23,0,15,75,15,0
4068,Zr23Ta45V45Mo15,157.851272,15,0,45,0,45,0,23
4010,Zr15Ta15Ti15Mo23W60,216.47854,23,0,15,15,0,60,15
4044,Zr15Ta15Nb23W75,226.780557,0,23,15,0,0,75,15
4058,Ti45Nb45V23Mo15,149.734252,15,45,0,45,23,0,0
4016,Zr15Ta15Nb23V15W60,209.584076,0,23,15,0,15,60,15
4059,Ti45Nb45Mo15W23,170.014744,15,45,0,45,0,23,0
4011,Zr15Ta15V15Mo23W60,227.655325,23,0,15,0,15,60,15
4107,Zr30Ta30Nb15V15W38,172.087754,0,15,30,0,15,38,30
4088,Zr23Ti15V45W45,171.313095,0,0,0,15,45,45,23
4137,Zr15Ti83Nb15Mo15,117.476337,15,15,0,83,0,0,15
4093,Zr30Ta15Nb30V38Mo15,146.445572,15,30,15,0,38,0,30
4140,Zr15Nb15Mo15W83,242.12199,15,15,0,0,0,83,15
4092,Ta15Nb30V38Mo15W30,212.310037,15,30,15,0,38,30,0
4089,Ta15Ti38Nb30V30Mo15,157.919842,15,30,15,38,30,0,0
4141,Ta15Ti83V15Mo15,130.443799,15,0,15,83,15,0,0
4106,Zr30Ta30Ti15Nb15W38,164.061547,0,15,30,15,0,38,30
4081,Zr23Ti45Nb15V45,120.363531,0,15,0,45,45,0,23
4134,Zr15Ta83Nb15Mo15,180.407595,15,15,83,0,0,0,15
4115,Zr15Ta30Nb15Mo38W30,210.63958,38,15,30,0,0,30,15
4080,Ti45Nb15V45W23,160.60872,0,15,0,45,45,23,0
4101,Zr30Ta30Ti15Mo15W38,173.626064,15,0,30,15,0,38,30
4124,Zr15Ti15V30Mo38W30,193.549493,38,0,0,15,30,30,15
4086,Zr23Ta15Ti45W45,155.580479,0,0,15,45,0,45,23
4087,Zr23Ta15V45W45,184.239218,0,0,15,0,45,45,23
4095,Ti15Nb30V38Mo15W30,199.063581,15,30,0,15,38,30,0
4100,Zr30Ta30Ti15V38Mo15,140.497621,15,0,30,15,38,0,30
4094,Zr30Ta15Nb30Mo15W38,180.815686,15,30,15,0,0,38,30
4109,Zr30Ta15Ti30V15W38,148.503887,0,0,15,30,15,38,30
4105,Zr30Ta30Ti15Nb15V38,133.043997,0,15,30,15,38,0,30
4130,Zr15Ta38Ti15V30W30,172.469204,0,0,38,15,30,30,15
4139,Zr15Nb15V83Mo15,161.34964,15,15,0,0,83,0,15
4131,Ta83Ti15Nb15Mo15,188.164919,15,15,83,15,0,0,0
4102,Zr30Ta30V15Mo15W38,181.977934,15,0,30,0,15,38,30
4138,Nb15V83Mo15W15,200.722131,15,15,0,0,83,15,0
4112,Zr15Ta30Ti30Nb15Mo38,162.011431,38,15,30,30,0,0,15
4108,Zr30Ti30Nb15V15W38,145.652558,0,15,0,30,15,38,30
4136,Ti83Nb15Mo15W15,138.975463,15,15,0,83,0,15,0
4123,Zr15Ta15V30Mo38W30,208.168827,38,0,15,0,30,30,15
4185,Zr15V83Mo15W15,175.875288,15,0,0,0,83,15,15
4208,Ta30Mo83W15,245.927746,83,0,30,0,0,15,0
4212,Zr15Ti30Mo83,185.950424,83,0,0,30,0,0,15
4147,Ti15V83Mo15W15,190.709606,15,0,0,15,83,15,0
4154,Ta15Nb15V83W15,192.728748,0,15,15,0,83,15,0
4171,Ti15Nb83Mo15W15,184.418809,15,83,0,15,0,15,0
4197,Zr15Ta15Ti83V15,113.072207,0,0,15,83,15,0,15
4213,V30Mo83W15,243.861005,83,0,0,0,30,15,0
4178,Zr15Ta83Ti15Mo15,168.64293,15,0,83,15,0,0,15
4196,Ta15Ti83V15W15,132.567255,0,0,15,83,15,15,0
4199,Zr15Ta15V83W15,166.081057,0,0,15,0,83,15,15
4170,Ti15Nb83V15Mo15,169.503456,15,83,0,15,15,0,0
4201,Ta15Nb30Mo83,231.329383,83,30,15,0,0,0,0
4200,Zr15Ti15V83W15,154.492153,0,0,0,15,83,15,15
4162,Zr15Ta15Ti15V83,145.242894,0,0,15,15,83,0,15
4149,Zr15Ti15Mo15W83,230.085565,15,0,0,15,0,83,15
4152,Ta15Ti83Nb15W15,133.86304,0,15,15,83,0,15,0
4190,Zr15Ta83Nb15V15,169.414634,0,15,83,0,15,0,15
4191,Zr15Ta83Nb15W15,184.161313,0,15,83,0,0,15,15
4209,Zr15Ta30Mo83,212.243062,83,0,30,0,0,0,15
4155,Zr15Ta15Nb15V83,154.307018,0,15,15,0,83,0,15
4198,Zr15Ta15Ti83W15,120.412646,0,0,15,83,0,15,15
4163,Zr15Ta15Ti15W83,222.913829,0,0,15,15,0,83,15
4165,Zr15Ti15V15W83,220.064318,0,0,0,15,15,83,15
4164,Zr15Ta15V15W83,233.228392,0,0,15,0,15,83,15
4153,Zr15Ta15Ti83Nb15,113.391829,0,15,15,83,0,0,15
4247,Zr23Ta45Ti15V30Mo15,151.364572,15,0,45,15,30,0,23
4263,Ti45Nb30V15Mo23W15,167.760055,23,30,0,45,15,15,0
4264,Zr15Ti45Nb30V15Mo23,138.60224,23,30,0,45,15,0,15
4239,Ta15Nb45V30Mo15W23,204.520881,15,45,15,0,30,23,0
4248,Zr23Ta45Ti15Mo15W30,178.617841,15,0,45,15,0,30,23
4246,Ta45Ti15V30Mo15W23,200.685233,15,0,45,15,30,23,0
4223,Nb83V30W15,183.628019,0,83,0,0,30,15,0
4240,Zr23Ta15Nb45V30Mo15,154.985095,15,45,15,0,30,0,23
4285,Nb15V60Mo23W30,219.752097,23,15,0,0,60,30,0
4224,Zr15Nb83V30,152.053019,0,83,0,0,30,0,15
4222,Zr15Ti30Nb83,136.213677,0,83,0,30,0,0,15
4265,Zr15Ti45Nb30Mo23W15,150.839422,23,30,0,45,0,15,15
4249,Zr23Ta45V15Mo15W30,188.43024,15,0,45,0,15,30,23
4277,Zr15Ta23Ti30V45W15,148.761263,0,0,23,30,45,15,15
4271,Zr15Ti30V45Mo23W15,159.064016,23,0,0,30,45,15,15
4283,Ti60Nb15Mo23W30,170.960873,23,15,0,60,0,30,0
4241,Zr23Ta15Nb45Mo15W30,183.937622,15,45,15,0,0,30,23
4253,Zr23Ta45Ti15Nb15W30,169.433963,0,15,45,15,0,30,23
4215,Zr15Mo83W30,235.21774,83,0,0,0,0,30,15
4279,Ta60Nb15V30Mo23,198.104513,23,15,60,0,30,0,0
4284,Zr30Ti60Nb15Mo23,119.019174,23,15,0,60,0,0,30
4254,Zr23Ta45Nb15V15W30,179.100092,0,15,45,0,15,30,23
4231,Zr15Ta83W30,195.760578,0,0,83,0,0,30,15
4270,Zr15Ta30V45Mo23W15,185.595208,23,0,30,0,45,15,15
4282,Ti60Nb15V30Mo23,146.131719,23,15,0,60,30,0,0
4214,Zr15V30Mo83,207.472718,83,0,0,0,30,0,15
4276,Zr15Ti30Nb23V45W15,144.992111,0,23,0,30,45,15,15
4278,Ta60Ti30Nb15Mo23,176.873284,23,15,60,30,0,0,0
4225,Zr15Nb83W30,178.351965,0,83,0,0,0,30,15
4350,Zr30Ta23Mo45W30,195.6231,45,0,23,0,0,30,30
4318,Zr15Ta15Ti45V23Mo15W15,146.541677,15,0,15,45,23,15,15
4339,Ti30Nb23V30Mo45,180.352584,45,23,0,30,30,0,0
4290,Zr30Ta15Ti60Mo23,120.434026,23,0,15,60,0,0,30
4327,Zr30Ta30Ti15Nb15V23W15,143.625644,0,15,30,15,23,15,30
4335,Ta30Ti30Nb23Mo45,185.144052,45,23,30,30,0,0,0
4337,Ta30Nb23Mo45W30,237.577659,45,23,30,0,0,30,0
4342,Nb23V30Mo45W30,232.325925,45,23,0,0,30,30,0
4320,Zr23Ta15Ti15Nb15V15Mo15W30,171.787024,15,15,15,15,15,30,23
4304,Ti15Nb23V60W30,189.518342,0,23,0,15,60,30,0
4334,Zr15Ta30Ti15Nb30V23W15,160.724535,0,30,30,15,23,15,15
4305,Zr30Ti15Nb23V60,126.956599,0,23,0,15,60,0,30
4343,Zr30Nb23V30Mo45,161.293166,45,23,0,0,30,0,30
4329,Zr15Ta15Ti23Nb30V15Mo30,158.039969,30,30,15,23,15,0,15
4330,Zr15Ta15Ti23Nb30Mo30W15,172.167052,30,30,15,23,0,15,15
4291,Ta15V60Mo23W30,223.269352,23,0,15,0,60,30,0
4311,Zr30Ta23V15W60,190.268676,0,0,23,0,15,60,30
4316,Zr15Ta45Nb15V23Mo15W15,183.004148,15,15,45,0,23,15,15
4298,Ta15Ti60Nb23V30,135.573462,0,23,15,60,30,0,0
4299,Ta15Ti60Nb23W30,158.453289,0,23,15,60,0,30,0
4297,Zr30V15Mo23W60,203.960592,23,0,0,0,15,60,30
4302,Zr30Ta15Nb23V60,138.048833,0,23,15,0,60,0,30
4351,Ti23V30Mo45W30,216.20876,45,0,0,23,30,30,0
4296,Zr30Ti15Mo23W60,193.033831,23,0,0,15,0,60,30
4333,Zr15Ta30Ti15V23Mo30W15,180.382481,30,0,30,15,23,15,15
4306,Zr30Ti15Nb23W60,177.381978,0,23,0,15,0,60,30
4303,Zr30Ta15Nb23W60,190.270113,0,23,15,0,0,60,30
4332,Zr15Ti15Nb30V23Mo30W15,174.40691,30,30,0,15,23,15,15
4368,Zr30Ta45V23W30,168.407002,0,0,45,0,23,30,30
4381,Zr60Ti30Mo38,116.384704,38,0,0,30,0,0,60
4395,Ta38Ti30V60,159.283966,0,0,38,30,60,0,0
4411,Ta15V60Mo53,213.180143,53,0,15,0,60,0,0
4418,Zr60V15Mo53,134.723074,53,0,0,0,15,0,60
4419,Zr60Mo53W15,149.295184,53,0,0,0,0,15,60
4403,Zr60Ti38W30,115.185938,0,0,0,38,0,30,60
4417,V15Mo53W60,272.081876,53,0,0,0,15,60,0
4429,Zr60Nb53W15,123.107029,0,53,0,0,0,15,60
4394,Zr60Nb38W30,133.343704,0,38,0,0,0,30,60
4393,Zr60Nb38V30,111.700399,0,38,0,0,30,0,60
4375,Ta30Ti60Mo38,160.004159,38,0,30,60,0,0,0
4374,Zr60Nb30Mo38,130.459341,38,30,0,0,0,0,60
4392,Nb38V30W60,229.797386,0,38,0,0,30,60,0
4356,Ta23Ti30Nb45W30,182.077835,0,45,23,30,0,30,0
4416,Zr60Ti15Mo53,130.292944,53,0,0,15,0,0,60
4410,Ta15Ti60Mo53,167.435502,53,0,15,60,0,0,0
4369,Zr30Ti45V23W30,132.371722,0,0,0,45,23,30,30
4388,Zr60Ta30Nb38,119.163258,0,38,30,0,0,0,60
4361,Ti23Nb45V30W30,182.135402,0,45,0,23,30,30,0
4357,Zr30Ta23Ti30Nb45,126.677373,0,45,23,30,0,0,30
4360,Zr30Ta23Nb45W30,167.594986,0,45,23,0,0,30,30
4402,Zr60Ti38V30,100.325623,0,0,0,38,30,0,60
4420,Ta15Ti60Nb53,137.180841,0,53,15,60,0,0,0
4366,Zr30Ta45Ti23V30,130.779878,0,0,45,23,30,0,30
4421,Ta15Nb53V60,176.373093,0,53,15,0,60,0,0
4426,Zr60Ti15Nb53,108.499409,0,53,0,15,0,0,60
4404,Zr60V38W30,126.800157,0,0,0,0,38,30,60
4372,Nb30V60Mo38,200.785163,38,30,0,0,60,0,0
4373,Nb30Mo38W60,254.52992,38,30,0,0,0,60,0
4358,Ta23Nb45V30W30,201.942735,0,45,23,0,30,30,0
4367,Zr30Ta45Ti23W30,154.749047,0,0,45,23,0,30,30
4386,Ta30Nb38V60,179.486476,0,38,30,0,60,0,0
4428,Zr60Nb53V15,113.380117,0,53,0,0,15,0,60
4405,Ta60Nb15Mo53,217.031081,53,15,60,0,0,0,0
4359,Zr30Ta23Nb45V30,140.453552,0,45,23,0,30,0,30
4427,Nb53V15W60,228.376727,0,53,0,0,15,60,0
4495,Zr15Ta38V15Mo15W45,210.312409,15,0,38,0,15,45,15
4500,Zr15Ta38Nb15V15W45,199.5423,0,15,38,0,15,45,15
4457,Zr30Ti30V45Mo23,130.446087,23,0,0,30,45,0,30
4487,Zr15Ta15Nb38Mo15W45,206.255712,15,38,15,0,0,45,15
4488,Ti15Nb38V45Mo15W15,185.319106,15,38,0,15,45,15,0
4489,Zr15Ti15Nb38V45Mo15,150.958941,15,38,0,15,45,0,15
4458,Zr30Ti30Mo23W45,167.233742,23,0,0,30,0,45,30
4494,Zr15Ta38Ti15Mo15W45,199.452826,15,0,38,15,0,45,15
4444,Ti45Nb30V30Mo23,154.786021,23,30,0,45,30,0,0
4486,Zr15Ta15Nb38V45Mo15,163.704724,15,38,15,0,45,0,15
4451,Ta30Ti45Mo23W30,187.3498,23,0,30,45,0,30,0
4459,Zr30V30Mo23W45,186.573747,23,0,0,0,30,45,30
4493,Zr15Ta38Ti15V45Mo15,158.326992,15,0,38,15,45,0,15
4475,Ta53Ti15Nb15V15Mo15W15,194.06494,15,15,53,15,15,15,0
4472,Zr30Ta23Ti30W45,157.873444,0,0,23,30,0,45,30
4473,Zr30Ta23V30W45,173.973348,0,0,23,0,30,45,30
4501,Zr15Ti38Nb15V15W45,165.896445,0,15,0,38,15,45,15
4442,Ta45Nb30Mo23W30,222.505606,23,30,45,0,0,30,0
4443,Zr30Ta45Nb30Mo23,158.968145,23,30,45,0,0,0,30
4480,Zr15Ta15Ti53V15Mo15W15,144.145651,15,0,15,53,15,15,15
4474,Zr30Ti23V30W45,154.961244,0,0,0,23,30,45,30
4445,Ti45Nb30Mo23W30,180.740413,23,30,0,45,0,30,0
4433,Ta53V15W60,238.358795,0,0,53,0,15,60,0
4481,Zr15Ta15Ti53Nb15V15W15,135.823745,0,15,15,53,15,15,15
4562,Zr38Nb15W75,192.439427,0,15,0,0,0,75,38
4559,Zr38Ti75Nb15,97.828645,0,15,0,75,0,0,38
4508,Ti30Nb15Mo68W15,208.790844,68,15,0,30,0,15,0
4564,Ta15Ti75W38,156.180146,0,0,15,75,0,38,0
4550,V75Mo15W38,224.195873,15,0,0,0,75,38,0
4565,Zr38Ta15Ti75,100.955731,0,0,15,75,0,0,38
4524,Ta15Ti30Nb68W15,167.265935,0,68,15,30,0,15,0
4553,Ta75Ti38Nb15,159.062276,0,15,75,38,0,0,0
4525,Zr15Ta15Ti30Nb68,139.861757,0,68,15,30,0,0,15
4509,Zr15Ti30Nb15Mo68,176.883018,68,15,0,30,0,0,15
4531,Zr15Ti15Nb68W30,168.219193,0,68,0,15,0,30,15
4539,Ti38Nb75Mo15,155.474652,15,75,0,38,0,0,0
4563,Ta15Ti75V38,128.217421,0,0,15,75,38,0,0
4552,Zr38Mo15W75,203.471135,15,0,0,0,0,75,38
4522,Zr15V15Mo68W30,227.862763,68,0,0,0,15,30,15
4568,Zr38Ta15W75,195.341947,0,0,15,0,0,75,38
4515,Zr15Ta15Ti30Mo68,179.39806,68,0,15,30,0,0,15
4538,Ta38Nb75Mo15,189.261641,15,75,38,0,0,0,0
4537,Zr15Ti68V15W30,133.334199,0,0,0,68,15,30,15
4554,Ta75Nb15V38,188.949732,0,15,75,0,38,0,0
4549,Zr38Ti75Mo15,105.867275,15,0,0,75,0,0,38
4523,Ta15Ti30Nb68V15,154.744294,0,68,15,30,15,0,0
4561,Zr38Nb15V75,126.175378,0,15,0,0,75,0,38
4506,Zr15Ta30Nb15Mo68,203.513077,68,15,30,0,0,0,15
4566,Ta15V75W38,215.305537,0,0,15,0,75,38,0
4514,Ta15Ti30Mo68W15,212.726809,68,0,15,30,0,15,0
4547,Ti75V38Mo15,134.215839,15,0,0,75,38,0,0
4536,Zr15Ta68V15W30,191.542193,0,0,68,0,15,30,15
4513,Ta15Ti30V15Mo68,198.380482,68,0,15,30,15,0,0
4507,Ti30Nb15V15Mo68,195.718508,68,15,0,30,15,0,0
4540,Nb75V38Mo15,179.541691,15,75,0,0,38,0,0
4555,Ta75Nb15W38,221.042841,0,15,75,0,0,38,0
4530,Zr15Ti15Nb68V30,141.443746,0,68,0,15,30,0,15
4622,Zr75Ta15V15Mo23,114.239698,23,0,15,0,15,0,75
4598,Zr30Ta60Nb15W23,166.5087,0,15,60,0,0,23,30
4613,Ti15Nb15Mo23W75,249.038221,23,15,0,15,0,75,0
4596,Ta60Nb15V23W30,209.990914,0,15,60,0,23,30,0
4571,Zr38Ti15W75,181.642597,0,0,0,15,0,75,38
4630,Zr75Ta15Ti15Nb23,102.637368,0,23,15,15,0,0,75
4631,Ta15Nb23V15W75,244.070598,0,23,15,0,15,75,0
4601,Zr30Ti60Nb15W23,122.139415,0,15,0,60,0,23,30
4585,Zr30Ta60Ti23Mo15,143.696835,15,0,60,23,0,0,30
4591,Zr30Ti60Mo15W23,128.750625,15,0,0,60,0,23,30
4624,Ti15V15Mo23W75,251.586814,23,0,0,15,15,75,0
4609,Ta15Nb15V75Mo23,193.999611,23,15,15,0,75,0,0
4640,Zr75Ta23Ti15W15,109.595905,0,0,23,15,0,15,75
4623,Zr75Ta15Mo23W15,124.836802,23,0,15,0,0,15,75
4641,Zr75Ta23V15W15,113.293767,0,0,23,0,15,15,75
4582,Zr30Nb60Mo15W23,163.957617,15,60,0,0,0,23,30
4646,Zr15Ta45Nb30Mo38,185.888711,38,30,45,0,0,0,15
4612,Ti15Nb15V75Mo23,180.166598,23,15,0,15,75,0,0
4576,Zr30Ta23Nb60Mo15,150.173884,15,60,23,0,0,0,30
4625,Zr75Ti15V15Mo23,105.639812,23,0,0,15,15,0,75
4637,Zr75Nb23V15W15,110.331396,0,23,0,0,15,15,75
4590,Zr30Ti60V23Mo15,114.641805,15,0,0,60,23,0,30
4592,Zr30V60Mo15W23,159.081963,15,0,0,0,60,23,30
4639,Zr75Ta23Ti15V15,100.828966,0,0,23,15,15,0,75
4578,Ti23Nb60Mo15W30,193.275916,15,60,0,23,0,30,0
4607,Zr30Ti15V60W23,142.206901,0,0,0,15,60,23,30
4608,Ta15Ti75Nb15Mo23,140.34854,23,15,15,75,0,0,0
4595,Zr30Ta60Ti23Nb15,136.185336,0,15,60,23,0,0,30
4597,Zr30Ta60Nb15V23,145.954147,0,15,60,0,23,0,30
4599,Ti60Nb15V23W30,156.1195,0,15,0,60,23,30,0
4615,Nb15V15Mo23W75,267.7424,23,15,0,0,15,75,0
4614,Zr75Ti15Nb15Mo23,108.306196,23,15,0,15,0,0,75
4705,Zr23Ti15Nb15V75,132.712101,0,15,0,15,75,0,23
4652,Zr15Nb30Mo38W45,219.021871,38,30,0,0,0,45,15
4682,Ti75Nb15V23Mo15,132.436651,15,15,0,75,23,0,0
4665,Zr15Ta30Ti45Nb38,132.900402,0,38,30,45,0,0,15
4670,Zr15Ti30Nb38V45,134.873707,0,38,0,30,45,0,15
4698,Ta15Ti75Nb15V23,128.039082,0,15,15,75,23,0,0
4718,Zr30Ta15Ti30V23Mo15W15,139.390736,15,0,15,30,23,15,30
4703,Zr23Ta15Nb15W75,214.736148,0,15,15,0,0,75,23
4671,Zr15Ti30Nb38W45,171.382106,0,38,0,30,0,45,15
4683,Ti75Nb15Mo15W23,148.150443,15,15,0,75,0,23,0
4649,Zr15Ti45Nb30Mo38,147.341653,38,30,0,45,0,0,15
4676,Zr15Ta38V30W45,199.136572,0,0,38,0,30,45,15
4684,Zr23Ti75Nb15Mo15,114.425097,15,15,0,75,0,0,23
4719,Zr30Ta15Ti30Nb15V23W15,131.865558,0,15,15,30,23,15,30
4711,Zr23Ta15V15W75,213.956855,0,0,15,0,15,75,23
4677,Zr15Ti38V30W45,165.28258,0,0,0,38,30,45,15
4710,Zr23Ta15Ti15W75,203.130223,0,0,15,15,0,75,23
4648,Ti45Nb30Mo38W15,177.937827,38,30,0,45,0,15,0
4655,Zr15Ta30Ti45Mo38,153.031606,38,0,30,45,0,0,15
4696,Zr23Ti15Mo15W75,210.938141,15,0,0,15,0,75,23
4716,Zr30Ta30Nb15V23Mo15W15,161.366324,15,15,30,0,23,15,30
4679,Ta75Nb15V23Mo15,196.518082,15,15,75,0,23,0,0
4717,Zr30Ti30Nb15V23Mo15W15,136.601535,15,15,0,30,23,15,30
4685,Nb15V75Mo15W23,207.91247,15,15,0,0,75,23,0
4647,Ti45Nb30V15Mo38,164.897426,38,30,0,45,15,0,0
4702,Zr23Ta15Nb15V75,143.905766,0,15,15,0,75,0,23
4678,Ta75Ti23Nb15Mo15,180.947934,15,15,75,23,0,0,0
4704,Ti15Nb15V75W23,185.927283,0,15,0,15,75,23,0
4775,Zr30Ta23Ti15Mo60,167.930482,60,0,23,15,0,0,30
4772,Zr30Nb23Mo60W15,188.513795,60,23,0,0,0,15,30
4792,Zr30Nb60V23W15,146.583795,0,60,0,0,23,15,30
4762,Zr15Ta30Ti15Nb15V23Mo15W15,169.547237,15,15,30,15,23,15,15
4768,Ti15Nb23Mo60W30,230.548624,60,23,0,15,0,30,0
4761,Zr75Ti15V15W23,109.153587,0,0,0,15,15,23,75
4750,Ta15Nb15V23W75,245.541864,0,15,15,0,23,75,0
4756,Zr75Nb15V15W23,114.556508,0,15,0,0,15,23,75
4729,Ta23Nb15Mo15W75,263.206786,15,15,23,0,0,75,0
4727,Ta23Ti75Nb15Mo15,136.752872,15,15,23,75,0,0,0
4754,Zr75Ti15Nb15V23,99.797898,0,15,0,15,23,0,75
4751,Zr75Ta15Nb15V23,105.61015,0,15,15,0,23,0,75
4766,Zr30Ta15Nb23Mo60,176.869089,60,23,15,0,0,0,30
4757,Ta15Ti15V23W75,235.28293,0,0,15,15,23,75,0
4759,Zr75Ta15Ti15W23,112.716446,0,0,15,15,0,23,75
4788,Zr30Ta23Nb60W15,154.335321,0,60,23,0,0,15,30
4758,Zr75Ta15Ti15V23,100.929452,0,0,15,15,23,0,75
4793,Ta60Ti23V15W30,193.940207,0,0,60,23,15,30,0
4753,Ti15Nb15V23W75,233.589622,0,15,0,15,23,75,0
4786,Ta23Nb60V15W30,202.186848,0,60,23,0,15,30,0
4760,Zr75Ta15V15W23,116.435638,0,0,15,0,15,23,75
4733,Zr75Ti23Nb15Mo15,100.436189,15,15,0,23,0,0,75
4781,Zr30Ti23Mo60W15,170.546165,60,0,0,23,0,15,30
4743,Ti15V23Mo15W75,245.016925,15,0,0,15,23,75,0
4734,Nb15V23Mo15W75,260.522844,15,15,0,0,23,75,0
4769,Zr30Ti15Nb23Mo60,163.300026,60,23,0,15,0,0,30
4794,Zr30Ta60Ti23V15,134.59553,0,0,60,23,15,0,30
4735,Zr75Nb15V23Mo15,107.910889,15,15,0,0,23,0,75
4744,Zr75Ti15V23Mo15,103.944683,15,0,0,15,23,0,75
4767,Ti15Nb23V30Mo60,202.285069,60,23,0,15,30,0,0
4726,Zr45Ta15Ti23Nb15V15W15,124.571051,0,15,15,23,15,15,45
4732,Ti23Nb15Mo15W75,236.26723,15,15,0,23,0,75,0
4865,Zr15Nb15Mo38W60,235.912894,38,15,0,0,0,60,15
4813,Zr30Ta53Mo15W30,180.790481,15,0,53,0,0,30,30
4806,Zr30Nb53V30Mo15,142.886529,15,53,0,0,30,0,30
4862,Zr15Ti60Nb15Mo38,138.8443,38,15,0,60,0,0,15
4823,Zr30Ta53Nb15W30,171.495168,0,15,53,0,0,30,30
4849,Zr15Ta30Ti15Nb30V38,148.498529,0,30,30,15,38,0,15
4841,Zr15Ti15Nb30Mo30W38,195.770205,30,30,0,15,0,38,15
4871,Zr15Ta15Mo38W60,238.293955,38,0,15,0,0,60,15
4795,Zr30Ta60Ti23W15,145.071246,0,0,60,23,0,15,30
4840,Zr15Ti15Nb30V38Mo30,160.168834,30,30,0,15,38,0,15
4815,Zr30Ti53V30Mo15,115.301149,15,0,0,53,30,0,30
4812,Zr30Ta53V30Mo15,152.23837,15,0,53,0,30,0,30
4847,Zr15Ti30V15Mo30W38,185.189644,30,0,0,30,15,38,15
4870,Zr15Ta15V60Mo38,180.080325,38,0,15,0,60,0,15
4854,Zr15Ta15Ti15Nb15V15Mo38W15,181.447889,38,15,15,15,15,15,15
4864,Zr15Nb15V60Mo38,176.686537,38,15,0,0,60,0,15
4800,Ta30Nb53Mo15W30,214.035049,15,53,30,0,0,30,0
4822,Zr30Ta53Nb15V30,144.611195,0,15,53,0,30,0,30
4824,Ti53Nb15V30W30,161.078296,0,15,0,53,30,30,0
4863,Nb15V60Mo38W15,214.628351,38,15,0,0,60,15,0
4846,Zr15Ta30V15Mo30W38,213.685143,30,0,30,0,15,38,15
4853,Zr15Ta30Ti30V15W38,170.316313,0,0,30,30,15,38,15
4825,Zr30Ti53Nb15V30,111.551166,0,15,0,53,30,0,30
4848,Ta30Ti15Nb30V38W15,180.861915,0,30,30,15,38,15,0
4814,Ti53V30Mo15W30,171.22595,15,0,0,53,30,30,0
4796,Zr30Ta60V23W15,156.815089,0,0,60,0,23,15,30
4937,Zr30Ta15Nb83,141.913449,0,83,15,0,0,0,30
4876,Ta15Ti60Nb38V15,136.854182,0,38,15,60,15,0,0
4885,Zr15Nb38V15W60,206.793772,0,38,0,0,15,60,15
4883,Zr15Ti15Nb38V60,142.765426,0,38,0,15,60,0,15
4932,Zr30V15Mo83,189.273423,83,0,0,0,15,0,30
4903,Zr15Ta15Ti30Mo53W15,183.122041,53,0,15,30,0,15,15
4920,Ti30Nb15Mo83,204.927889,83,15,0,30,0,0,0
4930,Zr30Ti15Mo83,179.416587,83,0,0,15,0,0,30
4904,Zr15Ta15V30Mo53W15,204.073271,53,0,15,0,30,15,15
4933,Zr30Mo83W15,202.275807,83,0,0,0,0,15,30
4927,Zr30Ta15Mo83,192.567766,83,0,15,0,0,0,30
4916,Zr15Ti15Nb38V15Mo30W15,173.484604,30,38,0,15,15,15,15
4882,Ti15Nb38V60W15,175.804261,0,38,0,15,60,15,0
4939,Ti15Nb83W30,187.819213,0,83,0,15,0,30,0
4877,Ta15Ti60Nb38W15,147.086385,0,38,15,60,0,15,0
4896,Zr15Ta30Nb15Mo53W15,206.53736,53,15,30,0,0,15,15
4884,Zr15Ti15Nb38W60,196.202952,0,38,0,15,0,60,15
4902,Zr15Ta15Ti30V15Mo53,169.036357,53,0,15,30,15,0,15
4918,Zr15Ta38Ti15Nb30V15W15,161.796242,0,30,38,15,15,15,15
4891,Ta30Ti15Nb15V15Mo53,201.013465,53,15,30,15,15,0,0
4935,Ta15Nb83V30,173.947049,0,83,15,0,30,0,0
4911,Zr15Ta53Ti15V30W15,164.049375,0,0,53,15,30,15,15
4908,Zr15Ta15Ti30Nb53W15,149.957975,0,53,15,30,0,15,15
4929,Ti15Mo83W30,247.558952,83,0,0,15,0,30,0
4905,Zr15Ti15V30Mo53W15,190.419366,53,0,0,15,30,15,15
4901,Ta15Ti30V15Mo53W15,202.39462,53,0,15,30,15,15,0
4934,Ta15Ti30Nb83,155.551219,0,83,15,30,0,0,0
4878,Zr15Ta15Ti60Nb38,123.876089,0,38,15,60,0,0,15
4879,Ta15Nb38V60W15,189.951591,0,38,15,0,60,15,0
4958,Zr15Ti15Nb15V30Mo38W15,180.225612,38,15,0,15,30,15,15
4974,Zr68V30Mo30,116.569254,30,0,0,0,30,0,68
4960,Zr15Ta15Ti15Nb38V30W15,157.380374,0,38,15,15,30,15,15
4994,Zr68Ti30W30,111.423335,0,0,0,30,0,30,68
4995,Zr68V30W30,120.37278,0,0,0,0,30,30,68
4944,Ta83Ti15V30,177.414785,0,0,83,15,30,0,0
4993,Zr68Ti30V30,96.163999,0,0,0,30,30,0,68
4967,Ta30V68Mo30,200.672086,30,0,30,0,68,0,0
4945,Ta83Ti15W30,205.390018,0,0,83,15,0,30,0
4969,Zr68Ta30Mo30,126.954303,30,0,30,0,0,0,68
4986,Ta30Ti30V68,157.72004,0,0,30,30,68,0,0
4981,Ti30Nb30W68,213.375592,0,30,0,30,0,68,0
5012,Ti15V15Mo60W38,239.418345,60,0,0,15,15,38,0
4956,Zr15Ta15Ti30Nb15Mo38W15,173.114643,38,15,15,30,0,15,15
5005,Zr38Nb15Mo60W15,177.696136,60,15,0,0,0,15,38
4972,Zr68Ti30Mo30,109.026969,30,0,0,30,0,0,68
4951,Zr30Ti83V15,101.094199,0,0,0,83,15,0,30
5002,Zr38Ti15Nb15Mo60,155.70671,60,15,0,15,0,0,38
4968,Ta30Mo30W68,272.079981,30,0,30,0,0,68,0
4988,Zr68Ta30Ti30,101.832349,0,0,30,30,0,0,68
4973,V30Mo30W68,269.578569,30,0,0,0,30,68,0
4943,Zr30Nb83W15,149.931583,0,83,0,0,0,15,30
4966,Ta30Ti68Mo30,150.030684,30,0,30,68,0,0,0
4975,Zr68Mo30W30,142.106691,30,0,0,0,0,30,68
5011,Zr38Ta15Mo60W15,179.538611,60,0,15,0,0,15,38
4959,Zr15Ta15Ti15V30Mo38W15,182.447554,38,0,15,15,30,15,15
4992,Ti30V30W68,216.139795,0,0,0,30,30,68,0
4957,Zr15Ta15Nb15V30Mo38W15,193.131792,38,15,15,0,30,15,15
4961,Ta68Nb30Mo30,203.726243,30,30,68,0,0,0,0
5010,Zr38Ta15V15Mo60,166.001483,60,0,15,0,15,0,38
4989,Ta30V30W68,242.171589,0,0,30,0,30,68,0
4950,Ti83V15W30,141.065173,0,0,0,83,15,30,0
5044,Ta68V15Mo30W15,218.223287,30,0,68,0,15,15,0
5043,Zr15Ta68Ti15Mo30,174.986666,30,0,68,15,0,0,15
5074,Zr15Ti30Nb15Mo45W23,181.432691,45,15,0,30,0,23,15
5042,Ta68Ti15Mo30W15,207.185666,30,0,68,15,0,15,0
5080,Zr15Ti15V30Mo45W23,192.092768,45,0,0,15,30,23,15
5028,Zr38Ta60Ti15W15,142.893352,0,0,60,15,0,15,38
5075,Zr15Nb15V30Mo45W23,203.425876,45,15,0,0,30,23,15
5023,Zr38Ti15Nb60V15,123.452274,0,60,0,15,15,0,38
5087,Ta15Ti53Nb15Mo45,166.189056,45,15,15,53,0,0,0
5019,Ta15Nb60V15W38,208.306838,0,60,15,0,15,38,0
5033,Ta15Nb68Mo30W15,210.080009,30,68,15,0,0,15,0
5088,Ta15Nb15V53Mo45,205.726733,45,15,15,0,53,0,0
5072,Ti30Nb15V23Mo45W15,193.521496,45,15,0,30,23,15,0
5057,Ti68Nb30V15W15,139.396427,0,30,0,68,15,15,0
5089,Ta15Nb15Mo45W53,257.716427,45,15,15,0,0,53,0
5024,Zr38Ti15Nb60W15,133.597483,0,60,0,15,0,15,38
5060,Zr15Nb30V68W15,163.160496,0,30,0,0,68,15,15
5061,Ta30Ti68V15W15,143.714355,0,0,30,68,15,15,0
5034,Zr15Ta15Nb68Mo30,174.935154,30,68,15,0,0,0,15
5045,Zr15Ta68V15Mo30,184.926846,30,0,68,0,15,0,15
5051,Ta68Ti15Nb30V15,175.360458,0,30,68,15,15,0,0
5069,Ta30Nb15V23Mo45W15,222.531126,45,15,30,0,23,15,0
5016,Ta15Ti15Nb60V38,165.141589,0,60,15,15,38,0,0
5021,Zr38Ta15Nb60W15,144.792772,0,60,15,0,0,15,38
5059,Zr15Ti68Nb30W15,125.187649,0,30,0,68,0,15,15
5026,Ta60Ti15V15W38,207.742364,0,0,60,15,15,38,0
5067,Ta30Ti23Nb15Mo45W15,203.582642,45,15,30,23,0,15,0
5020,Zr38Ta15Nb60V15,133.632029,0,60,15,0,15,0,38
5081,Ta15Ti30Nb45V23W15,166.762049,0,45,15,30,23,15,0
5073,Zr15Ti30Nb15V23Mo45,159.421007,45,15,0,30,23,0,15
5018,Zr38Ta15Ti15Nb60,126.729801,0,60,15,15,0,0,38
5029,Zr38Ta60V15W15,151.178881,0,0,60,0,15,15,38
5068,Zr15Ta30Ti23Nb15Mo45,172.381118,45,15,30,23,0,0,15
5066,Ta30Ti23Nb15V15Mo45,190.456402,45,15,30,23,15,0,0
5086,Zr15Ta45Ti15V30W23,168.507538,0,0,45,15,30,23,15
5027,Zr38Ta60Ti15V15,131.964112,0,0,60,15,15,0,38
5017,Ta15Ti15Nb60W38,197.898504,0,60,15,15,0,38,0
5109,Zr53Ta15Ti15Nb45,115.237793,0,45,15,15,0,0,53
5136,Zr45Ti15V30Mo23W15,135.049535,23,0,0,15,30,15,45
5146,Ta23Nb30V30Mo15W30,213.482043,15,30,23,0,30,30,0
5137,Ta15Ti30Nb23V15W45,193.742854,0,23,15,30,15,45,0
5154,Zr30Ta30Ti23V30Mo15,134.32258,15,0,30,23,30,0,30
5140,Zr45Ta15Nb23V30W15,131.717482,0,23,15,0,30,15,45
5147,Zr30Ta23Nb30V30Mo15,148.204055,15,30,23,0,30,0,30
5149,Ti23Nb30V30Mo15W30,192.417639,15,30,0,23,30,30,0
5095,Zr53Nb15V15Mo45,137.505054,45,15,0,0,15,0,53
5130,Zr45Ti30Nb15Mo23W15,131.158457,23,15,0,30,0,15,45
5106,Zr53V15Mo45W15,147.34431,45,0,0,0,15,15,53
5123,Ta30Ti15Nb15Mo23W45,225.245408,23,15,30,15,0,45,0
5155,Zr30Ta30Ti23Mo15W30,159.869566,15,0,30,23,0,30,30
5131,Zr45Nb15V30Mo23W15,142.782386,23,15,0,0,30,15,45
5107,Ta15Ti15Nb45V53,165.641833,0,45,15,15,53,0,0
5153,Ta30Ti23V30Mo15W30,199.274485,15,0,30,23,30,30,0
5101,Zr53Ta15V15Mo45,139.977383,45,0,15,0,15,0,53
5093,Zr53Ti15Nb15Mo45,131.995934,45,15,0,15,0,0,53
5141,Zr45Ti15Nb23V30W15,122.46041,0,23,0,15,30,15,45
5100,Ta15V15Mo45W53,263.11592,45,0,15,0,15,53,0
5152,Zr30Nb30V23Mo15W30,166.789853,15,30,0,0,23,30,30
5139,Zr45Ta15Ti30Nb23W15,122.357763,0,23,15,30,0,15,45
5092,Ti15Nb15Mo45W53,242.700687,45,15,0,15,0,53,0
5108,Ta15Ti15Nb45W53,211.847329,0,45,15,15,0,53,0
5138,Zr45Ta15Ti30Nb23V15,114.225032,0,23,15,30,15,0,45
5224,Ti30V68W30,180.806666,0,0,0,30,68,30,0
5223,Zr30Ta30W68,201.315354,0,0,30,0,0,68,30
5190,Zr15Ta30Ti30V15Mo15W23,165.601696,15,0,30,30,15,23,15
5162,Zr30Ti30Nb15V23W30,138.75917,0,15,0,30,23,30,30
5229,Ta15Ti15Nb60Mo23W15,193.143546,23,60,15,15,0,15,0
5191,Zr15Ta30Ti30Nb15V15W23,156.83532,0,15,30,30,15,23,15
5208,Ta68Ti30Nb30,165.298018,0,30,68,30,0,0,0
5185,Ta30Ti15Nb30V23Mo15W15,190.322907,15,30,30,15,23,15,0
5197,Zr30Nb68Mo30,153.540296,30,68,0,0,0,0,30
5211,Zr30Ta68Nb30,150.372948,0,30,68,0,0,0,30
5199,Ta68V30Mo30,203.950429,30,0,68,0,30,0,0
5225,Zr30Ti30V68,120.085941,0,0,0,30,68,0,30
5163,Zr30Ta15Ti30V23W30,141.679994,0,0,15,30,23,30,30
5176,Zr30Ta30Ti15Mo38W15,168.648022,38,0,30,15,0,15,30
5212,Ti68Nb30V30,129.953969,0,30,0,68,30,0,0
5196,Nb68Mo30W30,217.774822,30,68,0,0,0,30,0
5170,Ti15Nb30V15Mo38W30,213.588713,38,30,0,15,15,30,0
5198,Ta68Ti30Mo30,182.840147,30,0,68,30,0,0,0
5206,Zr30V68Mo30,149.901361,30,0,0,0,68,0,30
5220,Zr30Ta30Ti68,110.451854,0,0,30,68,0,0,30
5230,Zr15Ta15Ti15Nb60Mo23,160.397096,23,60,15,15,0,0,15
5164,Ta15Ti15Nb30V30Mo38,189.758896,38,30,15,15,30,0,0
5201,Zr30Ta68Mo30,167.70466,30,0,68,0,0,0,30
5222,Zr30Ta30V68,139.543759,0,0,30,0,68,0,30
5215,Nb30V68W30,202.239767,0,30,0,0,68,30,0
5214,Zr30Ti68Nb30,106.623353,0,30,0,68,0,0,30
5178,Zr30Ti30V15Mo38W15,151.453076,38,0,0,30,15,15,30
5213,Ti68Nb30W30,150.990031,0,30,0,68,0,30,0
5171,Zr30Ti15Nb30V15Mo38,149.419135,38,30,0,15,15,0,30
5165,Ta15Ti15Nb30Mo38W30,216.570396,38,30,15,15,0,30,0
5216,Zr30Nb30V68,134.314313,0,30,0,0,68,0,30
5303,Zr15Ta23Nb30Mo45W15,200.129043,45,30,23,0,0,15,15
5285,Zr15Ta15Ti38Nb15V15Mo30,149.057131,30,15,15,38,15,0,15
5291,Ta38Ti15Nb15V30Mo15W15,191.906198,15,15,38,15,30,15,0
5279,Ta30Ti53V15W30,165.303495,0,0,30,53,15,30,0
5278,Zr30Nb30V53W15,144.715348,0,30,0,0,53,15,30
5264,Zr30Ta53Mo30W15,176.868618,30,0,53,0,0,15,30
5248,Zr15Ta23Ti60V15W15,132.846761,0,0,23,60,15,15,15
5298,Ta23Ti15Nb30V15Mo45,194.801855,45,30,23,15,15,0,0
5247,Zr15Ti60Nb23V15W15,129.170201,0,23,0,60,15,15,15
5265,Ti53V15Mo30W30,181.334059,30,0,0,53,15,30,0
5277,Zr30Ti53Nb30W15,120.444692,0,30,0,53,0,15,30
5271,Zr30Ta53Ti15Nb30,139.86739,0,30,53,15,0,0,30
5284,Ta15Ti38Nb15V15Mo30W15,180.736638,30,15,15,38,15,15,0
5290,Zr15Ta15Ti15Nb30V38W15,157.158754,0,30,15,15,38,15,15
5305,Zr15Ti23Nb30V15Mo45,165.194022,45,30,0,23,15,0,15
5302,Zr15Ta23Nb30V15Mo45,185.648781,45,30,23,0,15,0,15
5283,Zr30Ti30V53W15,128.912813,0,0,0,30,53,15,30
5252,Zr30Ta15Nb53Mo30,157.719311,30,53,15,0,0,0,30
5270,Ta53Ti15Nb30W30,198.21438,0,30,53,15,0,30,0
5254,Ti15Nb53Mo30W30,208.37371,30,53,0,15,0,30,0
5249,Ta15Ti30Nb53Mo30,172.949813,30,53,15,30,0,0,0
5253,Ti15Nb53V30Mo30,180.013983,30,53,0,15,30,0,0
5240,Zr15Ta60Ti15Mo23W15,182.502821,23,0,60,15,0,15,15
5282,Zr30Ta30V53W15,150.163521,0,0,30,0,53,15,30
5276,Zr30Ti53Nb30V15,113.721993,0,30,0,53,15,0,30
5246,Zr15Ta60Nb23V15W15,178.167473,0,23,60,0,15,15,15
5241,Zr15Ta60V15Mo23W15,192.219144,23,0,60,0,15,15,15
5263,Zr30Ta53V15Mo30,163.144647,30,0,53,0,15,0,30
5304,Ti23Nb30V15Mo45W15,198.699795,45,30,0,23,15,15,0
5239,Zr15Ta60Ti15V15Mo23,168.157233,23,0,60,15,15,0,15
5237,Zr15Nb60V15Mo23W15,179.454093,23,60,0,0,15,15,15
5350,Zr38Ta15Nb30V15Mo15W15,151.169701,15,30,15,0,15,15,38
5310,Zr15Ta30Ti23Mo45W15,184.415725,45,0,30,23,0,15,15
5334,Ta30Ti15Nb45V23W15,180.499943,0,45,30,15,23,15,0
5344,Zr15Ti23Nb30V15Mo15W30,171.843703,15,30,0,23,15,30,15
5368,Zr30Ti15V45Mo15W23,151.921985,15,0,0,15,45,23,30
5357,Ta45Nb15V23Mo15W30,217.90496,15,15,45,0,23,30,0
5361,Zr30Ti45Nb15V23Mo15,121.643148,15,15,0,45,23,0,30
5345,Zr15Ta30Ti23V15Mo15W30,177.557735,15,0,30,23,15,30,15
5359,Zr30Ta45Nb15Mo15W23,174.167436,15,15,45,0,0,23,30
5342,Zr15Ta23Ti15Nb30Mo15W30,182.609339,15,30,23,15,0,30,15
5372,Zr30Ta15Nb15V45W23,155.473051,0,15,15,0,45,23,30
5335,Zr15Ta30Ti15Nb45V23,149.071458,0,45,30,15,23,0,15
5367,Zr30Ta15V45Mo15W23,164.649223,15,0,15,0,45,23,30
5356,Zr30Ta45Ti23Nb15Mo15,141.506021,15,15,45,23,0,0,30
5328,Zr15Nb30V15Mo45W23,203.399237,45,30,0,0,15,23,15
5311,Zr15Ta30V23Mo45W15,200.562551,45,0,30,0,23,15,15
5374,Zr30Ta15Ti15V45W23,146.353592,0,0,15,15,45,23,30
5366,Zr30Ta15Ti45Mo15W23,140.667934,15,0,15,45,0,23,30
5333,Zr15Ti30V15Mo45W23,181.505571,45,0,0,30,15,23,15
5329,Ta30Ti15V23Mo45W15,211.069007,45,0,30,15,23,15,0
5358,Zr30Ta45Nb15V23Mo15,152.832375,15,15,45,0,23,0,30
5369,Ta15Ti45Nb15V23W30,169.198727,0,15,15,45,23,30,0
5386,Zr30Ta15Ti53V15Mo15,118.258704,15,0,15,53,15,0,30
5351,Zr38Ti15Nb30V15Mo15W15,139.651642,15,30,0,15,15,15,38
5360,Ti45Nb15V23Mo15W30,177.594123,15,15,0,45,23,30,0
5373,Zr30Ti15Nb15V45W23,143.835604,0,15,0,15,45,23,30
5388,Zr30Ta15V53Mo15W15,155.652123,15,0,15,0,53,15,30
5381,Ti53Nb15V15Mo15W30,170.073438,15,15,0,53,15,30,0
5375,Ta53Ti15Nb15V30Mo15,181.205552,15,15,53,15,30,0,0
5343,Zr15Ta23Nb30V15Mo15W30,191.758518,15,30,23,0,15,30,15
5332,Zr15Ta30V15Mo45W23,209.560303,45,0,30,0,15,23,15
5428,Zr23Ti15V90,131.781873,0,0,0,15,90,0,23
5393,Zr30Ta15Nb15V53W15,146.609417,0,15,15,0,53,15,30
5440,Nb23W105,282.459417,0,23,0,0,0,105,0
5403,Ta90Mo15W23,220.743879,15,0,90,0,0,23,0
5426,Zr23Ta15W90,228.781596,0,0,15,0,0,90,23
5429,Zr23Ti15W90,214.937737,0,0,0,15,0,90,23
5402,Ta90V23Mo15,199.465978,15,0,90,0,23,0,0
5457,Ti38Nb45Mo15W30,181.55916,15,45,0,38,0,30,0
5450,Zr105V23,93.096777,0,0,0,0,23,0,105
5447,Ti23W105,262.745925,0,0,0,23,0,105,0
5444,Ta23W105,283.807036,0,0,23,0,0,105,0
5395,Zr30Ta15Ti15V53W15,133.169263,0,0,15,15,53,15,30
5392,Zr30Ta15Ti53Nb15W15,123.752963,0,15,15,53,0,15,30
2234,Ta15Ti15Nb15V53Mo30,184.949323,30,15,15,15,53,0,0
2180,Zr30Ta23Ti15Nb15Mo45,158.424662,45,15,23,15,0,0,30
2194,Zr30Ta15Ti23Nb45V15,127.115847,0,45,15,23,15,0,30
2175,Zr30Ta15Nb45V15W23,156.596375,0,45,15,0,15,23,30
2181,Ta23Nb15V15Mo45W30,236.540088,45,15,23,0,15,30,0
2189,Zr30Ta15Ti23V15Mo45,149.047733,45,0,15,23,15,0,30
2173,Zr30Ta15Ti15Nb45V23,132.387709,0,45,15,15,23,0,30
2227,Zr45Ti15Nb38W30,136.801902,0,38,0,15,0,30,45
2218,Zr45V15Mo38W30,165.294479,38,0,0,0,15,30,45
2166,Zr30Nb15V15Mo45W23,183.553035,45,15,0,0,15,23,30
2168,Zr30Ta15Ti15V23Mo45,154.901437,45,0,15,15,23,0,30
2188,Ta15Ti23V15Mo45W30,217.691235,45,0,15,23,15,30,0
2203,Ti30Nb15V45Mo38,176.303408,38,15,0,30,45,0,0
2237,Ta15Nb15V15Mo30W53,246.895594,30,15,15,0,15,53,0
2174,Zr30Ta15Ti15Nb45W23,149.591354,0,45,15,15,0,23,30
2233,Zr45Ti38V15W30,123.36581,0,0,0,38,15,30,45
2220,Ta15Ti30Nb38W45,194.218965,0,38,15,30,0,45,0
2172,Ta15Ti15Nb45V23W30,190.352094,0,45,15,15,23,30,0
2272,Zr38Ta60Nb15Mo15,148.989076,15,15,60,0,0,0,38
2244,Ta15Ti15V15Mo30W53,234.881131,30,0,15,15,15,53,0
2288,Zr38V15Mo15W60,184.312417,15,0,0,0,15,60,38
2250,Zr53Ta15Ti15Nb30V15,114.552989,0,30,15,15,15,0,53
2245,Zr53Ta15Ti15V15Mo30,126.021017,30,0,15,15,15,0,53
2269,Ta60Ti38Nb15Mo15,165.637343,15,15,60,38,0,0,0
2256,Zr15Ta15Ti30Nb38V15Mo15,145.19813,15,38,15,30,15,0,15
2258,Zr15Ta15Nb38V30Mo15W15,177.257163,15,38,15,0,30,15,15
2267,Zr15Ta30Ti23V15Mo30W15,174.161491,30,0,30,23,15,15,15
2243,Zr53Nb15V15Mo30W15,142.074728,30,15,0,0,15,15,53
2308,Zr30Ti15Nb15V38Mo15W15,144.185683,15,15,0,15,38,15,30
2268,Zr15Ta30Ti23Nb30V15W15,155.954118,0,30,30,23,15,15,15
2273,Ti60Nb15V38Mo15,141.568996,15,15,0,60,38,0,0
2286,Zr38Ti15V60Mo15,122.984348,15,0,0,15,60,0,38
2294,Zr38Ta15Nb15W60,180.539354,0,15,15,0,0,60,38
2295,Ti15Nb15V60W38,199.046968,0,15,0,15,60,38,0
2306,Zr30Ta15Ti38Nb15Mo15W15,136.64918,15,15,15,38,0,15,30
2266,Zr15Ti23Nb30V15Mo30W15,168.850424,30,30,0,23,15,15,15
2260,Zr15Ta38Ti15V30Mo15W15,171.128902,15,0,38,15,30,15,15
2259,Zr15Ti15Nb38V30Mo15W15,164.446682,15,38,0,15,30,15,15
2261,Zr15Ta38Ti15Nb15V30W15,161.003866,0,15,38,15,30,15,15
2251,Zr53Ta15Ti15Nb30W15,123.854925,0,30,15,15,0,15,53
2242,Zr53Ti15Nb15Mo30W15,134.688474,30,15,0,15,0,15,53
2257,Zr15Ta15Ti30Nb38Mo15W15,158.190998,15,38,15,30,0,15,15
2292,Ta15Nb15V60W38,211.798771,0,15,15,0,60,38,0
2307,Zr30Ta15Nb15V38Mo15W15,156.47697,15,15,15,0,38,15,30
2293,Zr38Ta15Nb15V60,127.875815,0,15,15,0,60,0,38
2362,Ta30Nb15V23Mo60,217.667133,60,15,30,0,23,0,0
2376,Zr23Ta15Mo60W30,212.490622,60,0,15,0,0,30,23
2340,Ta30Ti15Nb45Mo23W15,195.056741,23,45,30,15,0,15,0
2354,Ta45Ti30Nb23V15W15,172.208305,0,23,45,30,15,15,0
2323,Zr15Ta45Nb15Mo38W15,198.482725,38,15,45,0,0,15,15
2313,Zr15Ta15Ti15Nb23Mo45W15,188.092216,45,23,15,15,0,15,15
2339,Ta30Ti15Nb45V15Mo23,182.138226,23,45,30,15,15,0,0
2385,Zr23Ta15Nb60V30,146.407723,0,60,15,0,30,0,23
2377,Ti15V30Mo60W23,225.484376,60,0,0,15,30,23,0
2379,Zr23Ti15Mo60W30,197.86287,60,0,0,15,0,30,23
2314,Zr15Ta15Nb23V15Mo45W15,199.071701,45,23,15,0,15,15,15
2312,Zr15Ta15Ti15Nb23V15Mo45,174.511538,45,23,15,15,15,0,15
2315,Zr15Ti15Nb23V15Mo45W15,185.593575,45,23,0,15,15,15,15
2384,Ta15Nb60V30W23,194.665592,0,60,15,0,30,23,0
2355,Zr15Ta45Ti30Nb23V15,142.976012,0,23,45,30,15,0,15
2346,Zr15Ti30Nb45V15Mo23,148.077289,23,45,0,30,15,0,15
2325,Zr15Ti45Nb15V15Mo38,147.734675,38,15,0,45,15,0,15
2364,Zr23Ta30Nb15Mo60,187.747787,60,15,30,0,0,0,23
2371,Ta15Ti30V23Mo60,193.415665,60,0,15,30,23,0,0
2341,Zr15Ta30Ti15Nb45Mo23,164.494844,23,45,30,15,0,0,15
2363,Ta30Nb15Mo60W23,240.833632,60,15,30,0,0,23,0
2365,Ti30Nb15V23Mo60,191.38947,60,15,0,30,23,0,0
2348,Zr15Nb45V30Mo23W15,179.31275,23,45,0,0,30,15,15
2338,Zr15Ta38Ti15V45W15,161.669033,0,0,38,15,45,15,15
2349,Ta45Ti30V15Mo23W15,187.73305,23,0,45,30,15,15,0
2324,Ti45Nb15V15Mo38W15,179.238066,38,15,0,45,15,15,0
2322,Zr15Ta45Nb15V15Mo38,184.287432,38,15,45,0,15,0,15
2382,Ta15Ti30Nb60W23,174.240837,0,60,15,30,0,23,0
2370,Zr23Nb15Mo60W30,208.754702,60,15,0,0,0,30,23
2383,Zr23Ta15Ti30Nb60,132.220304,0,60,15,30,0,0,23
2347,Zr15Ti30Nb45Mo23W15,161.184591,23,45,0,30,0,15,15
2378,Zr23Ti15V30Mo60,168.790541,60,0,0,15,30,0,23
2353,Zr15Ti45V30Mo23W15,149.548089,23,0,0,45,30,15,15
2401,Ti30Nb30V30Mo38,176.418012,38,30,0,30,30,0,0
2459,Zr15Ti45Nb30V38,126.319661,0,30,0,45,38,0,15
2425,Zr30Ti30Nb38W30,141.913735,0,38,0,30,0,30,30
2430,Zr30Ta38V30W30,166.175714,0,0,38,0,30,30,30
2457,Zr15Ta45Nb30W38,195.202519,0,30,45,0,0,38,15
2415,Zr30Ti30Mo38W30,165.20749,38,0,0,30,0,30,30
2454,Zr15Ta45Ti38Nb30,140.192421,0,30,45,38,0,0,15
2437,Ti38Nb45Mo30W15,178.049782,30,45,0,38,0,15,0
2391,Ta60Ti15V30W23,193.778558,0,0,60,15,30,23,0
2453,Ta45Ti38Nb30W15,167.598732,0,30,45,38,0,15,0
2455,Ta45Nb30V38W15,194.257753,0,30,45,0,38,15,0
2412,Zr30Ta30Mo38W30,191.703422,38,0,30,0,0,30,30
2431,Zr30Ti38V30W30,136.005397,0,0,0,38,30,30,30
2414,Zr30Ti30V30Mo38,140.277476,38,0,0,30,30,0,30
2438,Zr15Ti38Nb45Mo30,146.739871,30,45,0,38,0,0,15
2436,Ti38Nb45V15Mo30,163.229361,30,45,0,38,15,0,0
2452,Ta45Ti38Nb30V15,155.402251,0,30,45,38,15,0,0
2447,Zr15Ta45Mo30W38,216.548406,30,0,45,0,0,38,15
2461,Zr15Nb30V45W38,184.258428,0,30,0,0,45,38,15
2409,Zr30Ta30Ti30Mo38,146.319103,38,0,30,30,0,0,30
2424,Zr30Ti30Nb38V30,121.863554,0,38,0,30,30,0,30
2450,Zr15Ti45Mo30W38,175.794528,30,0,0,45,0,38,15
2396,Zr15Ta15Ti15Nb23V30Mo15W15,167.090938,15,23,15,15,30,15,15
2440,Zr15Nb45V38Mo30,168.669267,30,45,0,0,38,0,15
2449,Zr15Ti45V38Mo30,140.255488,30,0,0,45,38,0,15
2406,Zr30Nb30Mo38W30,187.315652,38,30,0,0,0,30,30
2408,Ta30Ti30Mo38W30,209.276033,38,0,30,30,0,30,0
2439,Nb45V38Mo30W15,207.163241,30,45,0,0,38,15,0
2400,Zr30Ta30Nb30Mo38,164.738975,38,30,30,0,0,0,30
2407,Ta30Ti30V30Mo38,181.905559,38,0,30,30,30,0,0
2422,Zr30Ta30Nb38W30,168.311003,0,38,30,0,0,30,30
2528,Ti60Nb53V15,134.760228,0,53,0,60,15,0,0
2482,Ta60Ti15Nb15V23W15,186.079816,0,15,60,15,23,15,0
2464,Zr15Ta30Ti45W38,161.378162,0,0,30,45,0,38,15
2471,Zr15Ta15Nb60V23Mo15,163.770954,15,60,15,0,23,0,15
2463,Zr15Ta30Ti45V38,131.516196,0,0,30,45,38,0,15
2476,Zr15Nb60V15Mo15W23,182.282914,15,60,0,0,15,23,15
2496,Zr15Ti23Nb60Mo15W15,159.503635,15,60,0,23,0,15,15
2532,Zr15Nb53V60,151.902999,0,53,0,0,60,0,15
2502,Zr15Ti60V23Mo15W15,135.969959,15,0,0,60,23,15,15
2503,Ta60Ti23Nb15V15W15,181.016077,0,15,60,23,15,15,0
2520,Zr15Ti60Mo53,147.510577,53,0,0,60,0,0,15
2478,Zr15Ta60Ti15V23Mo15,162.10634,15,0,60,15,23,0,15
2495,Zr15Ti23Nb60V15Mo15,146.712368,15,60,0,23,15,0,15
2534,Ta53Ti60V15,143.439697,0,0,53,60,15,0,0
2510,Ti15Nb60Mo53,197.440081,53,60,0,15,0,0,0
2511,Nb60V15Mo53,208.992502,53,60,0,0,15,0,0
2491,Ta23Nb60V15Mo15W15,199.38274,15,60,23,0,15,15,0
2465,Zr15Ta30V45W38,190.559266,0,0,30,0,45,38,15
2499,Zr15Ta60Ti23V15Mo15,157.606936,15,0,60,23,15,0,15
2529,Ti60Nb53W15,144.167901,0,53,0,60,0,15,0
2490,Zr15Ta23Ti15Nb60Mo15,157.324128,15,60,23,15,0,0,15
2468,Ta15Ti23Nb60Mo15W15,181.87766,15,60,15,23,0,15,0
2485,Zr15Ta60Nb15V15W23,184.455611,0,15,60,0,15,23,15
2526,Ta60Nb53W15,197.354221,0,53,60,0,0,15,0
2527,Zr15Ta60Nb53,168.606126,0,53,60,0,0,0,15
2498,Ta60Ti23V15Mo15W15,190.542785,15,0,60,23,15,15,0
2516,Ta60Mo53W15,234.446672,53,0,60,0,0,15,0
2535,Ta53Ti60W15,153.009909,0,0,53,60,0,15,0
2533,Zr15Nb53W60,206.566227,0,53,0,0,0,60,15
2504,Zr15Ta60Ti23Nb15V15,149.18605,0,15,60,23,15,0,15
2517,Zr15Ta60Mo53,198.178801,53,0,60,0,0,0,15
2521,V60Mo53W15,227.25349,53,0,0,0,60,15,0
2492,Zr15Ta23Nb60V15Mo15,166.545821,15,60,23,0,15,0,15
2519,Ti60Mo53W15,178.012773,53,0,0,60,0,15,0
2462,Ta30Ti45V38W15,159.193679,0,0,30,45,38,15,0
2518,Ti60V15Mo53,163.384797,53,0,0,60,15,0,0
2497,Zr15Nb60V23Mo15W15,173.259549,15,60,0,0,23,15,15
2587,Zr15Ta15Ti15Nb23V30Mo30,162.281403,30,23,15,15,30,0,15
2588,Zr15Ta15Ti15Nb23Mo30W30,189.72102,30,23,15,15,0,30,15
2573,Zr23Ta60Ti30Nb15,138.264348,0,15,60,30,0,0,23
2550,Zr15Ta15Ti15Nb15V53W15,156.534547,0,15,15,15,53,15,15
2603,Ta15Ti45V23Mo45,172.190749,45,0,15,45,23,0,0
2545,Zr15Ta15Ti53Nb15V15Mo15,132.20736,15,15,15,53,15,0,15
2560,Zr23Nb60Mo15W30,179.504285,15,60,0,0,0,30,23
2568,Zr23Ti60V30Mo15,119.215848,15,0,0,60,30,0,23
2586,Ta15Ti15Nb23V30Mo30W15,197.582621,30,23,15,15,30,15,0
2589,Zr15Ta15Nb23V15Mo30W30,200.358605,30,23,15,0,15,30,15
2556,Ti30Nb60Mo15W23,181.070368,15,60,0,30,0,23,0
2574,Ta60Nb15V30W23,203.936088,0,15,60,0,30,23,0
2551,Ta30Ti23Nb60Mo15,172.238203,15,60,30,23,0,0,0
2580,Zr23Nb15V60W30,164.506483,0,15,0,0,60,30,23
2544,Ta15Ti53Nb15V15Mo15W15,158.99631,15,15,15,53,15,15,0
2569,Zr23Ti60Mo15W30,140.749684,15,0,0,60,0,30,23
2543,Zr15V53W60,208.596085,0,0,0,0,53,60,15
2542,Zr15Ti53W60,168.26025,0,0,0,53,0,60,15
2572,Ta60Ti30Nb15W23,181.859174,0,15,60,30,0,23,0
2557,Zr23Ti30Nb60Mo15,135.866545,15,60,0,30,0,0,23
2604,Ta15Ti45Mo45W23,193.386559,45,0,15,45,0,23,0
2581,Ta15Ti60V30W23,153.282425,0,0,15,60,30,23,0
2602,Zr23Nb15Mo45W45,214.269535,45,15,0,0,0,45,23
2575,Zr23Ta60Nb15V30,154.692328,0,15,60,0,30,0,23
2650,Zr30Ta15Ti15Nb68,133.046155,0,68,15,15,0,0,30
2665,Ta75Nb23Mo15W15,207.932795,15,23,75,0,0,15,0
2616,Ta15Nb45V45W23,195.781312,0,45,15,0,45,23,0
2669,Zr15Ti75Nb23Mo15,119.910524,15,23,0,75,0,0,15
2659,Zr30Ta68Ti15V15,140.46162,0,0,68,15,15,0,30
2628,Ta15Ti30Nb15Mo68,197.781762,68,15,15,30,0,0,0
2610,Zr23Ti15V45Mo45,159.835408,45,0,0,15,45,0,23
2651,Ta15Nb68V15W30,201.182746,0,68,15,0,15,30,0
2661,Zr30Ta68V15W15,159.86006,0,0,68,0,15,15,30
2662,Zr30Ti68V15W15,113.652758,0,0,0,68,15,15,30
2629,Ta15Nb15V30Mo68,220.518212,68,15,15,0,30,0,0
2621,Zr23Ti15Nb45W45,173.285127,0,45,0,15,0,45,23
2656,Zr30Ti15Nb68W15,139.533255,0,68,0,15,0,15,30
2633,Ti15Nb15Mo68W30,235.560784,68,15,0,15,0,30,0
2660,Zr30Ta68Ti15W15,151.55717,0,0,68,15,0,15,30
2626,Zr23Ta45V15W45,192.03612,0,0,45,0,15,45,23
2605,Zr23Ta15Ti45Mo45,145.474271,45,0,15,45,0,0,23
2627,Zr23Ti45V15W45,152.55397,0,0,0,45,15,45,23
2634,Zr30Ti15Nb15Mo68,167.912926,68,15,0,15,0,0,30
2635,Nb15V15Mo68W30,246.444204,68,15,0,0,15,30,0
2620,Zr23Ti15Nb45V45,133.790703,0,45,0,15,45,0,23
2667,Ti75Nb23V15Mo15,132.545044,15,23,0,75,15,0,0
2644,Ti15V15Mo68W30,237.148977,68,0,0,15,15,30,0
2658,Ta68Ti15V15W30,202.531789,0,0,68,15,15,30,0
2632,Ti15Nb15V30Mo68,206.610879,68,15,0,15,30,0,0
2653,Zr30Ta15Nb68W15,151.478843,0,68,15,0,0,15,30
2668,Ti75Nb23Mo15W15,143.722934,15,23,0,75,0,15,0
2666,Zr15Ta75Nb23Mo15,178.842599,15,23,75,0,0,0,15
2618,Zr23Ta15Nb45W45,186.082782,0,45,15,0,0,45,23
2657,Zr30Nb68V15W15,147.216477,0,68,0,0,15,15,30
2643,Zr30Ta15Mo68W15,194.022241,68,0,15,0,0,15,30
2713,Zr53Ta30V30Mo15,126.047212,15,0,30,0,30,0,53
2746,Ta30Ti23Mo75,210.467129,75,0,30,23,0,0,0
2730,Zr53Ta15Ti30V30,106.737327,0,0,15,30,30,0,53
2731,Zr53Ta15Ti30W30,124.722749,0,0,15,30,0,30,53
2725,Ti30Nb15V30W53,199.892719,0,15,0,30,30,53,0
2740,Zr15Ta15Ti23Nb30V15W30,165.026934,0,30,15,23,15,30,15
2723,Zr53Ta30Nb15V30,120.508247,0,15,30,0,30,0,53
2686,Ta23Nb15V75W15,193.114306,0,15,23,0,75,15,0
2692,Zr15Nb15V23W75,223.147598,0,15,0,0,23,75,15
2739,Zr15Ta15Ti23V15Mo30W30,185.016458,30,0,15,23,15,30,15
2714,Zr53Ta30Mo15W30,149.806919,15,0,30,0,0,30,53
2706,Nb30V30Mo15W53,233.856563,15,30,0,0,30,53,0
2695,Zr15Ta15Ti23W75,207.694966,0,0,15,23,0,75,15
2681,Zr15Ti23Mo15W75,215.941323,15,0,0,23,0,75,15
2712,Ta30V30Mo15W53,238.455558,15,0,30,0,30,53,0
2736,Zr15Ta23Ti15Nb15Mo30W30,192.681312,30,15,23,15,0,30,15
2741,Ta23Nb30Mo75,227.097739,75,30,23,0,0,0,0
2672,Zr15Nb23Mo15W75,232.589141,15,23,0,0,0,75,15
2696,Zr15Ta15V23W75,225.775849,0,0,15,0,23,75,15
2700,Ta30Nb30V53Mo15,188.827282,15,30,30,0,53,0,0
2688,Zr15Ta23Nb15W75,228.068119,0,15,23,0,0,75,15
2701,Ta30Nb30Mo15W53,239.372707,15,30,30,0,0,53,0
2698,Zr30Ta15Ti15Nb15V15Mo15W23,155.127664,15,15,15,15,15,23,30
2694,Zr15Ta15Ti23V75,139.167016,0,0,15,23,75,0,15
2722,Ta30Nb15V30W53,229.088777,0,15,30,0,30,53,0
2737,Zr15Ta23Nb15V15Mo30W30,203.351903,30,15,23,0,15,30,15
2675,Zr15Ta23Ti75Mo15,122.773663,15,0,23,75,0,0,15
2715,Ti30V30Mo15W53,211.209256,15,0,0,30,30,53,0
2691,Zr15Ti23Nb15W75,204.499242,0,15,0,23,0,75,15
2708,Zr53Nb30Mo15W30,144.565454,15,30,0,0,0,30,53
2693,Ta15Ti23V75W15,174.064929,0,0,15,23,75,15,0
2724,Zr53Ta30Nb15W30,141.98531,0,15,30,0,0,30,53
2782,Zr15Ta30Nb23Mo30W30,205.029412,30,23,30,0,0,30,15
2783,Ti30Nb23V30Mo30W15,183.752103,30,23,0,30,30,15,0
2747,Ta30V23Mo75,229.740036,75,0,30,0,23,0,0
2785,Zr15Ti30Nb23Mo30W30,177.955062,30,23,0,30,0,30,15
2771,Zr23Ta75W30,185.334779,0,0,75,0,0,30,23
2805,Zr53Ti15Nb15V30Mo15,116.548644,15,15,0,15,30,0,53
2779,Zr15Ta30Ti30Nb23Mo30,157.520094,30,23,30,30,0,0,15
2754,Zr23V30Mo75,191.904305,75,0,0,0,30,0,23
2801,Ta15Nb15V30Mo15W53,236.931194,15,15,15,0,30,53,0
2811,Zr53Ta15V15Mo15W30,146.48882,15,0,15,0,15,30,53
2808,Ta15Ti15V30Mo15W53,226.105411,15,0,15,15,30,53,0
2818,Zr53Ta15Ti15V15W30,130.526934,0,0,15,15,15,30,53
2803,Zr53Ta15Nb15Mo15W30,149.36402,15,15,15,0,0,30,53
2762,Zr23Ti30Nb75,128.470373,0,75,0,30,0,0,23
2749,Zr23Ta30Mo75,198.111954,75,0,30,0,0,0,23
2802,Zr53Ta15Nb15V30Mo15,125.489513,15,15,15,0,30,0,53
2776,Zr15Ta30Ti23Nb15V15Mo15W15,164.081993,15,15,30,23,15,15,15
2784,Zr15Ti30Nb23V30Mo30,148.939209,30,23,0,30,30,0,15
2816,Zr53Ta15Nb15V15W30,138.665853,0,15,15,0,15,30,53
2806,Zr53Ti15Nb15Mo15W30,137.116477,15,15,0,15,0,30,53
2763,Nb75V30W23,192.315284,0,75,0,0,30,23,0
2778,Ta30Ti30Nb23Mo30W15,189.082523,30,23,30,30,0,15,0
2820,Zr30Ta15Ti23Nb15V15Mo30,141.602787,30,15,15,23,15,0,30
2777,Ta30Ti30Nb23V15Mo30,175.940792,30,23,30,30,15,0,0
2748,Ta30Mo75W23,249.330512,75,0,30,0,0,23,0
2770,Zr23Ta75V30,156.323597,0,0,75,0,30,0,23
2804,Ti15Nb15V30Mo15W53,223.296553,15,15,0,15,30,53,0
2857,Zr75Ta38W15,116.765771,0,0,38,0,0,15,75
2851,Zr75Nb38W15,112.50055,0,38,0,0,0,15,75
2843,Ta15Nb38V75,177.285036,0,38,15,0,75,0,0
2872,Ta15Ti15V15Mo53W30,229.071943,53,0,15,15,15,30,0
2829,Nb15V75Mo38,202.619895,38,15,0,0,75,0,0
2881,Zr30Ti15Nb53V15W15,138.193288,0,53,0,15,15,15,30
2833,Ta15V75Mo38,204.888523,38,0,15,0,75,0,0
2856,Zr75Ta38V15,109.452834,0,0,38,0,15,0,75
2894,Zr30Ta15Ti38V30Mo15,125.974862,15,0,15,38,30,0,30
2839,V15Mo38W75,276.07557,38,0,0,0,15,75,0
2832,Ta15Ti75Mo38,147.861128,38,0,15,75,0,0,0
2860,Zr75Ti38W15,98.900785,0,0,0,38,0,15,75
2875,Zr30Ta15V15Mo53W15,182.181553,53,0,15,0,15,15,30
2830,Nb15Mo38W75,274.345376,38,15,0,0,0,75,0
2858,Ti38V15W75,216.122698,0,0,0,38,15,75,0
2886,Ta38Nb15V30Mo15W30,216.735586,15,15,38,0,30,30,0
2866,Zr30Ta15Nb15V15Mo53,168.17903,53,15,15,0,15,0,30
2859,Zr75Ti38V15,92.126726,0,0,0,38,15,0,75
2895,Zr30Ta15Ti38Mo15W30,149.214486,15,0,15,38,0,30,30
2869,Zr30Ti15Nb15V15Mo53,156.361603,53,15,0,15,15,0,30
2842,Ta15Ti75Nb38,130.269417,0,38,15,75,0,0,0
2861,Zr75V38W15,109.289591,0,0,0,0,38,15,75
2892,Zr30Nb15V38Mo15W30,168.032484,15,15,0,0,38,30,30
2867,Zr30Ta15Nb15Mo53W15,185.088508,53,15,15,0,0,15,30
2888,Zr30Ta38Nb15Mo15W30,176.88224,15,15,38,0,0,30,30
2834,Ta15Mo38W75,276.728656,38,0,15,0,0,75,0
2844,Ta15Nb38W75,246.224293,0,38,15,0,0,75,0
2893,Ta15Ti38V30Mo15W30,184.292084,15,0,15,38,30,30,0
2835,Zr75Ta15Mo38,120.885509,38,0,15,0,0,0,75
2827,Ta75Nb15Mo38,209.092239,38,15,75,0,0,0,0
2850,Zr75Nb38V15,103.927236,0,38,0,0,15,0,75
2868,Ti15Nb15V15Mo53W30,226.233638,53,15,0,15,15,30,0
2949,Ta30Nb30V30W38,211.323785,0,30,30,0,30,38,0
2953,Zr38Ti30Nb30V30,115.844057,0,30,0,30,30,0,38
2931,Ti30Nb30Mo30W38,204.012117,30,30,0,30,0,38,0
2971,Ta15Ti15V60Mo15W23,198.490641,15,0,15,15,60,23,0
2962,Ta15Ti60Nb15Mo15W23,161.825659,15,15,15,60,0,23,0
2925,Zr15Ta30Ti15Nb15V15Mo23W15,174.725346,23,15,30,15,15,15,15
2940,Zr38Ta30V30Mo30,148.983512,30,0,30,0,30,0,38
2924,Zr30Ta15Ti15V30W38,158.259982,0,0,15,15,30,38,30
2948,Zr38Ta30Ti30Nb30,121.216995,0,30,30,30,0,0,38
2912,Zr30Ti30Nb15Mo15W38,158.510876,15,15,0,30,0,38,30
2909,Zr30Ta30Nb15Mo15W38,183.755853,15,15,30,0,0,38,30
2908,Zr30Ta30Nb15V38Mo15,149.97443,15,15,30,0,38,0,30
2923,Zr30Ti15Nb15V30W38,155.62057,0,15,0,15,30,38,30
2914,Ta15Ti30V38Mo15W30,191.1202,15,0,15,30,38,30,0
2965,Zr23Ta15Nb15V60Mo15,152.773246,15,15,15,0,60,0,23
2946,Ta30Ti30Nb30V38,156.763847,0,30,30,30,38,0,0
2941,Zr38Ta30Mo30W30,177.121527,30,0,30,0,0,30,38
2947,Ta30Ti30Nb30W38,190.875435,0,30,30,30,0,38,0
2954,Zr38Ti30Nb30W30,135.021461,0,30,0,30,0,30,38
2964,Ta15Nb15V60Mo15W23,207.301839,15,15,15,0,60,23,0
2977,Zr23Ta15Ti15Nb15V60,135.880225,0,15,15,15,60,0,23
2922,Zr30Ta15Nb15V30W38,168.509401,0,15,15,0,30,38,30
2952,Ti30Nb30V30W38,184.491929,0,30,0,30,30,38,0
2976,Ta15Ti15Nb15V60W23,186.387749,0,15,15,15,60,23,0
2970,Zr23Nb15V15Mo15W60,207.695903,15,15,0,0,15,60,23
2906,Zr30Ta30Ti38Nb15Mo15,131.8504,15,15,30,38,0,0,30
2913,Zr30Nb15V30Mo15W38,175.526295,15,15,0,0,30,38,30
2915,Zr30Ta15Ti30V38Mo15,131.827766,15,0,15,30,38,0,30
3001,Zr15Ti15Nb15V30W53,188.697778,0,15,0,15,30,53,15
2983,Ta30Ti53Nb15Mo15W15,162.635384,15,15,30,53,0,15,0
2991,Zr15Nb15V30Mo15W53,211.423538,15,15,0,0,30,53,15
2979,Zr23Ta15Nb15V15W60,199.260928,0,15,15,0,15,60,23
3014,Zr30Ti60Mo38,124.733928,38,0,0,60,0,0,30
3038,Zr30Ta15Ti15Nb15V15Mo23W15,153.734256,23,15,15,15,15,15,30
3039,Ta30Nb45Mo53,213.06526,53,45,30,0,0,0,0
2998,Zr15Ta15Ti30Nb15V53,135.782242,0,15,15,30,53,0,15
2984,Zr15Ta30Ti53Nb15Mo15,136.346973,15,15,30,53,0,0,15
2978,Zr23Ta15Ti15Nb15W60,188.635338,0,15,15,15,0,60,23
3000,Zr15Ta15Nb15V30W53,202.03745,0,15,15,0,30,53,15
3036,Zr30Ti38W60,159.382482,0,0,0,38,0,60,30
3006,Nb60Mo38W30,222.798571,38,60,0,0,0,30,0
2982,Ta30Ti53Nb15V15Mo15,150.446845,15,15,30,53,15,0,0
3024,Zr30Ti60Nb38,110.247611,0,38,0,60,0,0,30
3040,Ti30Nb45Mo53,185.730218,53,45,0,30,0,0,0
3037,Zr30V38W60,185.313608,0,0,0,0,38,60,30
3031,Ta38V60W30,208.623562,0,0,38,0,60,30,0
3009,Ta60V30Mo38,207.435121,38,0,60,0,30,0,0
3007,Zr30Nb60Mo38,159.168955,38,60,0,0,0,0,30
3030,Zr30Ta38Ti60,114.661476,0,0,38,60,0,0,30
3008,Ta60Ti30Mo38,187.046905,38,0,60,30,0,0,0
2985,Ta30Nb15V53Mo15W15,202.046335,15,15,30,0,53,15,0
3112,Ta23Ti15V75Mo15,179.553639,15,0,23,15,75,0,0
3110,Zr75Nb23V15Mo15,107.174035,15,23,0,0,15,0,75
3052,Zr30V45Mo53,166.589557,53,0,0,0,45,0,30
3085,Zr45Ta15Nb23V30Mo15,130.8854,15,23,15,0,30,0,45
3062,Zr30Nb53V45,136.310366,0,53,0,0,45,0,30
3054,Ta45Ti30Nb53,161.089405,0,53,45,30,0,0,0
3065,Ta53Ti45W30,176.693457,0,0,53,45,0,30,0
3071,Zr30Ti53V45,110.72956,0,0,0,53,45,0,30
3096,Ta23Ti15Nb15V30W45,207.039918,0,15,23,15,30,45,0
3119,Zr75Ti23V15Mo15,101.477854,15,0,0,23,15,0,75
3118,Ti23V15Mo15W75,237.614749,15,0,0,23,15,75,0
3111,Zr75Nb23Mo15W15,118.326962,15,23,0,0,0,15,75
3055,Ta45Nb53V30,182.997595,0,53,45,0,30,0,0
3090,Zr45Nb23V15Mo15W30,151.553515,15,23,0,0,15,30,45
3116,Zr75Ta23V15Mo15,111.424004,15,0,23,0,15,0,75
3084,Ta15Nb23V30Mo15W45,228.464514,15,23,15,0,30,45,0
3102,Ta15Ti75Nb23Mo15,135.275021,15,23,15,75,0,0,0
3083,Zr45Ta15Ti30Nb23Mo15,119.64193,15,23,15,30,0,0,45
3063,Zr30Nb53W45,175.385499,0,53,0,0,0,45,30
3099,Zr45Ta23Nb15V15W30,146.683133,0,15,23,0,15,30,45
3076,Zr30Ta15Ti15Nb15Mo38W15,165.642794,38,15,15,15,0,15,30
3064,Ta53Ti45V30,150.270899,0,0,53,45,30,0,0
3105,Zr75Ta15Nb23Mo15,112.199161,15,23,15,0,0,0,75
3049,Ti45Mo53W30,203.998011,53,0,0,45,0,30,0
3098,Zr45Ta23Ti15Nb15W30,140.970491,0,15,23,15,0,30,45
3048,Ti45V30Mo53,176.125122,53,0,0,45,30,0,0
3053,Zr30Mo53W45,210.267671,53,0,0,0,0,45,30
3117,Zr75Ta23Mo15W15,121.013003,15,0,23,0,0,15,75
3091,Ta23Ti15V30Mo15W45,219.377968,15,0,23,15,30,45,0
3097,Zr45Ta23Ti15Nb15V30,118.600849,0,15,23,15,30,0,45
3082,Ta15Ti30Nb23Mo15W45,204.182816,15,23,15,30,0,45,0
3115,Ta23V15Mo15W75,265.714712,15,0,23,0,15,75,0
3188,Zr23Ta15Ti15Nb60V15,138.058781,0,60,15,15,15,0,23
3156,Zr15V60Mo30W23,194.47623,30,0,0,0,60,23,15
3150,Ta60V23Mo30W15,217.103749,30,0,60,0,23,15,0
3128,Ti23Nb15V15W75,227.106377,0,15,0,23,15,75,0
3186,Zr23Ti15V15Mo60W15,183.951023,60,0,0,15,15,15,23
3134,Zr75Ta15Ti23W15,106.412487,0,0,15,23,0,15,75
3172,Ta15Ti15Nb15V23Mo60,204.264641,60,15,15,15,23,0,0
3180,Zr23Ti15Nb15Mo60W15,185.227006,60,15,0,15,0,15,23
3129,Zr75Ti23Nb15V15,97.434814,0,15,0,23,15,0,75
3120,Zr75Ti23Mo15W15,109.24757,15,0,0,23,0,15,75
3167,Ta30Ti60V23W15,149.004012,0,0,30,60,23,15,0
3143,Zr15Ti23Nb60Mo30,155.3395,30,60,0,23,0,0,15
3158,Ta60Ti23Nb30W15,181.069906,0,30,60,23,0,15,0
3175,Ta15Nb15V15Mo60W23,238.869396,60,15,15,0,15,23,0
3189,Zr23Ta15Ti15Nb60W15,150.432329,0,60,15,15,0,15,23
3192,Zr23Ta60Ti15V15W15,155.656968,0,0,60,15,15,15,23
3151,Zr15Ta60V23Mo30,181.981073,30,0,60,0,23,0,15
3181,Zr23Nb15V15Mo60W15,195.881628,60,15,0,0,15,15,23
3144,Nb60V23Mo30W15,206.409582,30,60,0,0,23,15,0
3127,Zr75Ta23Nb15W15,115.888066,0,15,23,0,0,15,75
3133,Zr75Ta15Ti23V15,100.003951,0,0,15,23,15,0,75
3173,Ta15Ti15Nb15Mo60W23,226.149722,60,15,15,15,0,23,0
3168,Zr15Ta30Ti60V23,123.532546,0,0,30,60,23,0,15
3121,Zr75V23Mo15W15,115.674125,15,0,0,0,23,15,75
3142,Ti23Nb60Mo30W15,189.254125,30,60,0,23,0,15,0
3124,Zr75Ta23Ti15Nb15,103.753879,0,15,23,15,0,0,75
3157,Ta60Ti23Nb30V15,167.18848,0,30,60,23,15,0,0
3159,Zr15Ta60Ti23Nb30,149.976901,0,30,60,23,0,0,15
3187,Ta15Ti15Nb60V15W23,184.980594,0,60,15,15,15,23,0
3145,Zr15Nb60V23Mo30,169.639241,30,60,0,0,23,0,15
3174,Zr23Ta15Ti15Nb15Mo60,173.624838,60,15,15,15,0,0,23
3166,Zr15Nb30V60W23,171.810226,0,30,0,0,60,23,15
3126,Zr75Ta23Nb15V15,106.369777,0,15,23,0,15,0,75
3123,Ta23Ti15Nb15W75,236.08144,0,15,23,15,0,75,0
3205,Zr23Ta30Ti15Mo45W15,180.394017,45,0,30,15,0,15,23
3268,Ti30Mo60W38,227.155645,60,0,0,30,0,38,0
3233,Zr15Ti15Nb15V68W15,153.167666,0,15,0,15,68,15,15
3266,Zr38Ta30Mo60,170.958202,60,0,30,0,0,0,38
3219,Zr15Ta68Nb15Mo15W15,189.513951,15,15,68,0,0,15,15
3256,Zr15Ti23Nb45V15W30,162.132152,0,45,0,23,15,30,15
3267,Ti30V38Mo60,191.855099,60,0,0,30,38,0,0
3203,Ta30Ti15V15Mo45W23,219.366995,45,0,30,15,15,23,0
3202,Zr23Nb30V15Mo45W15,185.948335,45,30,0,0,15,15,23
3216,Zr15Ta68Ti15Nb15Mo15,165.669734,15,15,68,15,0,0,15
3234,Zr15Ta15Ti15V68W15,155.529636,0,0,15,15,68,15,15
3204,Zr23Ta30Ti15V15Mo45,165.678218,45,0,30,15,15,0,23
3258,Ta38Nb30Mo60,216.948187,60,30,38,0,0,0,0
3259,Ti38Nb30Mo60,184.077332,60,30,0,38,0,0,0
3260,Nb30V38Mo60,211.850113,60,30,0,0,38,0,0
3261,Nb30Mo60W38,245.273116,60,30,0,0,0,38,0
3272,Zr38Mo60W30,192.639046,60,0,0,0,0,30,38
3269,Zr38Ti30Mo60,144.415828,60,0,0,30,0,0,38
3235,Zr23Ta15Ti15Nb15V30Mo15W15,157.307465,15,15,15,15,30,15,23
3251,Zr15Ti23V15Mo45W30,191.75632,45,0,0,23,15,30,15
3244,Zr15Ti15Nb23V30Mo45,169.880914,45,23,0,15,30,0,15
3250,Zr15Ta23V15Mo45W30,214.647542,45,0,23,0,15,30,15
3232,Zr15Ta15Nb15V68W15,167.067697,0,15,15,0,68,15,15
3274,Ta30Nb60V38,178.681431,0,60,30,0,38,0,0
3243,Ti15Nb23V30Mo45W15,204.779847,45,23,0,15,30,15,0
3229,Ta15Ti68Nb15V15W15,141.87925,0,15,15,68,15,15,0
3257,Zr15Ta45Ti23V15W30,170.277485,0,0,45,23,15,30,15
3318,Zr68Ta15Nb15W30,128.835758,0,15,15,0,0,30,68
3323,Ta15Ti15V30W68,229.509214,0,0,15,15,30,68,0
3339,Zr53Ti60Mo15,100.603654,15,0,0,60,0,0,53
3286,Ta60V30W38,218.878532,0,0,60,0,30,38,0
3322,Zr68Nb15V15W30,124.524793,0,15,0,0,15,30,68
3311,Zr68Ti15Mo15W30,125.026514,15,0,0,15,0,30,68
3337,Ti60V53Mo15,142.484561,15,0,0,60,53,0,0
3313,Ta15Ti30Nb15V68,154.783053,0,15,15,30,68,0,0
3330,Nb60V53Mo15,181.377965,15,60,0,0,53,0,0
3293,Ta30Ti68Nb15Mo15,142.284834,15,15,30,68,0,0,0
3287,Zr38Ta60V30,138.159651,0,0,60,0,30,0,38
3327,Zr68Ti15V15W30,118.07349,0,0,0,15,15,30,68
3292,Zr38V60W30,146.084705,0,0,0,0,60,30,38
3324,Zr68Ta15Ti15V30,98.687063,0,0,15,15,30,0,68
3294,Ta30Nb15V68Mo15,189.870666,15,15,30,0,68,0,0
3316,Ta15Nb15V30W68,239.69428,0,15,15,0,30,68,0
3329,Ti53Nb60Mo15,145.379683,15,60,0,53,0,0,0
3325,Zr68Ta15Ti15W30,121.012627,0,0,15,15,0,30,68
3315,Zr68Ta15Ti30Nb15,101.535766,0,15,15,30,0,0,68
3295,Ta30Nb15Mo15W68,253.150391,15,15,30,0,0,68,0
3320,Zr68Ti15Nb15V30,101.764182,0,15,0,15,30,0,68
3308,Zr68Ta15Mo15W30,135.458371,15,0,15,0,0,30,68
3314,Ta15Ti30Nb15W68,216.997182,0,15,15,30,0,68,0
3312,Zr68V15Mo15W30,130.473836,15,0,0,0,15,30,68
3306,Ta15V30Mo15W68,253.094907,15,0,15,0,30,68,0
3301,Zr68Nb15V30Mo15,112.150969,15,15,0,0,30,0,68
3288,Zr38Ta60W30,164.538539,0,0,60,0,0,30,38
3341,Zr53V60Mo15,117.072922,15,0,0,0,60,0,53
3340,V60Mo15W53,237.357871,15,0,0,0,60,53,0
3349,Zr53Ti60Nb15,98.329981,0,15,0,60,0,0,53
3383,Ta15V60Mo30W23,221.312504,30,0,15,0,60,23,0
3346,Zr53Ta60Nb15,128.623404,0,15,60,0,0,0,53
3376,Zr23Ti60Nb15Mo30,125.250576,30,15,0,60,0,0,23
3385,Zr23Ta15Mo30W60,222.286518,30,0,15,0,0,60,23
3409,Zr15Ti15Nb30V15Mo30W23,181.925034,30,30,0,15,15,23,15
3398,Zr23Ti15Nb30W60,186.447104,0,30,0,15,0,60,23
3407,Zr15Ta15Ti15Nb30Mo30W23,185.806676,30,30,15,15,0,23,15
3364,Zr23Ta15Ti30Nb30V15Mo15,136.882032,15,30,15,30,15,0,23
3391,Ta15Ti60Nb30W23,152.902616,0,30,15,60,0,23,0
3377,Nb15V60Mo30W23,217.719809,30,15,0,0,60,23,0
3396,Ti15Nb30V60W23,183.321989,0,30,0,15,60,23,0
3382,Zr23Ta15Ti60Mo30,127.322167,30,0,15,60,0,0,23
3365,Zr23Ta15Ti30Nb30Mo15W15,148.923387,15,30,15,30,0,15,23
3390,Ta15Ti60Nb30V23,135.450308,0,30,15,60,23,0,0
3347,Ti60Nb15V53,134.193743,0,15,0,60,53,0,0
3379,Zr23Nb15Mo30W60,219.233823,30,15,0,0,0,60,23
3362,Zr53V15W60,159.639446,0,0,0,0,15,60,53
3371,Ta60Nb15V23Mo30,202.418057,30,15,60,0,23,0,0
3348,Ti60Nb15W53,177.121264,0,15,0,60,0,53,0
3384,Zr23Ta15V60Mo30,162.539367,30,0,15,0,60,0,23
3397,Zr23Ti15Nb30V60,133.436209,0,30,0,15,60,0,23
3355,Zr53Ta15Ti60,96.130598,0,0,15,60,0,0,53
3400,Ta30Ti15V60W23,189.979869,0,0,30,15,60,23,0
3370,Ta60Ti23Nb15Mo30,186.064461,30,15,60,23,0,0,0
3378,Zr23Nb15V60Mo30,160.253476,30,15,0,0,60,0,23
3401,Zr23Ta30Ti15V60,139.203986,0,0,30,15,60,0,23
3408,Zr15Ta15Nb30V15Mo30W23,195.526374,30,30,15,0,15,23,15
3406,Zr15Ta15Ti15Nb30V23Mo30,163.945917,30,30,15,15,23,0,15
3354,Ta15Ti60W53,180.240181,0,0,15,60,0,53,0
3438,Zr15Ti30V68Mo15,142.541724,15,0,0,30,68,0,15
3453,Zr15Ta15Ti30W68,196.766354,0,0,15,30,0,68,15
3439,Zr15Ti30Mo15W68,204.882191,15,0,0,30,0,68,15
3430,Zr15Nb30Mo15W68,227.416654,15,30,0,0,0,68,15
3436,Zr15Ta30Mo15W68,232.760066,15,0,30,0,0,68,15
3464,Zr15Ti15Nb15Mo30W53,211.181849,30,15,0,15,0,53,15
3422,Ta68Nb30V15Mo15,194.882809,15,30,68,0,15,0,0
3454,Zr15Ta15V30W68,220.107947,0,0,15,0,30,68,15
3465,Zr15Nb15V15Mo30W53,222.415929,30,15,0,0,15,53,15
3437,Ti30V68Mo15W15,177.463158,15,0,0,30,68,15,0
3477,Ta23Ti45Nb15V15Mo30,162.855807,30,15,23,45,15,0,0
3482,Zr15Ta23Nb15Mo30W45,219.16383,30,15,23,0,0,45,15
3412,Ta15Ti15Nb15V30Mo23W30,207.004008,23,15,15,15,30,30,0
3440,Zr15V30Mo15W68,228.318962,15,0,0,0,30,68,15
3431,Ta30Ti68V15Mo15,141.846779,15,0,30,68,15,0,0
3452,Zr15Ta15Ti30V68,136.130235,0,0,15,30,68,0,15
3449,Zr15Ti30Nb15W68,193.645334,0,15,0,30,0,68,15
3424,Zr15Ta68Nb30Mo15,177.418258,15,30,68,0,0,0,15
3455,Zr15Ti15V30W68,205.418368,0,0,0,15,30,68,15
3462,Ti15Nb15V53Mo30W15,197.550537,30,15,0,15,53,15,0
3415,Zr30Ta15Nb15V15Mo23W30,175.832518,23,15,15,0,15,30,30
3463,Zr15Ti15Nb15V53Mo30,160.422206,30,15,0,15,53,0,15
3483,Ti23Nb15V45Mo30W15,190.152781,30,15,0,23,45,15,0
3484,Zr15Ti23Nb15V45Mo30,154.384819,30,15,0,23,45,0,15
3498,Ta15Ti45Nb15V23Mo15W15,164.950529,15,15,15,45,23,15,0
3517,V15Mo23W90,281.580172,23,0,0,0,15,90,0
3502,Zr15Ti15Nb15V45Mo15W23,171.777259,15,15,0,15,45,23,15
3511,Ta15V90Mo23,196.442054,23,0,15,0,90,0,0
3547,Nb60V15Mo30W23,212.865428,30,60,0,0,15,23,0
3496,Zr15Ti15Nb30V23W45,180.301304,0,30,0,15,23,45,15
3545,Ti15Nb60Mo30W23,202.334876,30,60,0,15,0,23,0
3535,Zr90Ta23W15,105.414391,0,0,23,0,0,15,90
3503,Zr15Ta15Ti15V45Mo15W23,174.354216,15,0,15,15,45,23,15
3519,Zr90Mo23W15,110.657715,23,0,0,0,0,15,90
3497,Zr15Ta30Ti15V23W45,186.445822,0,0,30,15,23,45,15
3529,Zr90Nb23W15,102.434638,0,23,0,0,0,15,90
3518,Zr90V15Mo23,105.379886,23,0,0,0,15,0,90
3490,Zr15Ta15V23Mo30W45,217.146695,30,0,15,0,23,45,15
3499,Zr15Ta15Ti45Nb15V23Mo15,137.212764,15,15,15,45,23,0,15
3534,Zr90Ta23V15,98.351819,0,0,23,0,15,0,90
3521,Ta15Nb23V90,179.616064,0,23,15,0,90,0,0
3544,Ti15Nb60V23Mo30,179.177284,30,60,0,15,23,0,0
3533,Ta23V15W90,271.759432,0,0,23,0,15,90,0
3543,Zr23Ta15Nb60Mo30,165.369178,30,60,15,0,0,0,23
3542,Ta15Nb60Mo30W23,215.533955,30,60,15,0,0,23,0
3510,Ta15Ti90Mo23,131.667163,23,0,15,90,0,0,0
3520,Ta15Ti90Nb23,120.418578,0,23,15,90,0,0,0
3532,Zr90Ta23Ti15,96.278352,0,0,23,15,0,0,90
3516,Zr90Ti15Mo23,101.372157,23,0,0,15,0,0,90
3550,Ta60Ti15V23Mo30,191.395828,30,0,60,15,23,0,0
3527,Nb23V15W90,264.68769,0,23,0,0,15,90,0
3526,Zr90Ti15Nb23,95.588071,0,23,0,15,0,0,90
3491,Zr15Ti15V23Mo30W45,202.379426,30,0,0,15,23,45,15
3540,Ta15Ti23Nb60Mo30,177.05902,30,60,15,23,0,0,0
3528,Zr90Nb23V15,96.19855,0,23,0,0,15,0,90
3621,Zr30Ta38Nb15V30W15,152.292162,0,15,38,0,30,15,30
3586,Zr30Ta23Ti30V15Mo30,139.065438,30,0,23,30,15,0,30
3633,Nb38V60Mo30,193.458345,30,38,0,0,60,0,0
3578,Ta30Nb23V15Mo30W30,225.640188,30,23,30,0,15,30,0
3559,Zr23V60Mo30W15,172.661832,30,0,0,0,60,15,23
3585,Ta23Ti30V15Mo30W30,201.951529,30,0,23,30,15,30,0
3595,Zr30Ta30Ti23V30W15,137.066345,0,0,30,23,30,15,30
3603,Ta30Ti15Nb38V30Mo15,176.449285,15,38,30,15,30,0,0
3572,Zr23Ta30Ti60W15,127.251889,0,0,30,60,0,15,23
3580,Zr30Ta30Nb23Mo30W15,172.471792,30,23,30,0,0,15,30
3634,Nb38Mo30W60,248.612177,30,38,0,0,0,60,0
3575,Ta30Ti15Nb23V30Mo30,186.123862,30,23,30,15,30,0,0
3574,Zr23Ti30V60W15,135.7287,0,0,0,30,60,15,23
3581,Ti30Nb23V15Mo30W30,197.415381,30,23,0,30,15,30,0
3618,Ta38Ti30Nb15V15W30,184.229161,0,15,38,30,15,30,0
3566,Ti60Nb30V15W23,149.571243,0,30,0,60,15,23,0
3620,Zr30Ta38Ti30Nb15W15,138.958388,0,15,38,30,0,15,30
3592,Zr30Ta23Ti30Nb30W15,134.96828,0,30,23,30,0,15,30
3561,Ta60Ti15Nb30W23,193.533152,0,30,60,15,0,23,0
3588,Zr30Ta23V30Mo30W15,167.070905,30,0,23,0,30,15,30
3589,Zr30Ti23V30Mo30W15,149.280071,30,0,0,23,30,15,30
3582,Zr30Ti30Nb23V15Mo30,134.665782,30,23,0,30,15,0,30
3616,Zr30Ta38V30Mo15W15,161.265194,15,0,38,0,30,15,30
3573,Zr23Ta30V60W15,158.616091,0,0,30,0,60,15,23
3605,Zr30Ta30Ti15Nb38Mo15,142.87568,15,38,30,15,0,0,30
3627,Zr23Ta15Nb15V30Mo30W15,177.356497,30,15,15,0,30,15,23
3568,Zr23Ti60Nb30W15,122.190445,0,30,0,60,0,15,23
3587,Zr30Ta23Ti30Mo30W15,150.877505,30,0,23,30,0,15,30
3604,Ta30Ti15Nb38Mo15W30,202.487573,15,38,30,15,0,30,0
3602,Zr15Ta15Ti15Nb23V30W30,168.758922,0,23,15,15,30,30,15
3629,Zr23Ta15Ti15V30Mo30W15,164.570605,30,0,15,15,30,15,23
3632,Ti60Nb38Mo30,150.183904,30,38,0,60,0,0,0
3571,Zr23Ta30Ti60V15,118.430144,0,0,30,60,15,0,23
3576,Ta30Ti15Nb23Mo30W30,213.488484,30,23,30,15,0,30,0
3557,Zr23Ti60V15Mo30,126.871152,30,0,0,60,15,0,23
3659,Ta30V38W60,235.775965,0,0,30,0,38,60,0
3650,Ti38Nb30V60,146.967343,0,30,0,38,60,0,0
3694,Zr15Ti15Nb53W45,182.295997,0,53,0,15,0,45,15
3674,Zr15Nb15V45Mo53,187.761803,53,15,0,0,45,0,15
3706,Mo105W23,270.314938,105,0,0,0,0,23,0
3666,Ta45Ti15Nb15Mo53,203.644551,53,15,45,15,0,0,0
3693,Zr15Ti15Nb53V45,141.891242,0,53,0,15,45,0,15
3708,Ta23Nb105,175.105877,0,105,23,0,0,0,0
3668,Ta45Nb15Mo53W15,230.973572,53,15,45,0,0,15,0
3692,Ti15Nb53V45W15,173.791864,0,53,0,15,45,15,0
3707,Zr23Mo105,211.291645,105,0,0,0,0,0,23
3695,Zr15Nb53V15W45,191.90015,0,53,0,0,15,45,15
3700,Zr15Ti53V15W45,155.160788,0,0,0,53,15,45,15
3688,Zr15Ta15Ti45Nb53,130.695131,0,53,15,45,0,0,15
3660,Zr60Ta30V38,113.956261,0,0,30,0,38,0,60
3651,Ti38Nb30W60,199.535371,0,30,0,38,0,60,0
3689,Ta15Nb53V45W15,187.515545,0,53,15,0,45,15,0
3635,Zr60Nb38Mo30,126.170039,30,38,0,0,0,0,60
3657,Ta30Ti38W60,205.689407,0,0,30,38,0,60,0
3672,Zr15Ti45Nb15Mo53,156.72319,53,15,0,45,0,0,15
3658,Zr60Ta30Ti38,103.813051,0,0,30,38,0,0,60
3656,Ta30Ti38V60,151.434264,0,0,30,38,60,0,0
3667,Ta45Nb15V15Mo53,214.793806,53,15,45,0,15,0,0
3709,Ti23Nb105,156.738677,0,105,0,23,0,0,0
3701,Zr15Ta23Ti15Nb15V30Mo15W15,169.159819,15,15,23,15,30,15,15
3669,Zr15Ta45Nb15Mo53,195.788271,53,15,45,0,0,0,15
3661,Zr60Ta30W38,144.576817,0,0,30,0,0,38,60
3739,Ti15V68Mo15W30,203.418486,15,0,0,15,68,30,0
3714,Ta105V23,195.265453,0,0,105,0,23,0,0
3754,Zr30Ta15Ti15V68,126.637056,0,0,15,15,68,0,30
3743,Ta15Ti68Nb15V30,131.42515,0,15,15,68,30,0,0
3744,Ta15Ti68Nb15W30,153.676558,0,15,15,68,0,30,0
3778,Ta38Ti30Nb45V15,159.258202,0,45,38,30,15,0,0
3746,Ta15Nb15V68W30,204.465339,0,15,15,0,68,30,0
3779,Ta38Ti30Nb45W15,172.22311,0,45,38,30,0,15,0
3740,Zr30Ti15V68Mo15,131.515385,15,0,0,15,68,0,30
3771,Ta38V30Mo45W15,225.196198,45,0,38,0,30,15,0
3776,Zr15Ti38Mo45W30,183.383743,45,0,0,38,0,30,15
3783,Zr15Ta38Nb45W30,186.343012,0,45,38,0,0,30,15
3762,Ti30Nb38V15Mo45,180.507945,45,38,0,30,15,0,0
3770,Zr15Ta38Ti30Mo45,168.464979,45,0,38,30,0,0,15
3785,Zr15Ti38Nb45V30,131.489459,0,45,0,38,30,0,15
3723,Ta68Ti30Nb15Mo15,173.340556,15,15,68,30,0,0,0
3765,Nb38V30Mo45W15,215.665735,45,38,0,0,30,15,0
3772,Zr15Ta38V30Mo45,188.265629,45,0,38,0,30,0,15
3715,Ta105W23,214.752246,0,0,105,0,0,23,0
3753,Ta15Ti15V68W30,194.753671,0,0,15,15,68,30,0
3784,Ti38Nb45V30W15,157.368195,0,45,0,38,30,15,0
3722,Zr23W105,241.783616,0,0,0,0,0,105,23
3712,Zr23Nb105,145.150524,0,105,0,0,0,0,23
3713,Ta105Ti23,175.635882,0,0,105,23,0,0,0
3731,Zr30Nb15V68Mo15,136.001859,15,15,0,0,68,0,30
3741,Zr30Ti15Mo15W68,194.561033,15,0,0,15,0,68,30
3749,Ti15Nb15V68W30,190.434812,0,15,0,15,68,30,0
3730,Nb15V68Mo15W30,213.719679,15,15,0,0,68,30,0
3782,Zr15Ta38Nb45V30,160.433921,0,45,38,0,30,0,15
3724,Ta68Nb15V30Mo15,194.794297,15,15,68,0,30,0,0
3748,Zr30Ta15Nb15W68,199.067341,0,15,15,0,0,68,30
3725,Ta68Nb15Mo15W30,221.590709,15,15,68,0,0,30,0
3775,Zr15Ti38V30Mo45,156.217196,45,0,0,38,30,0,15
3747,Zr30Ta15Nb15V68,135.937344,0,15,15,0,68,0,30
3777,Zr15V38Mo45W30,211.845596,45,0,0,0,38,30,15
3781,Ta38Nb45V30W15,192.637663,0,45,38,0,30,15,0
3805,Zr30Ta15Ti38Mo45,142.923992,45,0,15,38,0,0,30
3811,Zr30Ti15Mo45W38,187.125822,45,0,0,15,0,38,30
3788,Ta45Ti38V30W15,165.426,0,0,45,38,30,15,0
3834,Zr45Ta15Ti15V15Mo15W23,140.863785,15,0,15,15,15,23,45
3827,Zr30Ti45V15W38,137.266316,0,0,0,45,15,38,30
3832,Zr45Ta15Nb15V15Mo15W23,150.213285,15,15,15,0,15,23,45
3850,Zr23Ta30V45Mo15W15,169.062556,15,0,30,0,45,15,23
3820,Zr30Ti15Nb45V38,127.584955,0,45,0,15,38,0,30
3817,Zr30Ta15Nb45V38,137.939961,0,45,15,0,38,0,30
3842,Zr23Ta45Nb30Mo15W15,174.969185,15,30,45,0,0,15,23
3798,Ti38Nb15Mo45W30,202.06228,45,15,0,38,0,30,0
3791,Zr15Ta45V38W30,186.808235,0,0,45,0,38,30,15
3804,Ta15Ti38Mo45W30,205.787374,45,0,15,38,0,30,0
3802,Zr30Nb15Mo45W38,197.185191,45,15,0,0,0,38,30
3843,Ti45Nb30V15Mo15W23,168.721272,15,30,0,45,15,23,0
7584,Nb30V45Mo30W23,214.010755,30,30,0,0,45,23,0
900,Ta30Ti30Nb38Mo15W15,179.985036,15,38,30,30,0,15,0
10168,Zr15Ta15Ti23V15Mo15W45,189.050887,15,0,15,23,15,45,15
584,Ta45Ti53Nb30,145.084316,0,30,45,53,0,0,0
9283,Zr15Ta30Nb30V38Mo15,166.941782,15,30,30,0,38,0,15
8735,Zr15Ta15Nb30Mo53W15,203.373205,53,30,15,0,0,15,15
1022,Zr15Ti60V15Mo38,137.830709,38,0,0,60,15,0,15
4557,Ti75Nb15V38,127.005688,0,15,0,75,38,0,0
8351,Zr45Ta15Ti53Nb15,106.806073,0,15,15,53,0,0,45
10157,Zr23Ta15Ti15Nb15V15Mo45,162.622331,45,15,15,15,15,0,23
5816,Zr15Ta15Ti15Nb15V30Mo15W23,172.848329,15,15,15,15,30,23,15
6200,Ta38Ti60Mo15W15,159.805642,15,0,38,60,0,15,0
9045,Ta38V15Mo75,230.944422,75,0,38,0,15,0,0
8507,Zr83Ta15Ti15Nb15,98.359296,0,15,15,15,0,0,83
1441,Ta15Ti15Nb45V38Mo15,173.350315,15,45,15,15,38,0,0
1228,Zr15Ta15Nb30Mo38W30,207.995483,38,30,15,0,0,30,15
9879,Ti60Nb23V45,132.13842,0,23,0,60,45,0,0
11288,Zr15Ta98Mo15,182.296752,15,0,98,0,0,0,15
9277,Zr15Ti30Nb15V38W30,156.090967,0,15,0,30,38,30,15
10365,Ta38Ti45Nb30V15,148.523401,0,30,38,45,15,0,0
1210,Nb45V23W60,228.574531,0,45,0,0,23,60,0
593,Zr53Nb30W45,149.586442,0,30,0,0,0,45,53
6456,Zr15Ta90Mo23,185.724663,23,0,90,0,0,0,15
9248,Ta30Ti23V75,163.131658,0,0,30,23,75,0,0
8197,Zr45Ta23Mo60,161.714713,60,0,23,0,0,0,45
8163,Zr23Ta15Ti30Nb15V45,127.261935,0,15,15,30,45,0,23
6469,Zr15Ti90Nb23,108.176634,0,23,0,90,0,0,15
1826,Zr68Ta15Ti15V15W15,111.808943,0,0,15,15,15,15,68
11085,Ti45V23Mo15W45,191.523512,15,0,0,45,23,45,0
10150,Zr30Ta30Ti15Nb15V15Mo23,145.372406,23,15,30,15,15,0,30
2015,V30Mo15W83,275.448548,15,0,0,0,30,83,0
7917,Ta45Nb23V45W15,194.543802,0,23,45,0,45,15,0
7789,Ta15Ti15Nb15V45Mo23W15,193.613444,23,15,15,15,45,15,0
11618,Ti30Nb53V30W15,163.495591,0,53,0,30,30,15,0
4133,Ta83Nb15Mo15W15,209.804497,15,15,83,0,0,15,0
9613,Zr30Ta15Ti30Mo30W23,157.761185,30,0,15,30,0,23,30
8993,Zr30Ta45Nb15V15W23,163.118238,0,15,45,0,15,23,30
3918,Zr15Ta15Nb45V38W15,167.107947,0,45,15,0,38,15,15
5482,Ta15Ti45V38W30,168.879299,0,0,15,45,38,30,0
1673,Ta23Ti30Nb75,157.134112,0,75,23,30,0,0,0
9421,Zr53Ta60W15,137.775071,0,0,60,0,0,15,53
9841,Ta75Nb30V23,189.890984,0,30,75,0,23,0,0
11886,Ta15Ti30Nb68Mo15,164.44037,15,68,15,30,0,0,0
6032,Zr38Ta15Ti15V45Mo15,127.036589,15,0,15,15,45,0,38
742,V60Mo30W38,234.264979,30,0,0,0,60,38,0
8994,Zr30Ti45Nb15V15W23,127.841367,0,15,0,45,15,23,30
6035,Zr38Ti15V15Mo15W45,159.741537,15,0,0,15,15,45,38
5218,Ta30Ti68V30,133.115132,0,0,30,68,30,0,0
4765,Ta15Nb23Mo60W30,241.165197,60,23,15,0,0,30,0
5688,Zr38Ta15Ti45Mo30,124.801315,30,0,15,45,0,0,38
6207,Zr15Ti38Mo15W60,190.855215,15,0,0,38,0,60,15
6831,Zr15Ta15Ti23V30Mo15W30,175.19633,15,0,15,23,30,30,15
11082,Ta45V23Mo15W45,234.269396,15,0,45,0,23,45,0
10533,Zr15Ta75Nb38,170.30011,0,38,75,0,0,0,15
6809,Zr15Ti30Mo23W60,200.974168,23,0,0,30,0,60,15
1690,Zr30Ti75V23,104.421992,0,0,0,75,23,0,30
5485,Zr30Ta15V45W38,167.837662,0,0,15,0,45,38,30
558,Zr15Ta45Ti23V45,145.674905,0,0,45,23,45,0,15
1025,Ta60Ti15Nb38V15,174.436716,0,38,60,15,15,0,0
1819,Zr68Ta15V15Mo15W15,122.194226,15,0,15,0,15,15,68
10954,Zr15Nb83Mo30,170.389938,30,83,0,0,0,0,15
10362,Zr15Ti38V45Mo30,144.619972,30,0,0,38,45,0,15
1217,Zr60Ta45V23,119.202275,0,0,45,0,23,0,60
7319,Zr45Ta45Mo38,153.271273,38,0,45,0,0,0,45
1674,Ta23Nb75V30,175.890531,0,75,23,0,30,0,0
9846,Zr23Ti75Nb30,110.215316,0,30,0,75,0,0,23
10701,Zr30Ta15Nb38V45,136.431814,0,38,15,0,45,0,30
4301,Ta15Nb23V60W30,203.210896,0,23,15,0,60,30,0
579,Ti45Mo30W53,210.729223,30,0,0,45,0,53,0
938,V98W30,207.79769,0,0,0,0,98,30,0
921,Ta30Mo98,240.156682,98,0,30,0,0,0,0
560,Zr15Ta45V23W45,200.925442,0,0,45,0,23,45,15
104,Zr15Ta15Ti23Mo45W30,196.406528,45,0,15,23,0,30,15
1032,Zr15Ti60Nb38V15,120.153923,0,38,0,60,15,0,15
336,Ti15Nb30Mo38W45,229.128518,38,30,0,15,0,45,0
752,Nb30V60W38,208.539907,0,30,0,0,60,38,0
1807,Ta15Ti15Nb15Mo15W68,237.370438,15,15,15,15,0,68,0
1699,Zr38Ta15Ti30Nb15V15W15,125.947264,0,15,15,30,15,15,38
1200,V23Mo45W60,271.16769,45,0,0,0,23,60,0
11872,Zr30Ti15Nb15V30Mo38,147.234616,38,15,0,15,30,0,30
6451,Nb90Mo23W15,201.516275,23,90,0,0,0,15,0
11412,Zr15Ta53Ti15Nb15V15W15,165.830502,0,15,53,15,15,15,15
8369,Zr15Ta15Nb15Mo15W68,229.884432,15,15,15,0,0,68,15
8967,Zr30Ta15Ti45V23W15,124.275621,0,0,15,45,23,15,30
309,Zr15Ta15Ti30Nb38V15W15,149.783247,0,38,15,30,15,15,15
10502,Zr90Nb15V23,93.030684,0,15,0,0,23,0,90
10998,Ti15Nb15V45Mo30W23,203.389652,30,15,0,15,45,23,0
11049,Zr15Ta15Mo83W15,225.25182,83,0,15,0,0,15,15
7745,Zr53Ti30Nb15V15W15,113.193476,0,15,0,30,15,15,53
10706,Zr30Nb38V15W45,172.655517,0,38,0,0,15,45,30
1494,Zr45Ta15Ti23V15Mo30,130.174739,30,0,15,23,15,0,45
2208,Zr45Nb15Mo38W30,167.949909,38,15,0,0,0,30,45
594,Ta30Ti45V53,147.509537,0,0,30,45,53,0,0
2005,Nb30V83Mo15,185.239515,15,30,0,0,83,0,0
774,Zr15Nb23V45Mo30W15,184.797026,30,23,0,0,45,15,15
9426,Ta15Ti15Nb23V60Mo15,174.899999,15,23,15,15,60,0,0
9089,Zr68Ta30Mo15W15,127.857071,15,0,30,0,0,15,68
10953,Nb83Mo30W15,208.760696,30,83,0,0,0,15,0
907,Zr15Ti30Nb38Mo15W30,167.985634,15,38,0,30,0,30,15
11620,Zr15Ti30Nb53W30,158.85216,0,53,0,30,0,30,15
2023,Ti30Nb15W83,229.384115,0,15,0,30,0,83,0
11881,Zr30Ta15Ti15Nb38V30,131.136729,0,38,15,15,30,0,30
6663,Ti15Nb30Mo68W15,219.252118,68,30,0,15,0,15,0
7577,Ta45Ti23Nb30Mo30,183.861567,30,30,45,23,0,0,0
10396,Zr15Ta30Ti30Nb30V23,140.135698,0,30,30,30,23,0,15
7910,Ti45V45Mo23W15,169.691259,23,0,0,45,45,15,0
8190,Ti45Nb23Mo60,179.506676,60,23,0,45,0,0,0
9284,Zr15Ta30Nb30Mo15W38,201.818278,15,30,30,0,0,38,15
11244,Zr45Mo45W38,178.833601,45,0,0,0,0,38,45
7321,Ti45Mo38W45,207.410882,38,0,0,45,0,45,0
10534,Ti75Nb38V15,127.137079,0,38,0,75,15,0,0
10739,Zr38Ta75Ti15,135.807861,0,0,75,15,0,0,38
1446,Zr38Ta15Nb45Mo15W15,152.575754,15,45,15,0,0,15,38
9419,Ta60V15W53,233.817547,0,0,60,0,15,53,0
799,Zr23V60Mo45,169.402342,45,0,0,0,60,0,23
1680,Nb75V23W30,198.579424,0,75,0,0,23,30,0
2211,Zr45Ta15Ti30Mo38,129.876744,38,0,15,30,0,0,45
8732,Zr15Ta15Ti15Nb30Mo53,179.724487,53,30,15,15,0,0,15
7583,Zr23Ti45Nb30Mo30,136.459897,30,30,0,45,0,0,23
1209,Zr60Ti23Nb45,106.411144,0,45,0,23,0,0,60
546,Zr15V23Mo45W45,226.000342,45,0,0,0,23,45,15
122,Zr45Nb15V15Mo23W30,155.969627,23,15,0,0,15,30,45
1479,Zr45Ta15Ti15Nb30W23,136.459634,0,30,15,15,0,23,45
780,Ta23Ti45Nb30V15W15,157.925142,0,30,23,45,15,15,0
9614,Zr30Ta15V30Mo30W23,175.026264,30,0,15,0,30,23,30
1460,Zr38Ti45Nb15V15W15,117.286824,0,15,0,45,15,15,38
9042,Nb38Mo75W15,234.779355,75,38,0,0,0,15,0
1004,Zr30Ti30V38W30,139.636885,0,0,0,30,38,30,30
8356,Zr45Ti15Nb15V53,112.097283,0,15,0,15,53,0,45
8164,Zr23Ta15Ti30Nb15W45,164.047874,0,15,15,30,0,45,23
1652,Zr15Ta45Ti15Nb15V15Mo23,165.054029,23,15,45,15,15,0,15
8958,Zr30Ta45Ti23V15Mo15,140.046878,15,0,45,23,15,0,30
11875,Ta15Ti15V30Mo38W30,219.477789,38,0,15,15,30,30,0
1821,Ta15Ti15Nb15V15W68,228.919994,0,15,15,15,15,68,0
9270,Zr15Ta30Ti38Mo15W30,168.625333,15,0,30,38,0,30,15
1236,Zr15Ta30V15Mo38W30,210.757745,38,0,30,0,15,30,15
11076,Nb45V23Mo15W45,223.925333,15,45,0,0,23,45,0
7113,Ta15Ti23Nb75V15,159.55105,0,75,15,23,15,0,0
1642,Zr30Ta15Ti23Mo30W30,167.698543,30,0,15,23,0,30,30
11424,Zr15Ta15Ti15V38Mo45,173.170458,45,0,15,15,38,0,15
1470,Zr45Ti15Nb15Mo30W23,147.699756,30,15,0,15,0,23,45
11286,Ta98V15Mo15,201.342904,15,0,98,0,15,0,0
1226,Ta15Nb30V30Mo38W15,213.558173,38,30,15,0,30,15,0
11040,Zr15Ti15Nb15Mo83,195.589875,83,15,0,15,0,0,15
10166,Zr15Ta23Nb15V15Mo15W45,207.118718,15,15,23,0,15,45,15
1458,Zr38Ta45Ti15Nb15W15,141.637062,0,15,45,15,0,15,38
1828,Zr45Ta15Ti15Nb15V15Mo23,130.422188,23,15,15,15,15,0,45
328,V75W53,228.957192,0,0,0,0,75,53,0
10192,Zr30Ta15Ti15Nb30V15Mo23,143.495251,23,30,15,15,15,0,30
10354,Zr15Nb38Mo30W45,213.197648,30,38,0,0,0,45,15
787,Ti23Nb60Mo45,184.505336,45,60,0,23,0,0,0
1655,Zr15Ti45Nb15V15Mo23W15,150.283331,23,15,0,45,15,15,15
10730,Zr38Ta15Nb75,134.604415,0,75,15,0,0,0,38
9877,Ta60Nb23W45,224.773574,0,23,60,0,0,45,0
2201,Ta30Nb15Mo38W45,247.306078,38,15,30,0,0,45,0
9883,Zr45Nb23V60,120.028382,0,23,0,0,60,0,45
569,Ta53Nb45Mo30,201.858038,30,45,53,0,0,0,0
2229,Ta38Ti15V30W45,210.920281,0,0,38,15,30,45,0
132,Zr45Ti15Nb23V15W30,135.388052,0,23,0,15,15,30,45
1689,Ti75V23W30,146.241762,0,0,0,75,23,30,0
1800,Zr38Ta15Ti15Nb15V15Mo30,139.070456,30,15,15,15,15,0,38
9279,Ta30Ti38Nb30V15Mo15,160.119089,15,30,30,38,15,0,0
790,Zr23Nb60Mo45,171.451879,45,60,0,0,0,0,23
11272,Ta30Ti23Nb15V15Mo30W15,193.536597,30,15,30,23,15,15,0
11629,Ta15Nb30Mo45W38,243.065571,45,30,15,0,0,38,0
926,Ta30Nb98,177.655117,0,98,30,0,0,0,0
1014,Zr15Nb60Mo38W15,191.853011,38,60,0,0,0,15,15
11888,Ta15Nb68Mo15W30,213.015656,15,68,15,0,0,30,0
1817,Zr68Ta15Ti15V15Mo15,109.513793,15,0,15,15,15,0,68
11616,Zr15Ta30Nb53V30,159.660272,0,53,30,0,30,0,15
1467,Zr45Ta15Nb15Mo30W23,159.789431,30,15,15,0,0,23,45
1484,Ta23Ti15Nb15Mo30W45,229.048358,30,15,23,15,0,45,0
1219,Ti45V23W60,195.38283,0,0,0,45,23,60,0
764,Zr38V30W60,173.611272,0,0,0,0,30,60,38
1231,Zr15Ti15Nb30Mo38W30,194.171124,38,30,0,15,0,30,15
2033,Zr83Ta15W30,117.220876,0,0,15,0,0,30,83
10965,Ta83Ti15Nb30,179.620669,0,30,83,15,0,0,0
10991,Zr15Ta30Ti15Nb15V15W38,180.497844,0,15,30,15,15,38,15
300,Zr30Ta30Ti45W23,134.633364,0,0,30,45,0,23,30
919,Zr15Ta15Ti38V30W30,155.25254,0,0,15,38,30,30,15
556,Zr15Nb45V23W45,191.069494,0,45,0,0,23,45,15
125,Zr45Ta15Ti15Mo23W30,153.256055,23,0,15,15,0,30,45
1483,Ta23Ti15Nb15V45Mo30,186.021218,30,15,23,15,45,0,0
8951,Zr30Ta23Nb45V15Mo15,150.172381,15,45,23,0,15,0,30
773,Zr15Ti45Nb23Mo30W15,154.874197,30,23,0,45,0,15,15
135,Ta38Nb30V15Mo45,208.941702,45,30,38,0,15,0,0
317,Ti53Nb75,137.997374,0,75,0,53,0,0,0
1477,Ta15Ti15Nb30V23W45,203.640689,0,30,15,15,23,45,0
2084,Zr30Ta15Ti15V53Mo15,136.987717,15,0,15,15,53,0,30
931,Ta98Ti30,168.795259,0,0,98,30,0,0,0
909,Ta38Ti30V30Mo15W15,181.291842,15,0,38,30,30,15,0
1493,Ta15Ti23V15Mo30W45,222.136362,30,0,15,23,15,45,0
2216,Zr45Ti15V30Mo38,131.426154,38,0,0,15,30,0,45
763,Zr38Ti30W60,156.074424,0,0,0,30,0,60,38
1433,Zr75Ta15Ti38,94.149068,0,0,15,38,0,0,75
11275,Zr15Ta30Nb15V23Mo30W15,189.788921,30,15,30,0,23,15,15
1013,Zr15Nb60V15Mo38,175.82499,38,60,0,0,15,0,15
2206,Nb15V30Mo38W45,244.27092,38,15,0,0,30,45,0
1601,Ta38V30Mo60,219.791472,60,0,38,0,30,0,0
2024,Zr83Ti30Nb15,93.749161,0,15,0,30,0,0,83
307,Zr15Ti30Nb15V15Mo38W15,169.150291,38,15,0,30,15,15,15
1645,Ta15Ti23Nb30V30W30,184.059199,0,30,15,23,30,30,0
2034,Ti15V30W83,243.295329,0,0,0,15,30,83,0
797,Zr23Ti60Mo45,134.801347,45,0,0,60,0,0,23
11843,Zr68V45W15,109.707903,0,0,0,0,45,15,68
551,Zr15Ta23Nb45V45,155.26275,0,45,23,0,45,0,15
11047,Ta15V15Mo83W15,244.969631,83,0,15,0,15,15,0
11611,Zr15V30Mo53W30,215.918737,53,0,0,0,30,30,15
11423,Ta15Ti15V38Mo45W15,209.771709,45,0,15,15,38,15,0
936,Ti98W30,133.307198,0,0,0,98,0,30,0
1265,Ta98Nb15Mo15,200.855435,15,15,98,0,0,0,0
1057,Zr15Ti38V15Mo60,165.084786,60,0,0,38,15,0,15
185,Zr30Nb30V30Mo15W23,163.315533,15,30,0,0,30,23,30
515,Ta30Nb23V15W60,236.082662,0,23,30,0,15,60,0
1221,Zr60Ti45W23,107.432495,0,0,0,45,0,23,60
343,Zr45Ta30Ti15Mo38,140.390154,38,0,30,15,0,0,45
171,Zr15Ta15Ti30Nb30Mo15W23,165.173629,15,30,15,30,0,23,15
1291,Ta15Ti15W98,262.982322,0,0,15,15,0,98,0
647,Zr15Ta15Ti15Nb15V23Mo45,172.664187,45,15,15,15,23,0,15
631,Ti15Nb15V38Mo30W30,210.081438,30,15,0,15,38,30,0
638,Zr30Ta15V15Mo30W38,189.29661,30,0,15,0,15,38,30
662,Zr23Nb30Mo45W30,200.462381,45,30,0,0,0,30,23
684,Zr23Ta45Ti30V30,134.551155,0,0,45,30,30,0,23
627,Zr30Ta15Ti38Nb15Mo30,134.685739,30,15,15,38,0,0,30
685,Zr23Ta45Ti30W30,157.770177,0,0,45,30,0,30,23
671,Zr23Ti30Mo45W30,178.085395,45,0,0,30,0,30,23
641,Zr30Ta15Ti15Nb30V38,130.221781,0,30,15,15,38,0,30
677,Zr23Ta30Nb45V30,148.238487,0,45,30,0,30,0,23
678,Zr23Ta30Nb45W30,175.640323,0,45,30,0,0,30,23
648,Zr15Ta15Ti15Nb15Mo45W23,193.725021,45,15,15,15,0,23,15
625,Ta15Ti38Nb15V30Mo30,167.630942,30,15,15,38,30,0,0
630,Zr30Ta15Nb15Mo30W38,190.431723,30,15,15,0,0,38,30
683,Ta45Ti30V30W23,178.901803,0,0,45,30,30,23,0
676,Ta30Nb45V30W23,197.753557,0,45,30,0,30,23,0
670,Zr23Ti30V30Mo45,149.663924,45,0,0,30,30,0,23
640,Ta15Ti15Nb30V38W30,190.578446,0,30,15,15,38,30,0
663,Ta30Ti30V23Mo45,185.87506,45,0,30,30,23,0,0
649,Zr15Ta15Nb15V15Mo45W23,204.763094,45,15,15,0,15,23,15
646,Ta15Ti15Nb15V23Mo45W15,207.949465,45,15,15,15,23,15,0
682,Zr23Nb45V30W30,166.322258,0,45,0,0,30,30,23
679,Ti30Nb45V30W23,170.782026,0,45,0,30,30,23,0
750,Ti60Nb30W38,163.103936,0,30,0,60,0,38,0
732,Nb60V38Mo30,191.719436,30,60,0,0,38,0,0
759,Zr38Ta30V60,128.126251,0,0,30,0,60,0,38
766,Ta45Ti15Nb23Mo30W15,201.845743,30,23,45,15,0,15,0
761,Ti30V60W38,187.184271,0,0,0,30,60,38,0
719,Zr15Ta15Nb45V15Mo15W23,184.86118,15,45,15,0,15,23,15
756,Ta30Ti60W38,169.186885,0,0,30,60,0,38,0
755,Ta30Ti60V38,137.918725,0,0,30,60,38,0,0
760,Zr38Ta30W60,183.382831,0,0,30,0,0,60,38
757,Zr38Ta30Ti60,107.39828,0,0,30,60,0,0,38
699,Zr15Ta23Ti15V15Mo60,185.40822,60,0,23,15,15,0,15
734,Zr38Nb60Mo30,147.962334,30,60,0,0,0,0,38
768,Ta45Nb23V15Mo30W15,212.698407,30,23,45,0,15,15,0
705,Zr15Ta23Ti15Nb60W15,161.273212,0,60,23,15,0,15,15
745,Ta60Ti38Nb30,157.678954,0,30,60,38,0,0,0
751,Zr38Ti60Nb30,105.768526,0,30,0,60,0,0,38
704,Zr15Ta23Ti15Nb60V15,148.883259,0,60,23,15,15,0,15
711,Zr53Ta15Ti15Nb15Mo15W15,129.436207,15,15,15,15,0,15,53
767,Zr15Ta45Ti15Nb23Mo30,170.789598,30,23,45,15,0,0,15
728,Zr15Ta38Ti15V15Mo15W30,185.236955,15,0,38,15,15,30,15
758,Ta30V60W38,215.643556,0,0,30,0,60,38,0
769,Zr15Ta45Nb23V15Mo30,180.438242,30,23,45,0,15,0,15
735,Ta60Ti38Mo30,175.972943,30,0,60,38,0,0,0
726,Zr15Ta15Nb38V15Mo15W30,190.787329,15,38,15,0,15,30,15
717,Zr15Ta15Ti15Nb45V23Mo15,155.918128,15,45,15,15,23,0,15
703,Ta23Ti15Nb60V15W15,179.825801,0,60,23,15,15,15,0
733,Nb60Mo30W38,225.585839,30,60,0,0,0,38,0
702,Zr15Ti23V15Mo60W15,188.870349,60,0,0,23,15,15,15
721,Zr15Ta45Ti15V15Mo15W23,180.955996,15,0,45,15,15,23,15
809,Zr23Nb45V60,139.800481,0,45,0,0,60,0,23
836,Ta15Ti30Nb15V23W45,193.307486,0,15,15,30,23,45,0
825,Zr45Ta30Nb15V23Mo15,135.958913,15,15,30,0,23,0,45
824,Ta30Nb15V23Mo15W45,231.561351,15,15,30,0,23,45,0
840,Zr45Ti15Nb15V30W23,130.037136,0,15,0,15,30,23,45
792,Ta60V23Mo45,211.722886,45,0,60,0,23,0,0
823,Zr45Ta30Ti23Nb15Mo15,126.217063,15,15,30,23,0,0,45
808,Nb45V60W23,193.139701,0,45,0,0,60,23,0
841,Zr45Ta15Ti15V30W23,132.871254,0,0,15,15,30,23,45
812,Ta45Ti60W23,157.815107,0,0,45,60,0,23,0
830,Zr45Nb15V30Mo15W23,146.45048,15,15,0,0,30,23,45
793,Ta60Mo45W23,237.245132,45,0,60,0,0,23,0
794,Zr23Ta60Mo45,183.232022,45,0,60,0,0,0,23
795,Ti60V23Mo45,159.823584,45,0,0,60,23,0,0
814,Ta45V60W23,203.913174,0,0,45,0,60,23,0
813,Zr23Ta45Ti60,121.012701,0,0,45,60,0,0,23
807,Zr23Ti60Nb45,115.215539,0,45,0,60,0,0,23
831,Ta15Ti30V23Mo15W45,204.456566,15,0,15,30,23,45,0
789,Nb60Mo45W23,220.973475,45,60,0,0,0,23,0
815,Zr23Ta45V60,148.883992,0,0,45,0,60,0,23
822,Ta30Ti23Nb15Mo15W45,213.087169,15,15,30,23,0,45,0
849,Zr15Ti15Nb38V30Mo30,159.478136,30,38,0,15,30,0,15
896,Zr60Ta15Ti23W30,121.52227,0,0,15,23,0,30,60
882,Zr60Ti23Mo15W30,125.671429,15,0,0,23,0,30,60
877,Ta23V30Mo15W60,243.678554,15,0,23,0,30,60,0
879,Zr60Ta23Mo15W30,143.523971,15,0,23,0,0,30,60
876,Zr60Ta23Ti30Mo15,110.519827,15,0,23,30,0,0,60
878,Zr60Ta23V30Mo15,120.045073,15,0,23,0,30,0,60
917,Zr15Ta38Nb15V30W30,184.832178,0,15,38,0,30,30,15
890,Ti23Nb15V30W60,212.190814,0,15,0,23,30,60,0
902,Ta30Nb38V30Mo15W15,200.195505,15,38,30,0,30,15,0
862,Zr15Ta30Ti38V15W30,157.41586,0,0,30,38,15,30,15
871,Nb23V30Mo15W60,240.858511,15,23,0,0,30,60,0
904,Zr15Ta30Nb38Mo15W30,194.535054,15,38,30,0,0,30,15
864,Ta30Ti60Nb23Mo15,146.936085,15,23,30,60,0,0,0
897,Zr60Ta15V23W30,130.322644,0,0,15,0,23,30,60
910,Zr15Ta38Ti30V30Mo15,148.448578,15,0,38,30,30,0,15
870,Zr60Ti30Nb23Mo15,107.896135,15,23,0,30,0,0,60
848,Ti15Nb38V30Mo30W15,194.844696,30,38,0,15,30,15,0
863,Zr15Ta23Ti15Nb15V15Mo15W30,181.579533,15,15,23,15,15,30,15
847,Zr15Ta15Nb38Mo30W30,202.318426,30,38,15,0,0,30,15
855,Zr15Ta38V15Mo30W30,206.159815,30,0,38,0,15,30,15
883,Zr60V23Mo15W30,135.175941,15,0,0,0,23,30,60
905,Ti30Nb38V30Mo15W15,174.180173,15,38,0,30,30,15,0
846,Zr15Ta15Nb38V30Mo30,173.135019,30,38,15,0,30,0,15
903,Zr15Ta30Nb38V30Mo15,167.224169,15,38,30,0,30,0,15
852,Ta38Ti15V30Mo30W15,202.197926,30,0,38,15,30,15,0
885,Ta23Ti30Nb15W60,210.964856,0,15,23,30,0,60,0
884,Ta23Ti30Nb15V60,155.228777,0,15,23,30,60,0,0
899,Ta30Ti30Nb38V15Mo15,167.520431,15,38,30,30,15,0,0
974,Ti30Nb38V30Mo30,168.435664,30,38,0,30,30,0,0
989,Zr30V38Mo30W30,176.863205,30,0,0,0,38,30,30
956,Ta30Ti15Nb30V30W23,187.328017,0,30,30,15,30,23,0
993,Ta38Nb30V30W30,205.194063,0,30,38,0,30,30,0
932,Ta98V30,193.670235,0,0,98,0,30,0,0
958,Zr23Ta30Ti15Nb30W30,165.345966,0,30,30,15,0,30,23
959,Zr23Ta30Nb30V15W30,174.676687,0,30,30,0,15,30,23
980,Ta38Ti30V30Mo30,176.583853,30,0,38,30,30,0,0
969,Zr15Ta30Ti15Nb15V23W30,173.566442,0,15,30,15,23,30,15
944,Ta15Nb30V30Mo30W23,215.528154,30,30,15,0,30,23,0
995,Zr30Ta38Nb30W30,167.360413,0,30,38,0,0,30,30
967,Zr15Ti15Nb30V23Mo15W30,178.029328,15,30,0,15,23,30,15
966,Zr15Ta15Nb30V23Mo15W30,190.657536,15,30,15,0,23,30,15
994,Zr30Ta38Nb30V30,141.086955,0,30,38,0,30,0,30
957,Zr23Ta30Ti15Nb30V30,140.244372,0,30,30,15,30,0,23
935,Ti98V30,116.623385,0,0,0,98,30,0,0
928,Nb98V30,169.042769,0,98,0,0,30,0,0
950,Zr23Nb30V15Mo30W30,188.851821,30,30,0,0,15,30,23
960,Zr23Ti30Nb30V15W30,149.458793,0,30,0,30,15,30,23
951,Ta30Ti15V30Mo30W23,208.476139,30,0,30,15,30,23,0
987,Zr30Ti38V30Mo30,129.132447,30,0,0,38,30,0,30
992,Zr30Ta38Ti30Nb30,128.075099,0,30,38,30,0,0,30
968,Zr15Ta30Ti15V23Mo15W30,183.940479,15,0,30,15,23,30,15
945,Zr23Ta15Nb30V30Mo30,162.714169,30,30,15,0,30,0,23
961,Zr23Ta30Ti30V15W30,154.772845,0,0,30,30,15,30,23
942,Ta15Ti30Nb30Mo30W23,193.307412,30,30,15,30,0,23,0
933,Ta98W30,219.290253,0,0,98,0,0,30,0
973,Zr30Ta30Nb38Mo30,161.19222,30,38,30,0,0,0,30
988,Zr30Ti38Mo30W30,153.798475,30,0,0,38,0,30,30
934,Zr30Ta98,155.871878,0,0,98,0,0,0,30
1010,Ti15Nb60Mo38W15,201.209901,38,60,0,15,0,15,0
1018,Ta60V15Mo38W15,223.598003,38,0,60,0,15,15,0
1069,Zr15Nb60V38W15,163.134687,0,60,0,0,38,15,15
1044,Ti15Nb38V15Mo60,202.186472,60,38,0,15,15,0,0
1035,Ta38Ti60V15W15,150.178626,0,0,38,60,15,15,0
1017,Zr15Ta60Ti15Mo38,178.768507,38,0,60,15,0,0,15
1003,Zr30Ta30V38W30,163.96731,0,0,30,0,38,30,30
1028,Ta60Nb38V15W15,197.047187,0,38,60,0,15,15,0
1051,Ta38Ti15Mo60W15,222.561287,60,0,38,15,0,15,0
1066,Ti38Nb60V15W15,158.119,0,60,0,38,15,15,0
1011,Zr15Ti15Nb60Mo38,166.49779,38,60,0,15,0,0,15
1045,Ti15Nb38Mo60W15,212.453208,60,38,0,15,0,15,0
1050,Ta38Ti15V15Mo60,207.659716,60,0,38,15,15,0,0
1016,Ta60Ti15Mo38W15,211.406583,38,0,60,15,0,15,0
1027,Zr15Ta60Ti15Nb38,155.839139,0,38,60,15,0,0,15
1058,Zr15Ti38Mo60W15,179.58194,60,0,0,38,0,15,15
1021,Ti60V15Mo38W15,168.522786,38,0,0,60,15,15,0
1020,Zr15Ta60Mo38W15,202.789551,38,0,60,0,0,15,15
1026,Ta60Ti15Nb38W15,187.592916,0,38,60,15,0,15,0
1067,Zr15Ti38Nb60V15,131.190004,0,60,0,38,15,0,15
1059,Zr15V38Mo60W15,206.691783,60,0,0,0,38,15,15
1019,Zr15Ta60V15Mo38,188.331876,38,0,60,0,15,0,15
1042,Ta15Nb38Mo60W15,229.714909,60,38,15,0,0,15,0
1056,Ti38V15Mo60W15,198.549491,60,0,0,38,15,15,0
1029,Zr15Ta60Nb38V15,165.84697,0,38,60,0,15,0,15
1043,Zr15Ta15Nb38Mo60,197.335757,60,38,15,0,0,0,15
1109,Zr30V15W83,209.965853,0,0,0,0,15,83,30
1108,Zr30Ti15W83,199.042896,0,0,0,15,0,83,30
1106,Ti15V83W30,194.75458,0,0,0,15,83,30,0
1080,Ta83Ti30Mo15,176.703798,15,0,83,30,0,0,0
1075,Ta30Nb83Mo15,186.782448,15,83,30,0,0,0,0
1087,V83Mo15W30,216.991415,15,0,0,0,83,30,0
1100,Ta15Ti83V30,125.507338,0,0,15,83,30,0,0
1072,Zr15Ta60Ti38W15,152.46538,0,0,60,38,0,15,15
1088,Zr30V83Mo15,141.719768,15,0,0,0,83,0,30
1073,Zr15Ta60V38W15,175.429366,0,0,60,0,38,15,15
1115,Ti60Nb23Mo15W30,165.616354,15,23,0,60,0,30,0
1086,Zr30Ti83Mo15,106.847857,15,0,0,83,0,0,30
1089,Zr30Mo15W83,220.890096,15,0,0,0,0,83,30
1092,Ta83Nb15W30,214.408466,0,15,83,0,0,30,0
1107,Zr30Ti15V83,125.401383,0,0,0,15,83,0,30
1101,Ta15Ti83W30,144.960575,0,0,15,83,0,30,0
1093,Zr30Ta83Nb15,153.276841,0,15,83,0,0,0,30
1095,Ti83Nb15W30,141.489103,0,15,0,83,0,30,0
1081,Ta83V30Mo15,198.106361,15,0,83,0,30,0,0
1123,Ta23V60Mo15W30,217.3056,15,0,23,0,60,30,0
1074,Zr15Ti60V38W15,127.53315,0,0,0,60,38,15,15
1114,Ti60Nb23V30Mo15,141.488126,15,23,0,60,30,0,0
1162,Zr90Ti38,89.918333,0,0,0,38,0,0,90
1153,Nb38V90,175.979529,0,38,0,0,90,0,0
1130,Ta23Ti60Nb15V30,137.247617,0,15,23,60,30,0,0
1149,Mo38W90,285.178749,38,0,0,0,0,90,0
1147,Ti90Mo38,135.631279,38,0,0,90,0,0,0
1138,Zr30Ti23Nb15W60,172.057889,0,15,0,23,0,60,30
1164,Zr90V38,96.047028,0,0,0,0,38,0,90
1148,V90Mo38,204.615438,38,0,0,0,90,0,0
1165,Zr90W38,113.11327,0,0,0,0,0,38,90
1163,V38W90,270.040536,0,0,0,0,38,90,0
1154,Nb38W90,262.190653,0,38,0,0,0,90,0
1177,Ta90Ti38,161.058604,0,0,90,38,0,0,0
1137,Zr30Ti23Nb15V60,123.045683,0,15,0,23,60,0,30
1155,Zr90Nb38,96.953667,0,38,0,0,0,0,90
1139,Zr30Nb15V23W60,185.676701,0,15,0,0,23,60,30
1136,Ti23Nb15V60W30,185.335968,0,15,0,23,60,30,0
1170,Mo90W38,274.090758,90,0,0,0,0,38,0
1141,Zr30Ta15Ti23V60,125.650426,0,0,15,23,60,0,30
1131,Ta23Ti60Nb15W30,160.378641,0,15,23,60,0,30,0
1178,Ta90V38,191.556997,0,0,90,0,38,0,0
1152,Ti90Nb38,119.457367,0,38,0,90,0,0,0
1222,Zr60V45W23,122.79635,0,0,0,0,45,23,60
1185,Zr38V90,125.439821,0,0,0,0,90,0,38
1248,Zr15Ta45Nb38V15Mo15,171.024072,15,38,45,0,15,0,15
1191,Nb23Mo45W60,263.773015,45,23,0,0,0,60,0
1198,Ti23Mo45W60,244.302813,45,0,0,23,0,60,0
1196,Zr60Ta23Mo45,138.785468,45,0,23,0,0,0,60
1224,Ta15Ti30Nb30Mo38W15,191.772149,38,30,15,30,0,15,0
1240,Zr15Ta30Ti15Nb38W30,175.85852,0,38,30,15,0,30,15
1238,Ta30Ti15Nb38V30W15,180.524978,0,38,30,15,30,15,0
1215,Zr60Ta45Ti23,110.050828,0,0,45,23,0,0,60
1246,Zr15Ta45Ti15Nb38Mo15,162.114985,15,38,45,15,0,0,15
1225,Zr15Ta15Ti30Nb30Mo38,157.776617,38,30,15,30,0,0,15
1214,Ta45Ti23W60,220.71888,0,0,45,23,0,60,0
1190,Nb23V60Mo45,205.003662,45,23,0,0,60,0,0
1254,Ta38Ti45V15Mo15W15,169.779101,15,0,38,45,15,15,0
1183,Zr38Ti90,92.976756,0,0,0,90,0,0,38
1197,Ti23V60Mo45,188.447736,45,0,0,23,60,0,0
1249,Zr15Ta45Nb38Mo15W15,184.324017,15,38,45,0,0,15,15
1247,Ta45Nb38V15Mo15W15,202.989115,15,38,45,0,15,15,0
1184,V90W38,215.207106,0,0,0,0,90,38,0
1199,Zr60Ti23Mo45,124.19216,45,0,0,23,0,0,60
1213,Ta45Ti23V60,165.267622,0,0,45,23,60,0,0
1223,Ta15Ti30Nb30V15Mo38,177.526201,38,30,15,30,15,0,0
1212,Zr60Nb45W23,128.741287,0,45,0,0,0,23,60
1241,Zr15Ta30Nb38V15W30,185.153069,0,38,30,0,15,30,15
1207,Ti23Nb45V60,156.239812,0,45,0,23,60,0,0
1271,Ta15V98Mo15,192.227293,15,0,15,0,98,0,0
1282,Ta15Nb15W98,279.271467,0,15,15,0,0,98,0
1290,Ta15Ti15V98,168.912733,0,0,15,15,98,0,0
1297,Zr98Ti15V15,89.898539,0,0,0,15,15,0,98
1285,Ti15Nb15W98,257.606596,0,15,0,15,0,98,0
1270,Ta15Ti98Mo15,124.162472,15,0,15,98,0,0,0
1276,Zr98Ti15Mo15,96.645376,15,0,0,15,0,0,98
1304,Zr45Ta23Nb30V15Mo15,134.808317,15,30,23,0,15,0,45
1279,Zr98Mo15W15,105.216444,15,0,0,0,0,15,98
1296,Ti15V15W98,261.80874,0,0,0,15,15,98,0
1264,Zr15Ta15Ti38V45W15,141.205337,0,0,15,38,45,15,15
1303,Ta23Nb30V15Mo15W45,229.24696,15,30,23,0,15,45,0
1302,Zr45Ta23Ti15Nb30Mo15,127.934825,15,30,23,15,0,0,45
1263,Zr15Ti38Nb15V45W15,138.046303,0,15,0,38,45,15,15
1284,Ti15Nb15V98,165.747218,0,15,0,15,98,0,0
1262,Zr15Ta38Nb15V45W15,171.686085,0,15,38,0,45,15,15
1305,Zr45Ta23Nb30Mo15W15,147.926187,15,30,23,0,0,15,45
1317,Zr45Ta30Ti23Nb15W15,127.293796,0,15,30,23,0,15,45
1277,V15Mo15W98,284.543504,15,0,0,0,15,98,0
1255,Zr15Ta38Ti45V15Mo15,140.068029,15,0,38,45,15,0,15
1283,Zr98Ta15Nb15,94.408467,0,15,15,0,0,0,98
1278,Zr98V15Mo15,97.977789,15,0,0,0,15,0,98
1359,Ta45Nb15V68,183.267137,0,15,45,0,68,0,0
1334,Zr45Ta30V15Mo15W23,152.96971,15,0,30,0,15,23,45
1367,Zr68Nb15W45,132.763228,0,15,0,0,0,45,68
1360,Ta45Nb15W68,243.767632,0,15,45,0,0,68,0
1375,Zr68Ti15V45,100.287799,0,0,0,15,45,0,68
1319,Zr45Ti30Nb15V23W15,118.164311,0,15,0,30,23,15,45
1368,Ta15Ti45V68,144.088573,0,0,15,45,68,0,0
1357,Zr68Mo15W45,139.301439,15,0,0,0,0,45,68
1342,Zr15Ta15Ti38Nb15V15Mo15W15,152.191829,15,15,15,38,15,15,15
1366,Zr68Nb15V45,105.505469,0,15,0,0,45,0,68
1361,Zr68Ta45Nb15,114.228754,0,15,45,0,0,0,68
1356,Zr68V45Mo15,106.372804,15,0,0,0,45,0,68
1369,Ta15Ti45W68,205.01391,0,0,15,45,0,68,0
1333,Zr45Ta30Ti15Mo15W23,145.946853,15,0,30,15,0,23,45
1358,Ta45Ti68Nb15,137.466158,0,15,45,68,0,0,0
1320,Zr45Ta15Ti30V23W15,119.805019,0,0,15,30,23,15,45
1373,Zr68Ta15W45,135.228454,0,0,15,0,0,45,68
1351,Zr68Ta45Mo15,120.982219,15,0,45,0,0,0,68
1335,Zr45Ti30V15Mo15W23,130.880717,15,0,0,30,15,23,45
1326,Zr45Ta15Nb30Mo15W23,151.850275,15,30,15,0,0,23,45
1332,Zr45Ta30Ti15V23Mo15,128.253075,15,0,30,15,23,0,45
1345,Nb45V68Mo15,183.597407,15,45,0,0,68,0,0
1350,Ta45Mo15W68,255.084032,15,0,45,0,0,68,0
1420,Zr75Mo15W38,128.011345,15,0,0,0,0,38,75
1417,Zr75Ti38Mo15,99.156349,15,0,0,38,0,0,75
1426,Ti38Nb15W75,215.258739,0,15,0,38,0,75,0
1386,Ta53Ti30Nb15Mo15W15,183.589311,15,15,53,30,0,15,0
1421,Ta38Ti75Nb15,132.044054,0,15,38,75,0,0,0
1387,Zr15Ta53Ti30Nb15Mo15,153.868321,15,15,53,30,0,0,15
1428,Nb15V38W75,244.312864,0,15,0,0,38,75,0
1410,Zr75Nb38Mo15,109.706131,15,38,0,0,0,0,75
1394,Zr15Nb15V53Mo15W30,187.82933,15,15,0,0,53,30,15
1432,Ta15Ti38W75,217.542831,0,0,15,38,0,75,0
1391,Ti53Nb15V30Mo15W15,157.982207,15,15,0,53,30,15,0
1435,Zr75Ta15V38,105.762898,0,0,15,0,38,0,75
1427,Zr75Ti38Nb15,93.564398,0,15,0,38,0,0,75
1395,Ta15Ti53V30Mo15W15,161.025332,15,0,15,53,30,15,0
1411,Ta38Ti75Mo15,140.034611,15,0,38,75,0,0,0
1419,Zr75V38Mo15,105.110708,15,0,0,0,38,0,75
1403,Zr15Ta15Nb15V53W30,178.32844,0,15,15,0,53,30,15
1443,Zr38Ta15Ti15Nb45Mo15,134.025076,15,45,15,15,0,0,38
1442,Ta15Ti15Nb45Mo15W38,207.95324,15,45,15,15,0,38,0
1429,Zr75Nb15V38,103.173037,0,15,0,0,38,0,75
1389,Zr15Ta53Nb15V30Mo15,171.576824,15,15,53,0,30,0,15
1416,Ti38Mo15W75,226.121347,15,0,0,38,0,75,0
1405,Zr15Ta15Ti15V53W30,168.593835,0,0,15,15,53,30,15
1418,V38Mo15W75,264.500142,15,0,0,0,38,75,0
1393,Zr15Ti53Nb15Mo15W30,153.415693,15,15,0,53,0,30,15
1392,Zr15Ti53Nb15V30Mo15,129.487237,15,15,0,53,30,0,15
1489,Ti23Nb15V15Mo30W45,218.987632,30,15,0,23,15,45,0
1500,Zr45Ta15Ti23Nb30W15,126.346005,0,30,15,23,0,15,45
1488,Zr45Ta23Nb15Mo30W15,157.251509,30,15,23,0,0,15,45
1481,Zr45Ti15Nb30V15W23,130.352115,0,30,0,15,15,23,45
1475,Zr45Ta15V15Mo30W23,158.145872,30,0,15,0,15,23,45
1514,Ta30Ti38V45Mo15,160.380823,15,0,30,38,45,0,0
1451,Ta45Ti15V15Mo15W38,215.011894,15,0,45,15,15,38,0
1509,Ti38Nb30Mo15W45,194.813221,15,30,0,38,0,45,0
1512,Zr45Nb30V38Mo15,127.023944,15,30,0,0,38,0,45
1506,Ta38Nb30Mo15W45,233.108059,15,30,38,0,0,45,0
1486,Ta23Nb15V15Mo30W45,239.392833,30,15,23,0,15,45,0
1473,Zr45Ta15Ti15V23Mo30,133.04531,30,0,15,15,23,0,45
1474,Zr45Ta15Ti15Mo30W23,149.923906,30,0,15,15,0,23,45
1472,Ta15Ti15V23Mo30W45,228.62177,30,0,15,15,23,45,0
1487,Zr45Ta23Nb15V15Mo30,143.643029,30,15,23,0,15,0,45
1469,Zr45Ti15Nb15V23Mo30,130.226959,30,15,0,15,23,0,45
1507,Zr45Ta38Nb30Mo15,138.943542,15,30,38,0,0,0,45
1508,Ti38Nb30V45Mo15,154.806322,15,30,0,38,45,0,0
1501,Zr45Ta15Nb30V23W15,135.649566,0,30,15,0,23,15,45
1444,Ta15Nb45V15Mo15W38,219.931885,15,45,15,0,15,38,0
1456,Ta45Ti15Nb15V15W38,204.071438,0,15,45,15,15,38,0
1480,Zr45Ta15Nb30V15W23,143.447404,0,30,15,0,15,23,45
1445,Zr38Ta15Nb45V15Mo15,140.468204,15,45,15,0,15,0,38
1513,Zr45Nb30Mo15W38,160.878919,15,30,0,0,0,38,45
1531,Zr45Ti30Nb15V38,106.618925,0,15,0,30,38,0,45
1565,Ta23Ti45W60,198.284661,0,0,23,45,0,60,0
1582,Zr15Ta38Ti15Nb30V15Mo15,160.40547,15,30,38,15,15,0,15
1564,Ta23Ti45V60,144.403123,0,0,23,45,60,0,0
1548,Ti45V60Mo23,155.113367,23,0,0,45,60,0,0
1541,Nb45V60Mo23,187.587591,23,45,0,0,60,0,0
1522,Zr45Ti30Mo15W38,141.8348,15,0,0,30,0,38,45
1583,Zr15Ta38Ti15Nb30Mo15W15,173.546035,15,30,38,15,0,15,15
1579,Zr15Ta15Ti30V15Mo15W38,177.453578,15,0,15,30,15,38,15
1562,Zr60Nb23V45,111.205933,0,23,0,0,45,0,60
1552,Zr60V45Mo23,119.029195,23,0,0,0,45,0,60
1554,Ta45Ti60Nb23,140.176982,0,23,45,60,0,0,0
1585,Zr15Ti38Nb30V15Mo15W15,149.918836,15,30,0,38,15,15,15
1555,Ta45Nb23V60,183.414911,0,23,45,0,60,0,0
1536,Zr45Ta15Ti30W38,136.177192,0,0,15,30,0,38,45
1530,Ti30Nb15V38W45,192.340965,0,15,0,30,38,45,0
1537,Zr45Ta15V30W38,150.673366,0,0,15,0,30,38,45
1538,Zr45Ti15V30W38,139.480619,0,0,0,15,30,38,45
1571,Zr60Ti23V45,103.436532,0,0,0,23,45,0,60
1539,Ta60Nb45Mo23,198.79736,23,45,60,0,0,0,0
1563,Zr60Nb23W45,144.047343,0,23,0,0,0,45,60
1553,Zr60Mo23W45,155.395727,23,0,0,0,0,45,60
1525,Ta30Ti38Nb15W45,191.394353,0,15,30,38,0,45,0
1614,Ti38Nb60V30,146.42775,0,60,0,38,30,0,0
1649,Zr30Ti15Nb30V23W30,149.773181,0,30,0,15,23,30,30
1597,Nb38V30Mo60,211.705198,60,38,0,0,30,0,0
1631,Ta23Ti30Nb15Mo30W30,202.255875,30,15,23,30,0,30,0
1646,Zr30Ta15Ti23Nb30V30,127.142187,0,30,15,23,30,0,30
1622,Zr30Ta60Ti38,127.422673,0,0,60,38,0,0,30
1609,Zr30Mo60W38,208.368341,60,0,0,0,0,38,30
1664,Ta23V30Mo75,229.054678,75,0,23,0,30,0,0
1615,Ti38Nb60W30,171.814452,0,60,0,38,0,30,0
1623,Ta60V38W30,211.246046,0,0,60,0,38,30,0
1625,Zr30Ta60W38,181.15786,0,0,60,0,0,38,30
1638,Zr30Ti23Nb15Mo30W30,164.765007,30,15,0,23,0,30,30
1591,Zr15Ta15Nb23V45Mo15W15,175.359119,15,23,15,0,45,15,15
1599,Zr30Nb38Mo60,173.769208,60,38,0,0,0,0,30
1640,Ta15Ti23V30Mo30W30,207.017801,30,0,15,23,30,30,0
1663,Ta23Ti30Mo75,203.788534,75,0,23,30,0,0,0
1648,Zr30Ta15Nb30V23W30,160.670472,0,30,15,0,23,30,30
1641,Zr30Ta15Ti23V30Mo30,140.38198,30,0,15,23,30,0,30
1607,V38Mo60W30,247.135466,60,0,0,0,38,30,0
1596,Ti30Nb38Mo60,190.056928,60,38,0,30,0,0,0
1647,Zr30Ta15Ti23Nb30W30,149.357244,0,30,15,23,0,30,30
1613,Zr30Ta38Nb60,145.335391,0,60,38,0,0,0,30
1612,Ta38Nb60W30,205.168425,0,60,38,0,0,30,0
1600,Ta38Ti30Mo60,196.627412,60,0,38,30,0,0,0
1598,Nb38Mo60W30,237.6561,60,38,0,0,0,30,0
1590,Zr15Ta15Ti45Nb23Mo15W15,148.056006,15,23,15,45,0,15,15
1624,Zr30Ta60V38,145.435298,0,0,60,0,38,0,30
1608,Zr30V38Mo60,170.191414,60,0,0,0,38,0,30
1678,Ti23Nb75W30,182.065481,0,75,0,23,0,30,0
1671,Zr30V23Mo75,181.92582,75,0,0,0,23,0,30
1718,Zr23Ti15Mo75W15,195.963497,75,0,0,15,0,15,23
1684,Ta75Ti23W30,197.811284,0,0,75,23,0,30,0
1687,Zr30Ta75V23,149.377851,0,0,75,0,23,0,30
1733,Zr23Ta75V15W15,168.900363,0,0,75,0,15,15,23
1697,Zr38Ti30Nb15V15Mo15W15,130.816062,15,15,0,30,15,15,38
1726,Ti15Nb75V15W23,181.358243,0,75,0,15,15,23,0
1670,V23Mo75W30,257.29456,75,0,0,0,23,30,0
1732,Zr23Ta75Ti15W15,160.400886,0,0,75,15,0,15,23
1704,Ti15Nb15V23Mo75,210.924147,75,15,0,15,23,0,0
1679,Zr30Ti23Nb75,126.531166,0,75,0,23,0,0,30
1703,Zr23Ta15Nb15Mo75,196.15916,75,15,15,0,0,0,23
1685,Zr30Ta75Ti23,137.977324,0,0,75,23,0,0,30
1729,Zr23Nb75V15W15,154.683891,0,75,0,0,15,15,23
1735,Ta15Ti15Nb15V38Mo30W15,197.571824,30,15,15,15,38,15,0
1705,Ti15Nb15Mo75W23,233.874742,75,15,0,15,0,23,0
1683,Ta75Ti23V30,169.104638,0,0,75,23,30,0,0
1728,Zr23Ti15Nb75W15,147.390031,0,75,0,15,0,15,23
1721,Ta15Ti15Nb75W23,185.514819,0,75,15,15,0,23,0
1682,Zr30Nb75W23,155.292772,0,75,0,0,0,23,30
1677,Ti23Nb75V30,155.386495,0,75,0,23,30,0,0
1702,Ta15Nb15Mo75W23,244.080871,75,15,15,0,0,23,0
1717,Zr23Ti15V15Mo75,181.035248,75,0,0,15,15,0,23
1676,Zr30Ta23Nb75,142.632031,0,75,23,0,0,0,30
1716,Ti15V15Mo75W23,234.92651,75,0,0,15,15,23,0
1734,Zr23Ti75V15W15,114.79052,0,0,0,75,15,15,23
1719,Zr23V15Mo75W15,206.033416,75,0,0,0,15,15,23
1768,Ti30Nb45V23Mo30,168.704211,30,45,0,30,23,0,0
1814,Zr68Ti15Nb15Mo15W15,116.471676,15,15,0,15,0,15,68
1786,Zr23Ta45Ti30Nb30,136.320787,0,30,45,30,0,0,23
1813,Zr68Ti15Nb15V15Mo15,107.837938,15,15,0,15,15,0,68
1774,Ta45Ti30V23Mo30,177.882741,30,0,45,30,23,0,0
1792,Zr23Ti45Nb30W30,141.388461,0,30,0,45,0,30,23
1773,Zr23Nb45Mo30W30,190.733748,30,45,0,0,0,30,23
1809,Ta15Nb15V15Mo15W68,251.647212,15,15,15,0,15,68,0
1815,Zr68Nb15V15Mo15W15,120.695462,15,15,0,0,15,15,68
1794,Ta30Ti45V30W23,165.381941,0,0,30,45,30,23,0
1795,Zr23Ta30Ti45V30,124.89019,0,0,30,45,30,0,23
1757,Ta38Ti15Nb30V15W30,195.168364,0,30,38,15,15,30,0
1793,Zr23Nb30V45W30,167.579219,0,30,0,0,45,30,23
1788,Zr23Ta45Nb30V30,153.599637,0,30,45,0,30,0,23
1761,Zr30Ti38Nb30V15W15,127.844658,0,30,0,38,15,15,30
1756,Zr30Ti38V15Mo30W15,142.116259,30,0,0,38,15,15,30
1760,Zr30Ta38Nb30V15W15,155.935516,0,30,38,0,15,15,30
1750,Zr30Ti15Nb38Mo30W15,158.138993,30,38,0,15,0,15,30
1812,Ti15Nb15V15Mo15W68,235.917098,15,15,0,15,15,68,0
1759,Zr30Ta38Ti15Nb30W15,147.261475,0,30,38,15,0,15,30
1766,Ta30Nb45Mo30W23,218.03572,30,45,30,0,0,23,0
1789,Zr23Ta45Nb30W30,179.406735,0,30,45,0,0,30,23
1767,Zr23Ta30Nb45Mo30,168.861555,30,45,30,0,0,0,23
1751,Zr30Nb38V15Mo30W15,166.131386,30,38,0,0,15,15,30
1758,Zr30Ta38Ti15Nb30V15,135.846342,0,30,38,15,15,0,30
1769,Ti30Nb45Mo30W23,190.588137,30,45,0,30,0,23,0
1841,Zr15Ta30Ti15Nb15V38W15,158.168366,0,15,30,15,38,15,15
1848,Zr15Ta23Ti45Nb15V15W15,140.193654,0,15,23,45,15,15,15
1863,Zr30Ta15V53Mo30,152.681216,30,0,15,0,53,0,30
1876,Zr30Ti15Nb30V53,124.871651,0,30,0,15,53,0,30
1862,Ta15V53Mo30W30,228.431561,30,0,15,0,53,30,0
1831,Zr45Ti15Nb15V15Mo23W15,137.18461,23,15,0,15,15,15,45
1877,Zr30Ti15Nb30W53,171.669937,0,30,0,15,0,53,30
1823,Zr68Ta15Ti15Nb15W15,113.041112,0,15,15,15,0,15,68
1847,Zr15Ta23Ti45V15Mo15W15,147.795756,15,0,23,45,15,15,15
1824,Zr68Ta15Nb15V15W15,117.505176,0,15,15,0,15,15,68
1822,Zr68Ta15Ti15Nb15V15,104.804937,0,15,15,15,15,0,68
1838,Zr15Ta15Nb30V38Mo15W15,174.883348,15,30,15,0,38,15,15
1825,Zr68Ti15Nb15V15W15,108.580254,0,15,0,15,15,15,68
1855,Zr30Ti53Nb15Mo30,125.928462,30,15,0,53,0,0,30
1846,Zr15Ti45Nb23V15Mo15W15,145.724451,15,23,0,45,15,15,15
1871,Zr30Ta15Ti53Nb30,115.104734,0,30,15,53,0,0,30
1849,Ta53Ti30Nb15Mo30,180.801157,30,15,53,30,0,0,0
1865,Ti15V53Mo30W30,212.647711,30,0,0,15,53,30,0
1870,Ta15Ti53Nb30W30,162.612418,0,30,15,53,0,30,0
1852,Zr30Ta53Nb15Mo30,166.371757,30,15,53,0,0,0,30
1864,Zr30Ta15Mo30W53,206.319843,30,0,15,0,0,53,30
1836,Zr15Ta15Ti38Nb30V15Mo15,140.842441,15,30,15,38,15,0,15
1840,Zr15Ta30Ti15V38Mo15W15,167.679223,15,0,30,15,38,15,15
1903,Zr45V38Mo15W30,149.980055,15,0,0,0,38,30,45
1878,Zr30Nb30V15W53,180.703943,0,30,0,0,15,53,30
1904,Ta38Ti30Nb15V45,157.613246,0,15,38,30,45,0,0
1935,Ti45W83,217.049005,0,0,0,45,0,83,0
1883,Zr30Ti30V15W53,159.446084,0,0,0,30,15,53,30
1884,Ta30Ti45Nb38Mo15,155.811672,15,38,30,45,0,0,0
1902,Zr45Ti38Mo15W30,131.453367,15,0,0,38,0,30,45
1919,Nb83Mo45,204.177413,45,83,0,0,0,0,0
1916,Zr45Ta15Ti38W30,126.798654,0,0,15,38,0,30,45
1890,Zr45Ti30Nb38Mo15,117.853352,15,38,0,30,0,0,45
1905,Ta38Ti30Nb15W45,198.613597,0,15,38,30,0,45,0
1911,Zr45Ti38Nb15V30,106.735914,0,15,0,38,30,0,45
1882,Zr30Ta30V15W53,185.679265,0,0,30,0,15,53,30
1929,Zr83Nb45,100.995277,0,45,0,0,0,0,83
1917,Zr45Ta15V38W30,139.561559,0,0,15,0,38,30,45
1942,Zr23Ta45Ti15Nb15Mo30,161.288556,30,15,45,15,0,0,23
1944,Zr23Ta45Nb15V15Mo30,170.546862,30,15,45,0,15,0,23
1927,Nb45V83,175.544016,0,45,0,0,83,0,0
1879,Ta30Ti15V53W30,196.113891,0,0,30,15,53,30,0
1891,Nb38V30Mo15W45,224.614146,15,38,0,0,30,45,0
1910,Ti38Nb15V30W45,186.08249,0,15,0,38,30,45,0
1896,Zr45Ta38Ti30Mo15,122.702844,15,0,38,30,0,0,45
1899,Zr45Ta38Mo15W30,162.978458,15,0,38,0,0,30,45
1933,Zr83Ta45,105.540908,0,0,45,0,0,0,83
1934,Ti45V83,144.478604,0,0,0,45,83,0,0
1885,Ta30Nb38V45Mo15,187.52604,15,38,30,0,45,0,0
1932,Ta45W83,260.013654,0,0,45,0,0,83,0
1898,Zr45Ta38V30Mo15,135.359119,15,0,38,0,30,0,45
1989,Zr30Ti23Nb15V45Mo15,129.240244,15,15,0,23,45,0,30
2000,Zr30Ta15Nb15V23W45,174.340098,0,15,15,0,23,45,30
1956,Zr23Ta15Ti45Nb30V15,123.969204,0,30,15,45,15,0,23
2008,Ta30Ti83Mo15,134.236592,15,0,30,83,0,0,0
1950,Ta15Ti45V15Mo30W23,184.123732,30,0,15,45,15,23,0
1973,Zr15Ta15Ti38Mo15W45,178.933155,15,0,15,38,0,45,15
1993,Zr30Ta15Ti23V45Mo15,131.954012,15,0,15,23,45,0,30
2012,Ti30V83Mo15,163.140547,15,0,0,30,83,0,0
1975,Zr15Ti15V38Mo15W45,191.988801,15,0,0,15,38,45,15
2002,Zr30Ta15Ti15V23W45,164.208856,0,0,15,15,23,45,30
1992,Ta15Ti23V45Mo15W30,197.460917,15,0,15,23,45,30,0
1957,Zr23Ta15Ti45Nb30W15,133.057344,0,30,15,45,0,15,23
1968,Zr15Ti38Nb15V45Mo15,137.008124,15,15,0,38,45,0,15
2006,Nb30Mo15W83,266.753683,15,30,0,0,0,83,0
1960,Zr23Ta30Ti15V45W15,147.688955,0,0,30,15,45,15,23
1959,Zr23Ti15Nb30V45W15,143.047923,0,30,0,15,45,15,23
1966,Zr15Ta38Nb15Mo15W45,210.49008,15,15,38,0,0,45,15
2001,Zr30Ti15Nb15V23W45,161.263902,0,15,0,15,23,45,30
1974,Zr15Ta15V38Mo15W45,206.756298,15,0,15,0,38,45,15
1961,Ta38Ti45Nb15V15Mo15,157.981733,15,15,38,45,15,0,0
2009,Ta30V83Mo15,192.296338,15,0,30,0,83,0,0
1969,Zr15Ti38Nb15Mo15W45,175.685752,15,15,0,38,0,45,15
2007,Zr83Nb30Mo15,105.464434,15,30,0,0,0,0,83
1951,Zr23Ta15Ti45V15Mo30,136.25372,30,0,15,45,15,0,23
1987,Zr30Ta23Nb15Mo15W45,188.086485,15,15,23,0,0,45,30
1988,Ti23Nb15V45Mo15W30,194.090289,15,15,0,23,45,30,0
1980,Zr15Ti15Nb15V38W45,180.170636,0,15,0,15,38,45,15
1995,Zr30Ta15V23Mo15W45,185.101174,15,0,15,0,23,45,30
1967,Ti38Nb15V45Mo15W15,168.392885,15,15,0,38,45,15,0
1958,Zr23Ta15Nb30V45W15,155.262328,0,30,15,0,45,15,23
1994,Zr30Ta15Ti23Mo15W45,169.930123,15,0,15,23,0,45,30
1972,Zr15Ta15Ti38V45Mo15,139.755073,15,0,15,38,45,0,15
2052,Zr30Mo68W30,205.54566,68,0,0,0,0,30,30
2062,Zr30Nb68W30,162.336264,0,68,0,0,0,30,30
2054,Ta30Nb68V30,178.750763,0,68,30,0,30,0,0
2030,Zr83Ta15Ti30,95.58233,0,0,15,30,0,0,83
2076,Ta15Nb15V53Mo15W30,214.097666,15,15,15,0,53,30,0
2037,Zr83V15W30,113.615145,0,0,0,0,15,30,83
2038,Ta30Nb30Mo68,220.628099,68,30,30,0,0,0,0
2065,Zr30Ta68Ti30,134.084799,0,0,68,30,0,0,30
2091,Zr30Ta15Nb15V15W53,183.103438,0,15,15,0,15,53,30
2039,Ti30Nb30Mo68,195.336612,68,30,0,30,0,0,0
2031,Ta15V30W83,258.258335,0,0,15,0,30,83,0
2040,Nb30V30Mo68,216.263823,68,30,0,0,30,0,0
2053,Ta30Ti30Nb68,157.989018,0,68,30,30,0,0,0
2078,Zr30Ta15Nb15Mo15W53,193.900926,15,15,15,0,0,53,30
2036,Zr83Ti15W30,108.865783,0,0,0,15,0,30,83
2049,Zr30Ti30Mo68,159.180261,68,0,0,30,0,0,30
2090,Zr30Ta15Ti15Nb15W53,174.324926,0,15,15,15,0,53,30
2071,Zr30Ti68W30,122.059117,0,0,0,68,0,30,30
2085,Zr30Ta15Ti15Mo15W53,183.48923,15,0,15,15,0,53,30
2082,Zr30Nb15V15Mo15W53,190.29362,15,15,0,0,15,53,30
2046,Zr30Ta30Mo68,185.30661,68,0,30,0,0,0,30
2064,Ta68Ti30W30,190.684493,0,0,68,30,0,30,0
2055,Ta30Nb68W30,204.65375,0,68,30,0,0,30,0
2063,Ta68Ti30V30,163.861002,0,0,68,30,30,0,0
2127,Ta53Ti45Mo30,169.611171,30,0,53,45,0,0,0
2135,Zr45V53Mo30,134.433694,30,0,0,0,53,0,45
2120,Zr15Ti23Nb15V60W15,149.039979,0,15,0,23,60,15,15
2110,Zr15Nb23V60Mo15W15,173.460551,15,23,0,0,60,15,15
2157,Ta15Ti23Nb15V30Mo45,187.509617,45,15,15,23,30,0,0
2126,Zr45Nb53Mo30,140.565658,30,53,0,0,0,0,45
2098,Zr15Ti30Nb38V15Mo15W15,154.446609,15,38,0,30,15,15,15
2161,Zr30Ta15Nb15V23Mo45,165.049429,45,15,15,0,23,0,30
2117,Zr15Ta23Ti60Nb15V15,123.326896,0,15,23,60,15,0,15
2119,Zr15Ta23Nb15V60W15,168.180048,0,15,23,0,60,15,15
2142,Ti53Nb30W45,173.719335,0,30,0,53,0,45,0
2151,Zr45Ta30V53,125.740725,0,0,30,0,53,0,45
2129,Ta53Mo30W45,242.715402,30,0,53,0,0,45,0
2159,Zr30Ta15Ti23Nb15Mo45,152.642545,45,15,15,23,0,0,30
2111,Ta23Ti60V15Mo15W15,155.477809,15,0,23,60,15,15,0
2096,Zr15Ta30Ti15Nb38Mo15W15,171.521492,15,38,30,15,0,15,15
2143,Zr45Ti53Nb30,105.086246,0,30,0,53,0,0,45
2118,Zr15Ta23Ti60Nb15W15,133.774663,0,15,23,60,0,15,15
2099,Zr15Ta38Ti30V15Mo15W15,161.907552,15,0,38,30,15,15,15
2156,Zr45V30W53,159.53748,0,0,0,0,30,53,45
2121,Zr15Ta15Ti23V60W15,152.201679,0,0,15,23,60,15,15
2150,Ta30V53W45,221.964798,0,0,30,0,53,45,0
2116,Ta23Ti60Nb15V15W15,147.846365,0,15,23,60,15,15,0
2145,Zr45Nb30V53,121.625996,0,30,0,0,53,0,45
2158,Ta15Ti23Nb15Mo45W30,216.851927,45,15,15,23,0,30,0
2144,Nb30V53W45,214.888278,0,30,0,0,53,45,0
2128,Ta53V45Mo30,201.796915,30,0,53,0,45,0,0
2097,Zr15Ta30Nb38V15Mo15W15,180.373152,15,38,30,0,15,15,15
2204,Ti30Nb15Mo38W45,218.795912,38,15,0,30,0,45,0
2170,Zr30Ta15V15Mo45W23,185.688763,45,0,15,0,15,23,30
2202,Zr45Ta30Nb15Mo38,149.202888,38,15,30,0,0,0,45
2232,Zr45Ta38V15W30,149.82867,0,0,38,0,15,30,45
2167,Ta15Ti15V23Mo45W30,224.323863,45,0,15,15,23,30,0
2205,Zr45Ti30Nb15Mo38,127.606349,38,15,0,30,0,0,45
2192,Zr30Ti15V23Mo45W15,164.222942,45,0,0,15,23,15,30
2235,Ta15Ti15Nb15Mo30W53,234.469985,30,15,15,15,0,53,0
2186,Zr30Ti23Nb15Mo45W15,160.863984,45,15,0,23,0,15,30
2187,Zr30Nb15V23Mo45W15,175.195823,45,15,0,0,23,15,30
35,Zr23Ta15Ti30Nb15V15Mo15W15,148.734386,15,15,15,30,15,15,23
19,Zr15Ta15Ti15Mo53W30,208.323995,53,0,15,15,0,30,15
26,Zr15Ti15Nb53V15W30,168.555281,0,53,0,15,15,30,15
28,Ta15Ti15Nb15V23Mo30W30,211.888024,30,15,15,15,23,30,0
10,Ta15Nb15V30Mo53W15,225.539548,53,15,15,0,30,15,0
27,Zr15Ta53Ti15V15W30,177.997228,0,0,53,15,15,30,15
11,Zr15Ta15Nb15V30Mo53,189.064713,53,15,15,0,30,0,15
29,Zr30Ta15Ti15Nb15V23Mo30,145.044603,30,15,15,15,23,0,30
18,Zr15Ta15Ti15V30Mo53,178.11881,53,0,15,15,30,0,15
20,Zr15Ta15V15Mo53W30,219.252134,53,0,15,0,15,30,15
21,Zr15Ti15V15Mo53W30,205.38166,53,0,0,15,15,30,15
16,Zr15Nb15V15Mo53W30,215.849093,53,15,0,0,15,30,15
17,Ta15Ti15V30Mo53W15,214.960186,53,0,15,15,30,15,0
34,Zr30Ta15Ti15Nb30V15W23,147.436208,0,30,15,15,15,23,30
86,Ta15Ti30Nb30V30W23,172.016221,0,30,15,30,30,23,0
69,Zr15Ta53V45W15,173.654423,0,0,53,0,45,15,15
87,Zr23Ta15Ti30Nb30V30,129.170852,0,30,15,30,30,0,23
56,Ta45Ti15Nb53V15,172.355168,0,53,45,15,15,0,0
45,Zr15Nb45Mo53W15,202.720388,53,45,0,0,0,15,15
75,Zr23Ta30Nb15V30Mo30,164.24313,30,15,30,0,30,0,23
89,Zr23Ta15Nb30V30W30,168.335536,0,30,15,0,30,30,23
88,Zr23Ta15Ti30Nb30W30,153.016128,0,30,15,30,0,30,23
74,Ta30Nb15V30Mo30W23,219.219493,30,15,30,0,30,23,0
108,Zr15Ta15Ti23Nb45V30,141.235752,0,45,15,23,30,0,15
80,Zr23Nb15V30Mo30W30,185.628127,30,15,0,0,30,30,23
71,Ta30Ti30Nb15V23Mo30,175.403891,30,15,30,30,23,0,0
85,Zr23Ti15V30Mo30W30,175.510663,30,0,0,15,30,30,23
95,Ta23Nb15V30Mo45W15,221.684315,45,15,23,0,30,15,0
107,Ta15Ti23Nb45V30W15,170.981192,0,45,15,23,30,15,0
50,Zr15Ta45V15Mo53,194.90122,53,0,45,0,15,0,15
51,Zr15Ta45Mo53W15,209.955662,53,0,45,0,0,15,15
101,Zr15Nb15V23Mo45W30,210.392419,45,15,0,0,23,30,15
42,Zr15Ti15Nb45Mo53,176.832568,53,45,0,15,0,0,15
72,Ta30Ti30Nb15Mo30W23,196.522072,30,15,30,30,0,23,0
81,Ta15Ti30V30Mo30W23,194.145311,30,0,15,30,30,23,0
61,Zr15Ta45Nb53W15,176.702428,0,53,45,0,0,15,15
66,Ta53Ti45V15W15,162.393005,0,0,53,45,15,15,0
67,Zr15Ta53Ti45V15,135.518353,0,0,53,45,15,0,15
58,Zr15Ta45Ti15Nb53,153.514415,0,53,45,15,0,0,15
106,Zr15Ti15V23Mo45W30,199.811864,45,0,0,15,23,30,15
109,Zr15Ta15Ti23Nb45W30,166.39798,0,45,15,23,0,30,15
44,Zr15Nb45V15Mo53,188.033487,53,45,0,0,15,0,15
43,Nb45V15Mo53W15,219.135994,53,45,0,0,15,15,0
100,Zr15Ti23Nb15Mo45W30,193.691709,45,15,0,23,0,30,15
103,Zr15Ta15Ti23V30Mo45,167.997524,45,0,15,23,30,0,15
73,Zr23Ta30Ti30Nb15Mo30,147.95487,30,15,30,30,0,0,23
93,Ta23Ti30Nb15Mo45W15,197.512014,45,15,23,30,0,15,0
139,Ti38Nb30Mo45W15,188.381302,45,30,0,38,0,15,0
163,Zr15Nb45V30W38,185.252881,0,45,0,0,30,38,15
184,Zr30Ti30Nb30Mo15W23,145.822036,15,30,0,30,0,23,30
138,Ti38Nb30V15Mo45,174.402431,45,30,0,38,15,0,0
155,Ta30Ti38Nb45W15,163.708854,0,45,30,38,0,15,0
190,Zr30Ti30V30Mo15W23,143.327497,15,0,0,30,30,23,30
136,Ta38Nb30Mo45W15,222.442681,45,30,38,0,0,15,0
147,Ta30V38Mo45W15,224.06099,45,0,30,0,38,15,0
165,Zr15Ta45Ti30V38,141.908983,0,0,45,30,38,0,15
148,Zr15Ta30V38Mo45,186.624704,45,0,30,0,38,0,15
137,Zr15Ta38Nb30Mo45,190.172353,45,30,38,0,0,0,15
176,Ta30Ti23Nb30V30Mo15,171.559026,15,30,30,23,30,0,0
153,Zr15V30Mo45W38,218.762336,45,0,0,0,30,38,15
162,Zr15Ti30Nb45W38,166.041169,0,45,0,30,0,38,15
154,Ta30Ti38Nb45V15,151.735348,0,45,30,38,15,0,0
170,Zr15Ta15Ti30Nb30V23Mo15,145.306219,15,30,15,30,23,0,15
182,Ti30Nb30V23Mo15W30,187.156741,15,30,0,30,23,30,0
183,Zr30Ti30Nb30V23Mo15,127.917273,15,30,0,30,23,0,30
131,Zr45Ta15Nb23V15W30,146.814652,0,23,15,0,15,30,45
178,Zr30Ta30Ti23Nb30Mo15,139.022268,15,30,30,23,0,0,30
152,Zr15Ti30Mo45W38,194.770404,45,0,0,30,0,38,15
164,Ta45Ti30V38W15,171.973099,0,0,45,30,38,15,0
130,Zr45Ta15Ti15Nb23W30,140.593568,0,23,15,15,0,30,45
113,Ta15Ti30Nb15V45Mo23,167.788759,23,15,15,30,45,0,0
114,Ta15Ti30Nb15Mo23W45,209.693949,23,15,15,30,0,45,0
191,Ta30Ti30Nb15V23W30,182.311339,0,15,30,30,23,30,0
177,Ta30Ti23Nb30Mo15W30,197.588681,15,30,30,23,0,30,0
141,Nb30V38Mo45W15,216.362715,45,30,0,0,38,15,0
199,Ta45Nb15V53Mo15,191.465339,15,15,45,0,53,0,0
240,Nb38V45Mo15W30,210.095126,15,38,0,0,45,30,0
207,Zr53Nb15Mo15W45,157.557464,15,15,0,0,0,45,53
230,Zr53Ta15Ti15W45,142.147088,0,0,15,15,0,45,53
215,Zr53Ti15V45Mo15,111.385115,15,0,0,15,45,0,53
264,Zr30Ta15Ti38V45,117.676206,0,0,15,38,45,0,30
225,Zr53Ti15Nb15V45,109.336756,0,15,0,15,45,0,53
196,Zr30Ta15Ti30V30W23,136.480017,0,0,15,30,30,23,30
214,Ti15V45Mo15W53,225.653172,15,0,0,15,45,53,0
254,Ta38Ti45Nb15W30,172.652114,0,15,38,45,0,30,0
212,Zr53Ta15V45Mo15,117.057931,15,0,15,0,45,0,53
248,Zr30Ta38Mo15W45,191.279026,15,0,38,0,0,45,30
209,Ta15Ti45Mo15W53,202.630568,15,0,15,45,0,53,0
249,Ti38V45Mo15W30,184.739718,15,0,0,38,45,30,0
208,Ta15Ti45V53Mo15,153.660597,15,0,15,45,53,0,0
238,Ti45Nb38Mo15W30,175.860527,15,38,0,45,0,30,0
224,Ti15Nb15V45W53,211.901626,0,15,0,15,45,53,0
223,Zr53Ta15Nb15W45,151.226026,0,15,15,0,0,45,53
246,Ta38V45Mo15W30,218.951944,15,0,38,0,45,30,0
213,Zr53Ta15Mo15W45,160.169929,15,0,15,0,0,45,53
263,Ta15Ti38V45W30,175.251628,0,0,15,38,45,30,0
247,Zr30Ta38V45Mo15,150.068065,15,0,38,0,45,0,30
197,Zr15Ta15Ti15Nb15V15Mo23W30,187.290317,23,15,15,15,15,30,15
206,Zr53Nb15V45Mo15,114.560286,15,15,0,0,45,0,53
198,Ta45Ti53Nb15Mo15,154.484289,15,15,45,53,0,0,0
201,Zr53Ta45Nb15Mo15,134.20527,15,15,45,0,0,0,53
255,Zr30Ta38Ti45Nb15,121.522254,0,15,38,45,0,0,30
243,Ta38Ti45V30Mo15,156.014449,15,0,38,45,30,0,0
222,Zr53Ta15Nb15V45,112.114775,0,15,15,0,45,0,53
241,Zr30Nb38V45Mo15,142.263914,15,38,0,0,45,0,30
285,Zr30Ti45V23Mo30,127.267778,30,0,0,45,23,0,30
305,Zr15Ta30Ti15Nb15Mo38W15,185.815916,38,15,30,15,0,15,15
331,Ta15Ti45Nb30Mo38,168.442847,38,30,15,45,0,0,0
271,Zr30Ta23Nb45Mo30,158.565611,30,45,23,0,0,0,30
310,Nb53Mo75,222.465632,75,53,0,0,0,0,0
277,Zr30Nb45Mo30W23,174.206909,30,45,0,0,0,23,30
333,Ta15Nb30Mo38W45,244.137777,38,30,15,0,0,45,0
288,Ta45Ti23Nb30V30,164.523026,0,30,45,23,30,0,0
335,Ti15Nb30V45Mo38,187.536028,38,30,0,15,45,0,0
283,Zr30Ta45Mo30W23,182.304537,30,0,45,0,0,23,30
278,Ta45Ti23V30Mo30,183.606202,30,0,45,23,30,0,0
282,Zr30Ta45V23Mo30,161.574489,30,0,45,0,23,0,30
304,Zr15Ta30Ti15Nb15V15Mo38,172.059451,38,15,30,15,15,0,15
342,Ta30Ti15Mo38W45,233.836124,38,0,30,15,0,45,0
299,Zr30Ta30Ti45V23,119.672137,0,0,30,45,23,0,30
332,Ta15Nb30V45Mo38,201.850121,38,30,15,0,45,0,0
302,Zr30Ti30V45W23,134.396881,0,0,0,30,45,23,30
303,Ta30Ti15Nb15V15Mo38W15,205.32517,38,15,30,15,15,15,0
284,Ti45V23Mo30W30,186.793274,30,0,0,45,23,30,0
276,Zr30Nb45V23Mo30,153.017611,30,45,0,0,23,0,30
270,Ta23Nb45Mo30W30,222.974361,30,45,23,0,0,30,0
279,Ta45Ti23Mo30W30,211.804113,30,0,45,23,0,30,0
334,Zr45Ta15Nb30Mo38,145.789769,38,30,15,0,0,0,45
265,Zr30Ta15Ti38W45,152.75715,0,0,15,38,0,45,30
326,Ti75W53,166.336134,0,0,0,75,0,53,0
297,Zr30Nb30V45W23,151.147377,0,30,0,0,45,23,30
290,Zr30Ta45Ti23Nb30,134.946413,0,30,45,23,0,0,30
321,Ta75Ti53,149.662486,0,0,75,53,0,0,0
319,Nb75W53,220.698147,0,75,0,0,0,53,0
366,Ta45Ti38Nb15V15Mo15,162.993757,15,15,45,38,15,0,0
404,Ta60Ti15V38Mo15,182.720848,15,0,60,15,38,0,0
403,Zr38Nb60Mo15W15,149.311162,15,60,0,0,0,15,38
358,Zr45Ti30Nb38V15,112.180778,0,38,0,30,15,0,45
361,Ta38Ti30V15W45,199.286843,0,0,38,30,15,45,0
373,Zr15Ti45Nb15V38Mo15,133.298448,15,15,0,45,38,0,15
386,Zr15Ta15Ti15V45W38,177.322564,0,0,15,15,45,38,15
393,Zr15Ta45Ti15Nb23V15W15,162.909014,0,23,45,15,15,15,15
387,Ta15Ti15Nb45V15Mo23W15,192.239879,23,45,15,15,15,15,0
389,Zr15Ta15Ti15Nb45Mo23W15,171.874908,23,45,15,15,0,15,15
351,Ta30Ti15Nb38V45,167.818615,0,38,30,15,45,0,0
367,Ta45Ti38Nb15Mo15W15,176.483252,15,15,45,38,0,15,0
402,Zr38Nb60V15Mo15,136.595613,15,60,0,0,15,0,38
356,Zr45Ta30Nb38W15,141.488319,0,38,30,0,0,15,45
394,Ta15Ti38Nb60Mo15,158.933986,15,60,15,38,0,0,0
359,Zr45Ti30Nb38W15,120.852417,0,38,0,30,0,15,45
350,Zr45V30Mo38W15,152.028788,38,0,0,0,30,15,45
368,Zr15Ta45Ti38Nb15Mo15,146.846887,15,15,45,38,0,0,15
360,Zr45Nb38V30W15,133.138838,0,38,0,0,30,15,45
395,Ta15Nb60V38Mo15,183.615755,15,60,15,0,38,0,0
345,Zr45Ta30V15Mo38,147.942059,38,0,30,0,15,0,45
357,Ti30Nb38V15W45,191.457271,0,38,0,30,15,45,0
392,Zr15Ta45Ti15V15Mo23W15,176.348322,23,0,45,15,15,15,15
369,Ta45Nb15V38Mo15W15,203.317339,15,15,45,0,38,15,0
344,Ta30V15Mo38W45,247.115014,38,0,30,0,15,45,0
411,Zr38Ti60V15Mo15,105.882352,15,0,0,60,15,0,38
443,Nb30V23Mo30W45,237.069511,30,30,0,0,23,45,0
427,Zr38Ta15V60W15,137.545969,0,0,15,0,60,15,38
442,Zr45Ti23Nb30Mo30,125.842136,30,30,0,23,0,0,45
468,Zr45Ta30Ti30W23,130.426079,0,0,30,30,0,23,45
480,Zr15Nb45V30Mo15W23,181.313442,15,45,0,0,30,23,15
419,Zr38Ta60Nb15W15,152.014598,0,15,60,0,0,15,38
434,Zr30Ta15Ti15V15Mo15W38,169.668766,15,0,15,15,15,38,30
445,Zr45Nb30Mo30W23,156.059929,30,30,0,0,0,23,45
451,Zr45Ta30Mo30W23,161.707758,30,0,30,0,0,23,45
421,Zr38Ti60Nb15V15,105.518373,0,15,0,60,15,0,38
474,Ta30Nb45V23Mo15W15,200.388481,15,45,30,0,23,15,0
444,Zr45Nb30V23Mo30,134.868304,30,30,0,0,23,0,45
416,Zr38Ta60Ti15Nb15,132.824897,0,15,60,15,0,0,38
472,Ta30Ti23Nb45Mo15W15,183.46616,15,45,30,23,0,15,0
417,Ta60Nb15V15W38,217.908279,0,15,60,0,15,38,0
473,Zr15Ta30Ti23Nb45Mo15,153.33243,15,45,30,23,0,0,15
432,Zr30Ta15Nb15V15Mo15W38,179.659918,15,15,15,0,15,38,30
481,Ta45Ti30V23Mo15W15,181.429304,15,0,45,30,23,15,0
469,Zr45Ta30V30W23,143.036302,0,0,30,0,30,23,45
426,Zr38Ta15Ti60W15,114.412745,0,0,15,60,0,15,38
428,Zr38Ti15V60W15,128.605061,0,0,0,15,60,15,38
475,Zr15Ta30Nb45V23Mo15,167.077279,15,45,30,0,23,0,15
410,Ti60V15Mo15W38,173.906636,15,0,0,60,15,38,0
433,Zr30Ti15Nb15V15Mo15W38,167.243727,15,15,0,15,15,38,30
429,Ta15Ti15Nb15V38Mo15W30,201.757959,15,15,15,15,38,30,0
415,Ta60Ti15Nb15W38,207.483167,0,15,60,15,0,38,0
418,Zr38Ta60Nb15V15,139.376774,0,15,60,0,15,0,38
435,Zr30Ta15Ti15Nb15V15W38,160.099807,0,15,15,15,15,38,30
420,Ti60Nb15V15W38,164.117492,0,15,0,60,15,38,0
487,Zr15Ta45Ti30Nb15V23,142.607542,0,15,45,30,23,0,15
500,Zr60Nb30V15Mo23,122.469853,23,30,0,0,15,0,60
539,Zr15Ta23Ti45Mo45,156.53145,45,0,23,45,0,0,15
486,Ta45Ti30Nb15V23W15,171.442409,0,15,45,30,23,15,0
488,Zr15Ta45Ti30Nb15W23,160.007591,0,15,45,30,0,23,15
514,Zr60Ta30Ti15Nb23,113.20699,0,23,30,15,0,0,60
509,Zr60Ti30V15Mo23,108.73608,23,0,0,30,15,0,60
506,Zr60Ta30V15Mo23,126.792017,23,0,30,0,15,0,60
548,Ta23Ti45Nb45W15,158.19514,0,45,23,45,0,15,0
530,Zr15Ta45Nb23Mo45,190.191827,45,23,45,0,0,0,15
513,Ta30Ti15Nb23W60,223.618865,0,23,30,15,0,60,0
541,Zr15Ta23V45Mo45,184.516566,45,0,23,0,45,0,15
524,Zr60Ta23Ti30W15,112.001959,0,0,23,30,0,15,60
501,Zr60Nb30Mo23W15,132.662237,23,30,0,0,0,15,60
536,Zr15Nb23Mo45W45,226.035739,45,23,0,0,0,45,15
508,Ti30V15Mo23W60,223.623389,23,0,0,30,15,60,0
537,Ta23Ti45V15Mo45,174.19325,45,0,23,45,15,0,0
523,Zr60Ta23Ti30V15,105.162151,0,0,23,30,15,0,60
538,Ta23Ti45Mo45W15,187.320176,45,0,23,45,0,15,0
489,Zr15Ta45Nb15V30W23,180.738402,0,15,45,0,30,23,15
493,Ta15Nb30V60Mo23,191.208813,23,30,15,0,60,0,0
531,Ti45Nb23V15Mo45,169.677825,45,23,0,45,15,0,0
525,Zr60Ta23V30W15,121.536479,0,0,23,0,30,15,60
507,Zr60Ta30Mo23W15,137.632573,23,0,30,0,0,15,60
492,Ta15Ti60Nb30Mo23,148.815928,23,30,15,60,0,0,0
565,Zr15Ta23Nb15V45Mo15W15,177.146187,15,15,23,0,45,15,15
597,Ta30V45W53,229.811826,0,0,30,0,45,53,0
623,Zr30Ti23Nb15V30W30,143.040937,0,15,0,23,30,30,30
552,Zr15Ta23Nb45W45,196.584052,0,45,23,0,0,45,15
622,Zr30Ta23Nb15V30W30,161.522574,0,15,23,0,30,30,30
609,Zr30Ta30Nb23Mo15W30,176.116676,15,23,30,0,0,30,30
577,Zr53Ta45Mo30,140.290143,30,0,45,0,0,0,53
570,Ti53Nb45Mo30,154.498206,30,45,0,53,0,0,0
618,Zr30Ti23V30Mo15W30,151.964415,15,0,0,23,30,30,30
612,Zr30Ti30Nb23Mo15W30,150.620535,15,23,0,30,0,30,30
624,Zr30Ta15Ti23V30W30,144.752473,0,0,15,23,30,30,30
596,Zr53Ta30Ti45,105.644391,0,0,30,45,0,0,53
606,Zr30Ta30Ti30Nb23Mo15,134.159706,15,23,30,30,0,0,30
563,Zr15Ta23Ti45Nb15V15Mo15,137.490488,15,15,23,45,15,0,15
599,Zr53Ta30W45,154.668161,0,0,30,0,0,45,53
598,Zr53Ta30V45,120.309857,0,0,30,0,45,0,53
601,Zr53Ti30V45,102.801697,0,0,0,30,45,0,53
600,Ti30V45W53,201.832303,0,0,0,30,45,53,0
567,Zr15Ta15Ti23V45Mo15W15,162.012077,15,0,15,23,45,15,15
591,Nb30V45W53,223.701077,0,30,0,0,45,53,0
614,Ta23Ti30V30Mo15W30,193.70592,15,0,23,30,30,30,0
590,Zr53Ti45Nb30,102.400069,0,30,0,45,0,0,53
554,Zr15Ti23Nb45V45,137.901395,0,45,0,23,45,0,15
583,Zr53Mo30W45,166.497197,30,0,0,0,0,45,53
553,Ti23Nb45V45W15,169.724003,0,45,0,23,45,15,0
615,Zr30Ta23Ti30V30Mo15,131.460675,15,0,23,30,30,0,30
555,Zr15Ti23Nb45W45,176.343793,0,45,0,23,0,45,15
564,Zr15Ta23Ti45Nb15Mo15W15,149.870831,15,15,23,45,0,15,15
607,Ta30Nb23V30Mo15W30,214.734891,15,23,30,0,30,30,0
613,Zr30Nb23V30Mo15W30,167.018712,15,23,0,0,30,30,30
562,Ta23Ti45Nb15V15Mo15W15,166.114013,15,15,23,45,15,15,0
608,Zr30Ta30Nb23V30Mo15,149.352002,15,23,30,0,30,0,30
9596,Zr45Ta30Ti15Nb23V15,121.878311,0,23,30,15,15,0,45
8682,Ta38Ti15Nb15V30W30,195.054768,0,15,38,15,30,30,0
6718,Zr15Ta53Nb15V15W30,189.535229,0,15,53,0,15,30,15
5955,Zr15Nb23Mo90,211.501866,90,23,0,0,0,0,15
10817,Zr53Mo45W30,162.88355,45,0,0,0,0,30,53
9562,Zr23Ti30V60Mo15,133.548553,15,0,0,30,60,0,23
9106,Zr68Ta15Ti30W15,107.562915,0,0,15,30,0,15,68
4619,Ta15Ti15Mo23W75,253.484422,23,0,15,15,0,75,0
8444,Zr15Ta23Nb45Mo45,186.846673,45,45,23,0,0,0,15
10484,Ta23Ti90Mo15,128.79138,15,0,23,90,0,0,0
8676,Zr30Nb38V15Mo15W30,169.386117,15,38,0,0,15,30,30
629,Zr30Ta15Nb15V38Mo30,153.032717,30,15,15,0,38,0,30
3890,Zr53Ta15Ti45W15,110.664896,0,0,15,45,0,15,53
9334,Zr38V45W45,160.114516,0,0,0,0,45,45,38
2141,Ti53Nb30V45,137.820733,0,30,0,53,45,0,0
5169,Zr30Ta15Nb30Mo38W15,176.783501,38,30,15,0,0,15,30
1159,Zr90Ta38,100.703145,0,0,38,0,0,0,90
7862,Zr83Nb30W15,107.938396,0,30,0,0,0,15,83
10226,Nb15Mo113,249.13933,113,15,0,0,0,0,0
10689,Zr30Ta15Ti45Mo38,135.542053,38,0,15,45,0,0,30
7433,Zr45Ta45Ti23V15,119.919443,0,0,45,23,15,0,45
4887,Zr15Ta38Ti15V60,149.340777,0,0,38,15,60,0,15
11569,Ta38Ti15Nb45V15Mo15,179.012595,15,45,38,15,15,0,0
9750,Zr15Ta45W68,224.835075,0,0,45,0,0,68,15
3058,Ti45Nb53V30,142.149336,0,53,0,45,30,0,0
424,Ta15Ti60V15W38,166.022489,0,0,15,60,15,38,0
2942,Ti30V30Mo30W38,207.530512,30,0,0,30,30,38,0
4289,Ta15Ti60Mo23W30,174.318247,23,0,15,60,0,30,0
3093,Zr45Ta23Ti15Mo15W30,149.596633,15,0,23,15,0,30,45
8649,Ta15Nb23V30Mo30W30,223.211654,30,23,15,0,30,30,0
3631,Ta60Nb38Mo30,203.164524,30,38,60,0,0,0,0
616,Zr30Ta23Ti30Mo15W30,154.721536,15,0,23,30,0,30,30
10219,Zr15Ti23V15Mo30W45,197.181008,30,0,0,23,15,45,15
11764,Zr30Nb53Mo45,163.784736,45,53,0,0,0,0,30
2525,Ta60Nb53V15,186.715555,0,53,60,0,15,0,0
4873,Zr15Ti15V60Mo38,166.702418,38,0,0,15,60,0,15
1965,Zr15Ta38Nb15V45Mo15,167.898758,15,15,38,0,45,0,15
6972,Zr15V30Mo30W53,224.122151,30,0,0,0,30,53,15
3864,Zr53Ti15Nb45Mo15,118.975011,15,45,0,15,0,0,53
1991,Zr30Nb15V23Mo15W45,182.685107,15,15,0,0,23,45,30
8224,Ta30Ti30Nb45Mo23,171.4732,23,45,30,30,0,0,0
7057,Zr15Ta15V53Mo30W15,188.148386,30,0,15,0,53,15,15
11907,Ta68Ti15Nb15W30,201.393433,0,15,68,15,0,30,0
3403,Zr23Ta30V15W60,202.642653,0,0,30,0,15,60,23
4084,Ta15Ti45V45W23,163.158134,0,0,15,45,45,23,0
11300,Ti98Nb15W15,121.188992,0,15,0,98,0,15,0
11132,Zr23Ti45Nb45W15,130.927077,0,45,0,45,0,15,23
9130,Zr15Ti15V30Mo23W45,198.656471,23,0,0,15,30,45,15
7896,Ta45Nb45Mo23W15,208.213297,23,45,45,0,0,15,0
2387,Ti15Nb60V30W23,181.405069,0,60,0,15,30,23,0
6178,Zr60Ta15Nb30V23,113.798631,0,30,15,0,23,0,60
4626,Zr75Ti15Mo23W15,115.443429,23,0,0,15,0,15,75
1192,Zr60Nb23Mo45,133.927682,45,23,0,0,0,0,60
5532,Zr15Nb60W53,200.401905,0,60,0,0,0,53,15
286,Zr30Ti45Mo30W23,143.879002,30,0,0,45,0,23,30
6185,Zr60Ta30Ti15V23,112.163847,0,0,30,15,23,0,60
9302,Nb45V38Mo45,203.695776,45,45,0,0,38,0,0
5700,Zr38Ta15Nb30V45,129.168674,0,30,15,0,45,0,38
49,Ta45V15Mo53W15,231.454507,53,0,45,0,15,15,0
10828,Ta45Ti30V53,159.477005,0,0,45,30,53,0,0
881,Zr60Ti23V30Mo15,106.494769,15,0,0,23,30,0,60
9139,Ta30Ti15Nb45V23Mo15,176.85759,15,45,30,15,23,0,0
5390,Ta15Ti53Nb15V15W30,161.435146,0,15,15,53,15,30,0
4414,Ti15V60Mo53,200.345199,53,0,0,15,60,0,0
5997,Ta30Ti15Mo53W30,231.439532,53,0,30,15,0,30,0
4079,Zr23Ta45Nb15W45,191.877955,0,15,45,0,0,45,23
10470,Ti23Nb30V15W60,211.034532,0,30,0,23,15,60,0
9554,Zr23Nb30Mo15W60,207.392457,15,30,0,0,0,60,23
5156,Zr30Ta30V23Mo15W30,172.283997,15,0,30,0,23,30,30
7291,Zr15Ta30Ti15Nb15V30Mo23,160.891739,23,15,30,15,30,0,15
1354,Zr68Ti45Mo15,96.04012,15,0,0,45,0,0,68
1953,Zr23Ta15V45Mo30W15,173.833854,30,0,15,0,45,15,23
6171,Zr60Ti15V23Mo30,116.146514,30,0,0,15,23,0,60
7298,Zr30Ta15Ti15Nb30V23Mo15,139.260447,15,30,15,15,23,0,30
1166,Nb38Mo90,230.126739,90,38,0,0,0,0,0
2373,Zr23Ta15Ti30Mo60,164.822836,60,0,15,30,0,0,23
6944,Ti23Nb60V30W15,167.990062,0,60,0,23,30,15,0
2989,Zr15Ti30Nb15V53Mo15,141.532298,15,15,0,30,53,0,15
5364,Ta15Ti45V23Mo15W30,180.131785,15,0,15,45,23,30,0
2717,Zr53Ti30Mo15W30,129.177066,15,0,0,30,0,30,53
888,Zr60Ta23Nb15V30,114.899624,0,15,23,0,30,0,60
10014,Ta15V15Mo98,239.279784,98,0,15,0,15,0,0
11799,Zr15Ti30Nb23V15Mo30W15,163.568056,30,23,0,30,15,15,15
8823,Zr38Ta15Ti30Nb15Mo15W15,136.08479,15,15,15,30,0,15,38
6515,Zr15Ta30Ti53W30,148.686347,0,0,30,53,0,30,15
9905,V45Mo83,233.24187,83,0,0,0,45,0,0
272,Ti23Nb45V30Mo30,174.462925,30,45,0,23,30,0,0
40,Ti15Nb45V15Mo53,197.370033,53,45,0,15,15,0,0
6343,Nb53V45Mo15W15,195.702024,15,53,0,0,45,15,0
7265,Ta23Ti15V60Mo15W15,190.99491,15,0,23,15,60,15,0
3852,Ta30Ti45Nb15V15W23,165.320544,0,15,30,45,15,23,0
3067,Ta53V45W30,210.265185,0,0,53,0,45,30,0
11556,Zr15Ta15Ti23Nb15V30Mo30,157.403503,30,15,15,23,30,0,15
7601,Zr23Ta30Nb30V45,149.405823,0,30,30,0,45,0,23
2974,Zr23Ta15V15Mo15W60,210.573788,15,0,15,0,15,60,23
2345,Ti30Nb45V15Mo23W15,178.580825,23,45,0,30,15,15,0
244,Ta38Ti45Mo15W30,183.460441,15,0,38,45,0,30,0
7637,Zr23Ta30Ti15Nb15Mo30W15,170.64085,30,15,30,15,0,15,23
8486,Ta15Nb15V83Mo15,188.790589,15,15,15,0,83,0,0
1502,Zr45Ti15Nb30V23W15,125.056507,0,30,0,15,23,15,45
11790,Zr30Ta45W53,190.267574,0,0,45,0,0,53,30
2148,Ta30Ti53W45,180.114193,0,0,30,53,0,45,0
1396,Zr15Ta15Ti53V30Mo15,131.766664,15,0,15,53,30,0,15
4845,Zr15Ta30Ti15Mo30W38,201.379327,30,0,30,15,0,38,15
5963,V23Mo90W15,250.699006,90,0,0,0,23,15,0
620,Zr30Ta23Ti30Nb15V30,124.904948,0,15,23,30,30,0,30
6727,Zr45Ti45Nb23Mo15,111.671426,15,23,0,45,0,0,45
11309,Zr15Ta15V98,154.11199,0,0,15,0,98,0,15
6381,Ta23Ti15V15Mo45W30,225.262049,45,0,23,15,15,30,0
9792,Ta15Nb38Mo30W45,239.151399,30,38,15,0,0,45,0
10821,Zr53Ta30Nb45,123.983354,0,45,30,0,0,0,53
3255,Zr15Ta23Nb45V15W30,182.779553,0,45,23,0,15,30,15
6523,Zr45Ta15Nb15Mo15W38,162.157359,15,15,15,0,0,38,45
11752,Zr60Ti15Nb15V38,102.88436,0,15,0,15,38,0,60
412,Zr38Ti60Mo15W15,118.040146,15,0,0,60,0,15,38
8016,Ta30Ti45V38Mo15,155.323735,15,0,30,45,38,0,0
11594,Ta30Nb30Mo53W15,226.165469,53,30,30,0,0,15,0
10642,Zr15Ti23Nb15V60Mo15,145.845506,15,15,0,23,60,0,15
3638,Ta38Mo30W60,262.1613,30,0,38,0,0,60,0
3899,Zr23Ta45Ti15Nb15V15W15,155.020799,0,15,45,15,15,15,23
8472,Zr15Ta45Ti45V23,132.404745,0,0,45,45,23,0,15
8815,Zr75Ta23V30,105.855656,0,0,23,0,30,0,75
5709,Zr38Ta30V15W45,169.535578,0,0,30,0,15,45,38
3297,Ti30Nb15V68Mo15,161.136553,15,15,0,30,68,0,0
7608,Zr23Ta30Ti30V45,130.886983,0,0,30,30,45,0,23
875,Ta23Ti30Mo15W60,221.769324,15,0,23,30,0,60,0
8640,Zr15Nb75V23W15,164.054256,0,75,0,0,23,15,15
10680,Zr30Ta45Nb15Mo38,167.417355,38,15,45,0,0,0,30
4070,Ti45V45Mo15W23,171.533637,15,0,0,45,45,23,0
1730,Ta75Ti15V15W23,197.195953,0,0,75,15,15,23,0
4242,Ti15Nb45V30Mo15W23,191.485307,15,45,0,15,30,23,0
9766,Ta30Ti23Mo15W60,227.554554,15,0,30,23,0,60,0
5990,Ti15Nb30V30Mo53,197.716248,53,30,0,15,30,0,0
6711,Zr15Ta53Ti15V30Mo15,159.937574,15,0,53,15,30,0,15
3435,Zr15Ta30V68Mo15,166.949754,15,0,30,0,68,0,15
9761,Zr60Ti23Nb30Mo15,110.269897,15,30,0,23,0,0,60
7061,Zr15Ta15Ti53Nb30W15,136.2356,0,30,15,53,0,15,15
1706,Zr23Ti15Nb15Mo75,181.786688,75,15,0,15,0,0,23
3069,Zr30Ta53W45,185.898545,0,0,53,0,0,45,30
10446,Ta15Nb23Mo30W60,254.385475,30,23,15,0,0,60,0
5194,Ti30Nb68Mo30,169.34031,30,68,0,30,0,0,0
886,Zr60Ta23Ti30Nb15,105.240491,0,15,23,30,0,0,60
4610,Ta15Nb15Mo23W75,269.811501,23,15,15,0,0,75,0
7095,Ta23Nb15Mo75W15,237.931449,75,15,23,0,0,15,0
8481,Zr30Ta15Ti15V23Mo15W30,160.876626,15,0,15,15,23,30,30
1362,Ti45Nb15V68,142.257371,0,15,0,45,68,0,0
2177,Zr30Ta45Ti15V15W23,152.178375,0,0,45,15,15,23,30
2183,Zr30Ta23Nb15Mo45W15,182.580269,45,15,23,0,0,15,30
5352,Zr38Ta30Ti15V15Mo15W15,144.820746,15,0,30,15,15,15,38
6147,Zr45Ti15Nb23W45,147.575007,0,23,0,15,0,45,45
1739,Zr15Ti15Nb15V15Mo30W38,196.462384,30,15,0,15,15,38,15
10674,Zr30Ta15Nb23V45W15,147.772659,0,23,15,0,45,15,30
5399,Nb90Mo15W23,203.842836,15,90,0,0,0,23,0
2987,Zr15Ta30Nb15Mo15W53,217.781121,15,15,30,0,0,53,15
1954,Zr23Ti15V45Mo30W15,161.700164,30,0,0,15,45,15,23
11938,Ta30Nb53W45,217.758362,0,53,30,0,0,45,0
1150,Zr90Mo38,107.858418,38,0,0,0,0,0,90
9759,Ti23Nb30V60Mo15,166.060603,15,30,0,23,60,0,0
2513,Zr15Nb60Mo53,188.14172,53,60,0,0,0,0,15
4046,Zr15Ti15Nb23V75,140.537608,0,23,0,15,75,0,15
11560,Zr15Ta15Ti15V23Mo30W30,190.71242,30,0,15,15,23,30,15
4280,Ta60Nb15Mo23W30,227.094765,23,15,60,0,0,30,0
11336,Ta15Ti45Nb15V15Mo38,167.186774,38,15,15,45,15,0,0
3607,Zr30Ta30Nb38V15Mo15,150.626984,15,38,30,0,15,0,30
3051,V45Mo53W30,241.178083,53,0,0,0,45,30,0
2389,Zr23Ti15Nb60W30,158.467856,0,60,0,15,0,30,23
10210,Zr15Ta15Nb23Mo30W45,217.12111,30,23,15,0,0,45,15
2980,Zr23Ti15Nb15V15W60,185.941819,0,15,0,15,15,60,23
7891,Zr15Ta15Nb60V15W23,174.862088,0,60,15,0,15,23,15
4274,Zr15Ta30Ti45Nb23W15,141.342191,0,23,30,45,0,15,15
1998,Zr30Ta15Ti23Nb15V45,124.299416,0,15,15,23,45,0,30
10022,Zr15Mo98W15,230.371106,98,0,0,0,0,15,15
6729,Zr45Nb23V45Mo15,126.537858,15,23,0,0,45,0,45
7253,Zr15Ta60V30W23,183.578872,0,0,60,0,30,23,15
9933,Ta38Ti15V30Mo45,198.081808,45,0,38,15,30,0,0
2721,Zr53Ta30Ti30Nb15,109.447521,0,15,30,30,0,0,53
8029,Ta30Nb15V45W38,213.933443,0,15,30,0,45,38,0
3263,Ta30Ti38Mo60,188.934119,60,0,30,38,0,0,0
76,Zr23Ta30Nb15Mo30W30,193.328917,30,15,30,0,0,30,23
10479,Ta90Nb23Mo15,199.508685,15,23,90,0,0,0,0
82,Zr23Ta15Ti30V30Mo30,143.475515,30,0,15,30,30,0,23
4422,Ta15Nb53W60,232.024021,0,53,15,0,0,60,0
10826,Zr53Nb45V30,117.231825,0,45,0,0,30,0,53
5736,Zr45Ta68Nb15,136.45118,0,15,68,0,0,0,45
6375,Zr30Ta15Nb23V15Mo45,165.286995,45,23,15,0,15,0,30
1534,Ta15Ti30V38W45,195.92083,0,0,15,30,38,45,0
5160,Zr30Ta30Ti23Nb15W30,151.124785,0,15,30,23,0,30,30
5504,Zr23Ta15Ti15Nb45W30,162.229236,0,45,15,15,0,30,23
7405,Zr45Ta15Nb23Mo45,151.61504,45,23,15,0,0,0,45
3855,Zr23Ta30Nb15V45W15,159.396166,0,15,30,0,45,15,23
9553,Zr23Nb30V60Mo15,151.086833,15,30,0,0,60,0,23
11104,Ta15Ti23Nb45Mo45,188.513283,45,45,15,23,0,0,0
4842,Zr15Nb30V15Mo30W38,207.418784,30,30,0,0,15,38,15
9305,Ta45Ti38Mo45,182.256583,45,0,45,38,0,0,0
5158,Ta30Ti23Nb15V30W30,187.914509,0,15,30,23,30,30,0
8011,Ti45Nb30Mo15W38,182.804455,15,30,0,45,0,38,0
7059,Ta15Ti53Nb30V15W15,150.324964,0,30,15,53,15,15,0
9137,Zr15Ta15Ti23Nb30V15Mo15W15,162.669515,15,30,15,23,15,15,15
8223,Zr45V60W23,135.479157,0,0,0,0,60,23,45
10819,Ta30Nb45V53,178.742514,0,45,30,0,53,0,0
1157,Ta38V90,185.496883,0,0,38,0,90,0,0
2719,Ta30Ti30Nb15V53,156.740471,0,15,30,30,53,0,0
9934,Ta38Ti15Mo45W30,227.488005,45,0,38,15,0,30,0
6943,Zr15Ta23Nb60W30,184.513768,0,60,23,0,0,30,15
8475,Zr15Ti45V45W23,142.193929,0,0,0,45,45,23,15
1365,Nb15V45W68,238.28858,0,15,0,0,45,68,0
3600,Zr15Ti15Nb15V30Mo23W30,182.119641,23,15,0,15,30,30,15
9108,Zr68Ti15V30W15,108.809431,0,0,0,15,30,15,68
4617,Zr75Nb15Mo23W15,122.368913,23,15,0,0,0,15,75
3432,Ta30Ti68Mo15W15,152.811001,15,0,30,68,0,15,0
10025,Ta15Nb98W15,186.996448,0,98,15,0,0,15,0
2973,Zr23Ta15Ti15Mo15W60,199.06848,15,0,15,15,0,60,23
5964,Zr15V23Mo90,213.002649,90,0,0,0,23,0,15
4425,Ti15Nb53W60,216.272087,0,53,0,15,0,60,0
8647,Ta15Ti30Nb23Mo30W30,199.614741,30,23,15,30,0,30,0
7865,Zr83Ta30Ti15,99.840622,0,0,30,15,0,0,83
872,Zr60Nb23V30Mo15,116.290573,15,23,0,0,30,0,60
6140,Ta15Ti45Nb23W45,183.017508,0,23,15,45,0,45,0
11558,Zr15Ta15Nb15V23Mo30W30,201.937627,30,15,15,0,23,30,15
1168,Ti38Mo90,204.451788,90,0,0,38,0,0,0
7092,Zr30Ta30Ti30V23W15,136.722764,0,0,30,30,23,15,30
6372,Ta15Ti15Nb23Mo45W30,222.472815,45,23,15,15,0,30,0
10228,Ti15Mo113,236.341212,113,0,0,15,0,0,0
11900,Zr30Ta68V15Mo15,156.53002,15,0,68,0,15,0,30
9795,Ti15Nb38Mo30W45,222.648921,30,38,0,15,0,45,0
4628,Ta15Ti15Nb23V75,165.784371,0,23,15,15,75,0,0
7066,Zr15Ta15Ti30Nb23V30Mo15,145.152767,15,23,15,30,30,0,15
6664,Zr15Ti15Nb30Mo68,187.764085,68,30,0,15,0,0,15
5355,Ta45Ti23Nb15Mo15W30,200.829079,15,15,45,23,0,30,0
11755,Ta15Ti15V38W60,222.214722,0,0,15,15,38,60,0
7742,Zr53Ta30Ti15Nb15V15,115.332042,0,15,30,15,15,0,53
5227,Zr30V30W68,193.616905,0,0,0,0,30,68,30
11103,Zr45Ti15V45W23,125.987027,0,0,0,15,45,23,45
8678,Zr30Ta38Ti15V30Mo15,141.031442,15,0,38,15,30,0,30
7630,Zr98Ti30,86.510261,0,0,0,30,0,0,98
9598,Zr45Ta30Nb23V15W15,135.477114,0,23,30,0,15,15,45
2466,Zr15Ti30V45W38,162.867048,0,0,0,30,45,38,15
6716,Zr15Ta53Ti15Nb15V30,152.008384,0,15,53,15,30,0,15
1701,Ta15Nb15V23Mo75,226.980072,75,15,15,0,23,0,0
10217,Zr15Ta23Ti15Mo30W45,207.781486,30,0,23,15,0,45,15
2514,Ta60Ti15Mo53,207.126071,53,0,60,15,0,0,0
11593,Ta30Nb30V15Mo53,212.438953,53,30,30,0,15,0,0
8812,Ta23Ti30W75,224.642864,0,0,23,30,0,75,0
2184,Ti23Nb15V15Mo45W30,213.975745,45,15,0,23,15,30,0
1533,Zr45Nb15V30W38,148.077352,0,15,0,0,30,38,45
4791,Zr30Ti23Nb60W15,136.240092,0,60,0,23,0,15,30
4041,Zr15Ta15Ti75Nb23,115.842307,0,23,15,75,0,0,15
7402,Ta15Ti45Nb23Mo45,172.218592,45,23,15,45,0,0,0
4273,Zr15Ta30Ti45Nb23V15,130.664966,0,23,30,45,15,0,15
5643,Ta68Nb15V30W15,198.680698,0,15,68,0,30,15,0
5193,Ta30Nb68Mo30,197.458729,30,68,30,0,0,0,0
10441,Zr23Ti90W15,109.43189,0,0,0,90,0,15,23
11567,Zr15Ta23Ti30V30Mo15W15,157.734462,15,0,23,30,30,15,15
10673,Zr30Ta15Ti45Nb23W15,126.738825,0,23,15,45,0,15,30
3264,Ta30V38Mo60,219.287959,60,0,30,0,38,0,0
10687,Ta15Ti45V30Mo38,167.759558,38,0,15,45,30,0,0
3056,Ta45Nb53W30,206.17389,0,53,45,0,0,30,0
6524,Ti15Nb15V38Mo15W45,214.700728,15,15,0,15,38,45,0
6988,Ta45Ti30Nb23Mo30,178.681323,30,23,45,30,0,0,0
2230,Zr45Ta38Ti15V30,120.878047,0,0,38,15,30,0,45
7928,Zr15Ti23V45W45,174.773485,0,0,0,23,45,45,15
2342,Ta30Nb45V15Mo23W15,205.361755,23,45,30,0,15,15,0
3290,Zr38Ti60V30,105.120325,0,0,0,60,30,0,38
5167,Ta15Nb30V15Mo38W30,227.968003,38,30,15,0,15,30,0
4889,Zr15Ta38V15W60,215.03894,0,0,38,0,15,60,15
4287,Zr30Nb15Mo23W60,204.66046,23,15,0,0,0,60,30
5731,Zr45V68Mo15,124.957229,15,0,0,0,68,0,45
8538,Zr15Ta38Ti15V15Mo45,177.121206,45,0,38,15,15,0,15
5015,Zr38V15Mo60W15,175.963456,60,0,0,0,15,15,38
2654,Ti15Nb68V15W30,188.059286,0,68,0,15,15,30,0
11415,Zr15Ta15Ti38Nb15Mo45,159.72292,45,15,15,38,0,0,15
11243,Zr45V38Mo45,141.70757,45,0,0,0,38,0,45
11627,Ta15Ti38Nb30Mo45,177.621179,45,30,15,38,0,0,0
7326,Ta45Ti45Nb38,150.505318,0,38,45,45,0,0,0
5829,Zr15Ta75Ti23Mo15,162.096364,15,0,75,23,0,0,15
3786,Zr15Ti38Nb45W30,152.916954,0,45,0,38,0,30,15
10391,Zr15Ta30Ti30V23Mo30,155.802273,30,0,30,30,23,0,15
11071,Ta23Nb45Mo15W45,228.351567,15,45,23,0,0,45,0
7570,Zr15Ti15V45Mo23W30,182.433703,23,0,0,15,45,30,15
5471,Zr30V45Mo15W38,174.045817,15,0,0,0,45,38,30
7114,Ta15Ti23Nb75W15,172.073798,0,75,15,23,0,15,0
11331,Ti60W68,191.707239,0,0,0,60,0,68,0
8960,Zr30Ta45V23Mo15W15,164.719414,15,0,45,0,23,15,30
6386,Ta23Ti15Nb45V15W30,192.199668,0,45,23,15,15,30,0
6690,Zr15Ta68Ti30W15,157.336943,0,0,68,30,0,15,15
5503,Zr23Ta15Ti15Nb45V30,137.95735,0,45,15,15,30,0,23
2726,Zr53Ti30Nb15V30,104.538557,0,15,0,30,30,0,53
7254,Zr15Ti60V30W23,133.080287,0,0,0,60,30,23,15
11354,Zr15Ta15Nb38V15W45,195.335996,0,38,15,0,15,45,15
9164,Ti38Nb30V30Mo30,164.293635,30,30,0,38,30,0,0
7467,Ta30Ti23V30W45,202.874755,0,0,30,23,30,45,0
8877,Ta53Mo15W60,246.034757,15,0,53,0,0,60,0
226,Zr53Ti15Nb15W45,139.360773,0,15,0,15,0,45,53
11192,Zr15Ta45Ti15W53,198.412747,0,0,45,15,0,53,15
1907,Ta38Nb15V30W45,221.119454,0,15,38,0,30,45,0
11166,Zr15Ti53Nb15Mo45,147.341418,45,15,0,53,0,0,15
2585,Zr23Ti15V60W30,156.38391,0,0,0,15,60,30,23
9190,Ta30Ti30V38W30,183.87662,0,0,30,30,38,30,0
2781,Zr15Ta30Nb23V30Mo30,176.866853,30,23,30,0,30,0,15
7003,Zr30Ta23Mo30W45,198.820319,30,0,23,0,0,45,30
8284,Zr30Ta15Nb23V45Mo15,146.809552,15,23,15,0,45,0,30
3691,Zr15Ta15Nb53W45,195.623654,0,53,15,0,0,45,15
1300,Ta23Ti15Nb30V45Mo15,175.408879,15,30,23,15,45,0,0
9732,V68Mo45W15,221.774137,45,0,0,0,68,15,0
1799,Ta15Ti15Nb15V15Mo30W38,220.573798,30,15,15,15,15,38,0
8042,Ta53Nb45V15Mo15,192.01373,15,45,53,0,15,0,0
9500,Ta15Ti23Mo60W30,227.346273,60,0,15,23,0,30,0
8270,Zr45Ta23Ti30V15Mo15,120.03786,15,0,23,30,15,0,45
11953,Zr45Ti53V30,102.718444,0,0,0,53,30,0,45
6910,Zr30Ta15Ti15Nb15V23Mo15W15,149.815756,15,15,15,15,23,15,30
7836,Zr15Ti45Nb15V15W38,154.853047,0,15,0,45,15,38,15
11730,Ti38Nb15Mo15W60,210.202508,15,15,0,38,0,60,0
5102,Zr53Ta15Mo45W15,153.509929,45,0,15,0,0,15,53
2115,Zr15Ti23V60Mo15W15,158.7259,15,0,0,23,60,15,15
10888,Zr53Ta15Mo30W30,158.508956,30,0,15,0,0,30,53
2916,Zr30Ta15Ti30Mo15W38,161.263561,15,0,15,30,0,38,30
5330,Zr15Ta30Ti15V23Mo45,175.087814,45,0,30,15,23,0,15
10040,Zr15Ti98V15,105.752465,0,0,0,98,15,0,15
2743,Nb30V23Mo75,223.626223,75,30,0,0,23,0,0
4686,Zr23Nb15V75Mo15,149.31006,15,15,0,0,75,0,23
6125,Zr45Ti45Nb15Mo23,113.927518,23,15,0,45,0,0,45
4672,Zr15Nb38V30W45,190.807235,0,38,0,0,30,45,15
9199,Zr38Ta45Nb15V15Mo15,144.575419,15,15,45,0,15,0,38
8410,Zr15Ta60Nb23W30,191.498102,0,23,60,0,0,30,15
4818,Ta53Ti30Nb15V30,161.416397,0,15,53,30,30,0,0
11502,Zr30Ta30Ti38V15Mo15,128.937814,15,0,30,38,15,0,30
10286,Zr30Ta15Nb45V15Mo23,151.714324,23,45,15,0,15,0,30
2929,Zr38Ta30Nb30Mo30,151.927714,30,30,30,0,0,0,38
5566,Ta15Nb45V23W45,215.175885,0,45,15,0,23,45,0
828,Zr45Ti30Nb15V23Mo15,118.131666,15,15,0,30,23,0,45
2571,Ta60Ti30Nb15V23,162.850725,0,15,60,30,23,0,0
14,Zr15Ti15Nb15V30Mo53,175.424416,53,15,0,15,30,0,15
9951,Zr30Ti38Nb45W15,128.432543,0,45,0,38,0,15,30
7231,Ta30Ti23Mo60W15,215.063003,60,0,30,23,0,15,0
8279,Zr45Ta15Ti23V30W15,123.193065,0,0,15,23,30,15,45
642,Zr30Ta15Ti15Nb30W38,162.066692,0,30,15,15,0,38,30
5754,Ta113Mo15,204.699418,15,0,113,0,0,0,0
1790,Ti45Nb30V30W23,160.113469,0,30,0,45,30,23,0
470,Zr45Ti30V30W23,122.396934,0,0,0,30,30,23,45
6787,Zr68Ta30Ti15V15,107.176196,0,0,30,15,15,0,68
8074,Zr15Ta15V45W53,202.955619,0,0,15,0,45,53,15
6773,Zr68Ti15V15Mo30,112.002196,30,0,0,15,15,0,68
7800,Zr15Ta23Nb15V15Mo60,196.311685,60,15,23,0,15,0,15
9394,Nb15Mo60W53,269.166221,60,15,0,0,0,53,0
6317,Ti60V15Mo23W30,172.659227,23,0,0,60,15,30,0
7493,Ta15Ti15Nb60V23Mo15,173.607295,15,60,15,15,23,0,0
11159,Zr15Ta15Ti23V30W45,177.832418,0,0,15,23,30,45,15
5592,Zr30Ta45V15Mo38,167.004785,38,0,45,0,15,0,30
1556,Ta45Nb23W60,239.186101,0,23,45,0,0,60,0
10424,Ta15Nb90V23,173.754874,0,90,15,0,23,0,0
3033,Zr30Ta38W60,196.389011,0,0,38,0,0,60,30
219,Ta15Ti45Nb15W53,191.284593,0,15,15,45,0,53,0
1132,Zr30Ta23Ti60Nb15,112.914549,0,15,23,60,0,0,30
5559,Ti15V23Mo45W45,235.656512,45,0,0,15,23,45,0
8848,Zr60W68,160.080791,0,0,0,0,0,68,60
817,Ti45V60W23,161.742713,0,0,0,45,60,23,0
10272,Zr45Ta15Nb30W38,155.521546,0,30,15,0,0,38,45
7458,Ta23Ti30Nb30W45,195.592415,0,30,23,30,0,45,0
4440,Ta45Ti30Nb30Mo23,174.466731,23,30,45,30,0,0,0
8622,Ta23Ti15Mo75W15,230.502948,75,0,23,15,0,15,0
9509,Ta15Ti23Nb60V30,159.778056,0,60,15,23,30,0,0
4216,Ta30Ti15Nb83,169.190314,0,83,30,15,0,0,0
11965,Zr60Nb38Mo15W15,130.464035,15,38,0,0,0,15,60
484,Zr15Ta45V30Mo15W23,190.420613,15,0,45,0,30,23,15
5901,Zr23Ti30Nb30V15Mo30,142.713363,30,30,0,30,15,0,23
4024,Ti75Nb15Mo23W15,148.253308,23,15,0,75,0,15,0
1764,Ta30Ti23Nb45Mo30,180.659094,30,45,30,23,0,0,0
6541,Zr23Ta30Ti15Nb15Mo15W30,175.420319,15,15,30,15,0,30,23
3201,Zr23Ti15Nb30Mo45W15,175.139456,45,30,0,15,0,15,23
2318,Ta45Ti15Nb15V15Mo38,194.133118,38,15,45,15,15,0,0
3665,Zr60V30W38,131.048688,0,0,0,0,30,38,60
3457,Ta15Ti53Nb15Mo30W15,170.274732,30,15,15,53,0,15,0
8246,Zr30Ta45Ti30Nb23,130.144218,0,23,45,30,0,0,30
10616,Zr23Ta60Ti15Nb15Mo15,155.853463,15,15,60,15,0,0,23
8883,Zr60V53Mo15,117.062378,15,0,0,0,53,0,60
6919,Ta30Nb23V15Mo60,215.486927,60,23,30,0,15,0,0
1763,Zr15Ta15Ti15Nb15V38Mo15W15,166.403171,15,15,15,15,38,15,15
4827,Zr30Nb15V53W30,156.104867,0,15,0,0,53,30,30
11737,Zr60Ta15Ti38Mo15,104.706301,15,0,15,38,0,0,60
483,Zr15Ta45Ti30Mo15W23,170.387732,15,0,45,30,0,23,15
4681,Zr23Ta75Nb15Mo15,168.839855,15,15,75,0,0,0,23
4229,Ta83V30W15,202.717119,0,0,83,0,30,15,0
1931,Ta45V83,184.530279,0,0,45,0,83,0,0
10423,Ta15Ti23Nb90,160.262622,0,90,15,23,0,0,0
3468,Zr15Ta15Ti15Mo30W53,214.228754,30,0,15,15,0,53,15
4211,Ti30Mo83W15,221.055055,83,0,0,30,0,15,0
9152,Zr23Ta45V30Mo15W15,173.360785,15,0,45,0,30,15,23
10611,Zr30Ti30Nb23V15Mo15W15,138.710588,15,23,0,30,15,15,30
11991,Ta15Ti15Nb53V15Mo30,184.018071,30,53,15,15,15,0,0
6328,Zr30Ti60Nb23V15,110.309939,0,23,0,60,15,0,30
3450,Zr15Nb15V30W68,216.759637,0,15,0,0,30,68,15
8080,Zr15Ta30Nb23V15Mo15W30,192.703461,15,23,30,0,15,30,15
6926,Zr15Nb23V30Mo60,192.18901,60,23,0,0,30,0,15
10843,Zr15Ta30Nb53Mo15W15,181.398267,15,53,30,0,0,15,15
9360,Ti15Nb15V60Mo38,189.10452,38,15,0,15,60,0,0
2788,Zr15Ta23Ti30V30Mo30,154.328537,30,0,23,30,30,0,15
3034,Ti38V60W30,174.114797,0,0,0,38,60,30,0
1551,V45Mo23W60,251.046683,23,0,0,0,45,60,0
6774,Zr68Ti15Mo30W15,121.038709,30,0,0,15,0,15,68
7494,Ta15Ti15Nb60Mo15W23,194.400982,15,60,15,15,0,23,0
3206,Zr23Ta30V15Mo45W15,190.46933,45,0,30,0,15,15,23
10629,Ta15Ti60Nb15V15W23,152.818294,0,15,15,60,15,23,0
10275,Zr45Ti15Nb30W38,142.9022,0,30,0,15,0,38,45
689,Ta15Ti15Nb23Mo60W15,216.614983,60,23,15,15,0,15,0
3808,Zr30Ta15Mo45W38,200.379179,45,0,15,0,0,38,30
6546,Ta45Ti30Nb15V23Mo15,168.807333,15,15,45,30,23,0,0
4023,Ti75Nb15V15Mo23,136.752386,23,15,0,75,15,0,0
6310,Zr30Nb60Mo23W15,162.471689,23,60,0,0,0,15,30
3662,Ti30V38W60,208.553873,0,0,0,30,38,60,0
1569,Zr60Ta23W45,147.827968,0,0,23,0,0,45,60
9704,Ti53Nb45V15W15,148.246213,0,45,0,53,15,15,0
3830,Zr45Ta15Ti15Nb15V23Mo15,125.022846,15,15,15,15,23,0,45
9536,Zr15Ta30Ti38Mo30W15,164.585505,30,0,30,38,0,15,15
9703,Zr15Ta53Nb45W15,178.031201,0,45,53,0,0,15,15
8428,Zr15Ti30Nb23Mo45W15,175.125969,45,23,0,30,0,15,15
7652,Zr30Ta23Nb30Mo45,168.77296,45,30,23,0,0,0,30
2320,Zr15Ta45Ti15Nb15Mo38,175.30548,38,15,45,15,0,0,15
3239,Zr15Ta15Ti30Nb23Mo45,163.962397,45,23,15,30,0,0,15
6780,Zr68Ta15Nb30V15,110.661765,0,30,15,0,15,0,68
5798,Zr15Ta75Nb23V15,167.866097,0,23,75,0,15,0,15
8870,Ta60Nb53Mo15,194.475808,15,53,60,0,0,0,0
7699,Ta30Ti15Nb23V45W15,181.240258,0,23,30,15,45,15,0
1135,Zr30Ta23Nb15W60,192.629122,0,15,23,0,0,60,30
3696,Ta53Ti15V45W15,184.996633,0,0,53,15,45,15,0
448,Zr45Ta30Ti23Mo30,130.26364,30,0,30,23,0,0,45
11505,Zr30Ti30V38Mo15W15,136.596868,15,0,0,30,38,15,30
2112,Zr15Ta23Ti60V15Mo15,131.255974,15,0,23,60,15,0,15
5561,Zr45Ti15Mo45W23,157.358227,45,0,0,15,0,23,45
11161,Ta53Nb15V15Mo45,210.175951,45,15,53,0,15,0,0
11195,Ta53Ti30Nb30Mo15,171.000522,15,30,53,30,0,0,0
7807,Zr15Ta15Ti23V15Mo60,177.444284,60,0,15,23,15,0,15
1936,Zr83Ti45,85.694325,0,0,0,45,0,0,83
11996,Zr15Ta15Nb53Mo30W15,188.159679,30,53,15,0,0,15,15
5753,Nb113Mo15,177.037107,15,113,0,0,0,0,0
5906,Zr23Ta30Ti30Mo30W15,160.872189,30,0,30,30,0,15,23
1307,Zr45Ti23Nb30V15Mo15,117.775045,15,30,0,23,15,0,45
11708,Zr30Ta30Ti15V30Mo23,144.873176,23,0,30,15,30,0,30
9969,Ta53Ti15Mo15W45,224.144496,15,0,53,15,0,45,0
2744,Nb30Mo75W23,240.366105,75,30,0,0,0,23,0
5595,Zr30Ti45V15Mo38,132.79191,38,0,0,45,15,0,30
6921,Zr15Ta30Nb23Mo60,198.380258,60,23,30,0,0,0,15
4447,Nb30V45Mo23W30,216.538984,23,30,0,0,45,30,0
3837,Ta45Ti15Nb30V23Mo15,179.770184,15,30,45,15,23,0,0
9956,Zr30Ta45V38W15,153.19541,0,0,45,0,38,15,30
10281,Zr45Ti30V15W38,133.488718,0,0,0,30,15,38,45
6579,Zr15Ta15Ti60Mo15W23,143.928218,15,0,15,60,0,23,15
9367,Ta15Ti15Mo38W60,248.041968,38,0,15,15,0,60,0
4820,Zr30Ta53Ti30Nb15,131.428476,0,15,53,30,0,0,30
1338,Zr45Ta30Ti15Nb15W23,138.088013,0,15,30,15,0,23,45
7004,Ti23V45Mo30W30,206.247742,30,0,0,23,45,30,0
7460,Ta23Nb30V30W45,217.416002,0,30,23,0,30,45,0
5939,Zr60Ta15Ti15Nb23V15,110.011207,0,23,15,15,15,0,60
1797,Zr23Ta30V45W30,172.604889,0,0,30,0,45,30,23
8884,Zr60Mo15W53,156.575799,15,0,0,0,0,53,60
7236,Ti30V23Mo60W15,204.659928,60,0,0,30,23,15,0
11353,Zr15Ta15Ti15Nb38W45,185.915446,0,38,15,15,0,45,15
5105,Zr53Ti15Mo45W15,140.967843,45,0,0,15,0,15,53
1909,Zr45Ta38Nb15W30,154.706026,0,15,38,0,0,30,45
6122,Zr45Ta45Nb15Mo23,144.165816,23,15,45,0,0,0,45
221,Ta15Nb15V45W53,227.301207,0,15,15,0,45,53,0
10078,Zr38Ti15V15Mo45W15,155.746108,45,0,0,15,15,15,38
9155,Zr23Ta45Ti30Nb15V15,134.670719,0,15,45,30,15,0,23
7838,Ta83Nb15Mo30,205.694334,30,15,83,0,0,0,0
8087,Zr15Ta23Nb15V30Mo30W15,188.229711,30,15,23,0,30,15,15
4675,Zr15Ta38Ti30W45,178.881319,0,0,38,30,0,45,15
810,Zr23Nb45W60,196.369149,0,45,0,0,0,60,23
13,Ti15Nb15V30Mo53W15,211.025134,53,15,0,15,30,15,0
4478,Zr15Ta53Nb15V15Mo15W15,185.703903,15,15,53,0,15,15,15
645,Zr30Ta30Ti15V15W38,161.833501,0,0,30,15,15,38,30
10047,Zr15Ta45Nb23V30Mo15,169.024147,15,23,45,0,30,0,15
11398,Zr15Ta30V23Mo15W45,208.563714,15,0,30,0,23,45,15
10844,Ti30Nb53V15Mo15W15,173.222859,15,53,0,30,15,15,0
9531,Zr15Ti38Nb30V15Mo30,147.065943,30,30,0,38,15,0,15
477,Ti30Nb45V23Mo15W15,172.669393,15,45,0,30,23,15,0
9358,Ta15Nb15Mo38W60,262.005929,38,15,15,0,0,60,0
2582,Zr23Ta15Ti60V30,116.531828,0,0,15,60,30,0,23
2576,Zr23Ta60Nb15W30,181.750396,0,15,60,0,0,30,23
3609,Ti30Nb38V15Mo15W30,185.886869,15,38,0,30,15,30,0
3299,Zr68Ti30Nb15Mo15,104.30173,15,15,0,30,0,0,68
5952,Ti15Nb23Mo90,220.925596,90,23,0,15,0,0,0
4048,Zr15Nb23V15W75,223.308735,0,23,0,0,15,75,15
9591,Zr45Ta30Ti15V15Mo23,130.998168,23,0,30,15,15,0,45
7639,Zr23Ti30Nb15V15Mo30W15,154.03177,30,15,0,30,15,15,23
9757,Ta23Nb30Mo15W60,243.697447,15,30,23,0,0,60,0
4874,Zr15Ti15Mo38W60,223.003914,38,0,0,15,0,60,15
8443,Ta23Nb45Mo45W15,218.13171,45,45,23,0,0,15,0
11936,Ta30Ti45Nb53,149.183283,0,53,30,45,0,0,0
4880,Zr15Ta15Nb38V60,154.592486,0,38,15,0,60,0,15
8671,Zr30Ta15Nb38V30Mo15,147.079981,15,38,15,0,30,0,30
2945,Zr38V30Mo30W30,167.979735,30,0,0,0,30,30,38
9565,Ta30Ti60Nb15V23,139.402997,0,15,30,60,23,0,0
9333,Zr38Ti45W45,138.376624,0,0,0,45,0,45,38
2179,Ta23Ti15Nb15Mo45W30,224.055321,45,15,23,15,0,30,0
5337,Zr15Ta30Nb45V15W23,178.884726,0,45,30,0,15,23,15
3404,Zr23Ti30V15W60,175.917657,0,0,0,30,15,60,23
5308,Ta30Ti23V15Mo45W15,204.758742,45,0,30,23,15,15,0
281,Ta45V23Mo30W30,231.112246,30,0,45,0,23,30,0
3636,Ta38Ti60Mo30,157.400817,30,0,38,60,0,0,0
8215,Ta60Ti23W45,208.972663,0,0,60,23,0,45,0
2380,Zr23V15Mo60W30,208.903387,60,0,0,0,15,30,23
4413,Zr60Ta15Mo53,141.206324,53,0,15,0,0,0,60
6512,Zr15Nb30V53W30,177.41859,0,30,0,0,53,30,15
8073,Zr15Ta15Ti45W53,171.264936,0,0,15,45,0,53,15
3897,Zr23Ti15Nb45V15Mo15W15,154.973799,15,45,0,15,15,15,23
11962,Zr60Ti15Nb38Mo15,114.894325,15,38,0,15,0,0,60
6975,Zr15Ta30Ti53Nb30,129.29662,0,30,30,53,0,0,15
10013,Ta15Ti15Mo98,230.550757,98,0,15,15,0,0,0
8625,Zr15Ta23V15Mo75,204.624019,75,0,23,0,15,0,15
8027,Ta30Ti45Nb15W38,179.028479,0,15,30,45,0,38,0
1708,Zr23Nb15V15Mo75,192.817573,75,15,0,0,15,0,23
1962,Ta38Ti45Nb15Mo15W15,170.739007,15,15,38,45,0,15,0
2549,Zr15Ta15Ti15V53Mo15W15,167.133855,15,0,15,15,53,15,15
1161,Ti38W90,229.519325,0,0,0,38,0,90,0
9768,Ta30V23Mo15W60,243.823842,15,0,30,0,23,60,0
1996,Zr30Ti15V23Mo15W45,171.912511,15,0,0,15,23,45,30
10448,Ti15Nb23V60Mo30,183.601061,30,23,0,15,60,0,0
6720,Zr15Ta15Ti53V15W30,146.595971,0,0,15,53,15,30,15
4621,Ta15V15Mo23W75,273.370477,23,0,15,0,15,75,0
1353,Ti45Mo15W68,213.93128,15,0,0,45,0,68,0
8241,Zr30Ti45V30Mo23,122.788514,23,0,0,45,30,0,30
3060,Zr30Ti45Nb53,115.505572,0,53,0,45,0,0,30
7898,Ti45Nb45V15Mo23,155.321943,23,45,0,45,15,0,0
9101,Zr68Ti30Nb15V15,99.62998,0,15,0,30,15,0,68
6149,Ta23Ti15V45W45,207.930436,0,0,23,15,45,45,0
8685,Zr30Ta38Nb15V15W30,166.027347,0,15,38,0,15,30,30
8417,Zr15Ta23Ti60W30,144.814902,0,0,23,60,0,30,15
3863,Ti15Nb45Mo15W53,220.442377,15,45,0,15,0,53,0
2911,Zr30Ti30Nb15V38Mo15,129.137326,15,15,0,30,38,0,30
6344,Zr15Nb53V45Mo15,158.774965,15,53,0,0,45,0,15
1398,Zr15Ta15V53Mo15W30,190.640082,15,0,15,0,53,30,15
9393,Nb15V53Mo60,214.351824,60,15,0,0,53,0,0
9902,Nb45Mo83,226.48296,83,45,0,0,0,0,0
10810,Ta30Mo45W53,264.691105,45,0,30,0,0,53,0
8488,Zr83Ta15Nb15Mo15,107.849841,15,15,15,0,0,0,83
78,Zr23Ti30Nb15V30Mo30,140.912935,30,15,0,30,30,0,23
7209,Zr15Ta15Ti15Nb68W15,159.366961,0,68,15,15,0,15,15
10645,Ta15Ti23V60Mo15W15,184.801005,15,0,15,23,60,15,0
1737,Zr15Ta15Ti15Nb15Mo30W38,199.217225,30,15,15,15,0,38,15
11307,Zr15Ta15Ti98,106.599274,0,0,15,98,0,0,15
611,Zr30Ti30Nb23V30Mo15,126.48353,15,23,0,30,30,0,30
7262,Zr15Ti15Nb23V60Mo15,149.104788,15,23,0,15,60,0,15
2522,Zr15V60Mo53,187.558273,53,0,0,0,60,0,15
2374,Ta15V30Mo60W23,240.208044,60,0,15,0,30,23,0
4245,Zr23Nb45V15Mo15W30,179.455871,15,45,0,0,15,30,23
844,Zr15Ta15Ti30Nb38Mo30,154.670961,30,38,15,30,0,0,15
7853,Ta15Ti83Nb30,125.215264,0,30,15,83,0,0,0
843,Ta15Ti30Nb38Mo30W15,186.523161,30,38,15,30,0,15,0
8018,Zr38Ta30Ti45Mo15,121.104209,15,0,30,45,0,0,38
5738,Ti68Nb15W45,163.684708,0,15,0,68,0,45,0
10477,Zr60Ta30V23W15,125.815815,0,0,30,0,23,15,60
5999,Ta30V15Mo53W30,243.644863,53,0,30,0,15,30,0
8824,Zr38Ta15Nb15V30Mo15W15,149.821764,15,15,15,0,30,15,38
10221,Zr15Ta23Ti15Nb30V45,145.986612,0,30,23,15,45,0,15
7068,Zr15Ta15Nb23V30Mo15W30,191.282123,15,23,15,0,30,30,15
11909,Ta68Nb15V15W30,211.182178,0,15,68,0,15,30,0
4077,Ta45Nb15V45W23,201.67617,0,15,45,0,45,23,0
1505,Ta38Nb30V45Mo15,188.75825,15,30,38,0,45,0,0
6176,Zr60Ta15Ti23Nb30,108.528482,0,30,15,23,0,0,60
11338,Zr15Ta15Ti45Nb15Mo38,149.696765,38,15,15,45,0,0,15
3252,Ta23Ti15Nb45V30W15,179.811753,0,45,23,15,30,15,0
1195,Ta23Mo45W60,272.946504,45,0,23,0,0,60,0
6981,Zr15Ti30Nb30W53,179.024756,0,30,0,30,0,53,15
47,Ta45Ti15Mo53W15,219.879186,53,0,45,15,0,15,0
5397,Ti23Nb90Mo15,165.370103,15,90,0,23,0,0,0
7854,Ta15Nb30V83,178.924643,0,30,15,0,83,0,0
11797,Zr15Ta30Ti15Nb23Mo30W15,180.566363,30,23,30,15,0,15,15
11931,Ti30Mo53W45,228.945599,53,0,0,30,0,45,0
5151,Zr30Ti23Nb30Mo15W30,154.569131,15,30,0,23,0,30,30
3094,Zr45Ta23V15Mo15W30,155.147465,15,0,23,0,15,30,45
4083,Zr23Nb15V45W45,181.062146,0,15,0,0,45,45,23
5363,Zr30Nb15V45Mo15W23,161.997574,15,15,0,0,45,23,30
8212,Zr45Nb60V23,124.020182,0,60,0,0,23,0,45
11135,Zr23Ta45Ti45V15,127.552684,0,0,45,45,15,0,23
275,Nb45V23Mo30W30,218.866072,30,45,0,0,23,30,0
11763,Nb53Mo45W30,231.250205,45,53,0,0,0,30,0
2728,Zr53Nb15V30W30,133.965242,0,15,0,0,30,30,53
6986,Zr15Ta30V30W53,206.232137,0,0,30,0,30,53,15
423,Zr38Nb15V60W15,133.661258,0,15,0,0,60,15,38
6182,Zr60Ti15Nb30W23,119.845646,0,30,0,15,0,23,60
10483,Zr90Nb23Mo15,101.726392,15,23,0,0,0,0,90
7296,Zr15Ta15Ti30Nb23V15W30,160.03794,0,23,15,30,15,30,15
7434,Zr45Ta45Ti23W15,129.569897,0,0,45,23,0,15,45
7050,Ti53Nb15V15Mo30W15,166.390369,30,15,0,53,15,15,0
11551,Zr38Ta30Ti15Nb15W30,148.243861,0,15,30,15,0,30,38
8020,Zr38Ta30V45Mo15,138.377026,15,0,30,0,45,0,38
7606,Zr23Nb30V30W45,181.304973,0,30,0,0,30,45,23
2710,Ta30Ti30Mo15W53,215.930648,15,0,30,30,0,53,0
5535,Zr15Ta60Ti53,132.870076,0,0,60,53,0,0,15
5707,Zr38Ta30Ti15V45,124.544945,0,0,30,15,45,0,38
6388,Zr30Ta23Ti15Nb45W15,144.77676,0,45,23,15,0,15,30
2146,Zr45Nb30W53,163.145434,0,30,0,0,0,53,45
8214,Ta60Ti23V45,166.885217,0,0,60,23,45,0,0
10829,Ta45Ti30W53,208.265264,0,0,45,30,0,53,0
5157,Zr30Ti30V23Mo15W30,146.962034,15,0,0,30,23,30,30
7290,Ta30Ti15Nb15V30Mo23W15,195.306927,23,15,30,15,30,15,0
2988,Ti30Nb15V53Mo15W15,175.365701,15,15,0,30,53,15,0
4085,Zr23Ta15Ti45V45,122.644821,0,0,15,45,45,0,23
8026,Ta30Ti45Nb15V38,145.935245,0,15,30,45,38,0,0
10227,Ta15Mo113,256.286728,113,0,15,0,0,0,0
3254,Zr15Ta23Ti15Nb45W30,173.045898,0,45,23,15,0,30,15
11937,Ta30Nb53V45,179.210388,0,53,30,0,45,0,0
5391,Zr30Ta15Ti53Nb15V15,111.885854,0,15,15,53,15,0,30
6184,Ta30Ti15V23W60,223.938488,0,0,30,15,23,60,0
273,Ti23Nb45Mo30W30,201.325085,30,45,0,23,0,30,0
3092,Zr45Ta23Ti15V30Mo15,123.867137,15,0,23,15,30,0,45
4243,Zr23Ti15Nb45V30Mo15,142.51515,15,45,0,15,30,0,23
3402,Zr23Ta30Ti15W60,192.639374,0,0,30,15,0,60,23
4627,Zr75V15Mo23W15,119.211445,23,0,0,0,15,15,75
8648,Zr30Ta15Ti30Nb23Mo30,140.254568,30,23,15,30,0,0,30
287,Zr30V45Mo30W23,170.342458,30,0,0,0,45,23,30
6514,Zr15Ta30Ti53V30,127.092216,0,0,30,53,30,0,15
10471,Zr60Ti23Nb30V15,105.454937,0,30,0,23,15,0,60
1731,Zr23Ta75Ti15V15,147.794988,0,0,75,15,15,0,23
6342,Zr15Ti45Nb53Mo15,135.065614,15,53,0,45,0,0,15
11765,Ta53Ti30Mo45,189.849238,45,0,53,30,0,0,0
1355,V45Mo15W68,252.699314,15,0,0,0,45,68,0
1167,Ta38Mo90,236.780155,90,0,38,0,0,0,0
6726,Ti45Nb23Mo15W45,189.999375,15,23,0,45,0,45,0
79,Zr23Ti30Nb15Mo30W30,167.862661,30,15,0,30,0,30,23
889,Zr60Ta23Nb15W30,134.950375,0,15,23,0,0,30,60
2140,Zr45Ta53Nb30,134.647193,0,30,53,0,0,0,45
4415,Ti15Mo53W60,261.702421,53,0,0,15,0,60,0
1503,Zr45Ta30Ti15V23W15,130.445831,0,0,30,15,23,15,45
425,Zr38Ta15Ti60V15,107.853745,0,0,15,60,15,0,38
3630,Zr23Ta15Ti15Nb30V30W15,148.041872,0,30,15,15,30,15,23
3066,Zr30Ta53Ti45,123.394129,0,0,53,45,0,0,30
11339,Ta15Nb15V45Mo38W15,215.423329,38,15,15,0,45,15,0
2386,Zr23Ta15Nb60W30,173.179696,0,60,15,0,0,30,23
10643,Zr15Ti23Nb15Mo15W60,201.882081,15,15,0,23,0,60,15
11791,Ti45V53W30,167.45518,0,0,0,45,53,30,0
6980,Zr15Ti30Nb30V53,132.905422,0,30,0,30,53,0,15
7600,Ta30Nb30V45W23,198.11592,0,30,30,0,45,23,0
7432,Ta45Ti23V15W45,206.039741,0,0,45,23,15,45,0
4071,Zr23Ti45V45Mo15,123.76042,15,0,0,45,45,0,23
2372,Ta15Ti30Mo60W23,215.462317,60,0,15,30,0,23,0
10485,Ta23V90Mo15,192.421496,15,0,23,0,90,0,0
9138,Zr15Ta15Ti30Nb15V15Mo23W15,161.268064,23,15,15,30,15,15,15
10015,Ta15Mo98W15,261.667929,98,0,15,0,0,15,0
5701,Zr38Ta15Nb30W45,169.577143,0,30,15,0,0,45,38
2147,Ta30Ti53V45,142.891503,0,0,30,53,45,0,0
3095,Zr45Ti23V15Mo15W30,138.435247,15,0,0,23,15,30,45
7264,Zr15Nb23V15Mo15W60,218.238555,15,23,0,0,15,60,15
2944,Zr38Ti30Mo30W30,151.662517,30,0,0,30,0,30,38
11301,Zr15Ti98Nb15,106.22005,0,15,0,98,0,0,15
8670,Ta15Nb38V30Mo15W30,211.242002,15,38,15,0,30,30,0
2716,Zr53Ti30V30Mo15,110.39985,15,0,0,30,30,0,53
422,Zr38Ti60Nb15W15,112.943116,0,15,0,60,0,15,38
6183,Zr60Nb30V15W23,125.824974,0,30,0,0,15,23,60
7852,Zr83Mo30W15,119.52464,30,0,0,0,0,15,83
8019,Ta30V45Mo15W38,226.536786,15,0,30,0,45,38,0
9332,Zr38Ti45V45,107.843372,0,0,0,45,45,0,38
3298,Ti30Nb15Mo15W68,225.589282,15,15,0,30,0,68,0
5953,Nb23V15Mo90,231.660144,90,23,0,0,15,0,0
5534,Ta60Ti53W15,158.603174,0,0,60,53,0,15,0
2523,Zr15Mo53W60,245.629844,53,0,0,0,0,60,15
11306,Ta15Ti98W15,125.867227,0,0,15,98,0,15,0
3896,Zr23Ta15Nb45V15Mo15W15,168.248193,15,45,15,0,15,15,23
4049,Ta23Ti15V75W15,182.432479,0,0,23,15,75,15,0
617,Zr30Ta23V30Mo15W30,171.554389,15,0,23,0,30,30,30
1193,Ta23Ti60Mo45,162.603738,45,0,23,60,0,0,0
8684,Zr30Ta38Ti15Nb15W30,158.190514,0,15,38,15,0,30,30
41,Ti15Nb45Mo53W15,209.064838,53,45,0,15,0,15,0
1997,Ta15Ti23Nb15V45W30,186.444883,0,15,15,23,45,30,0
8442,Ta23Nb45V15Mo45,207.519669,45,45,23,0,15,0,0
2178,Ta23Ti15Nb15V30Mo45,195.394797,45,15,23,15,30,0,0
5739,Zr45Ti68Nb15,99.089297,0,15,0,68,0,0,45
9100,Ti30Nb15V15W68,214.926495,0,15,0,30,15,68,0
11133,Zr23Nb45V45W15,154.507965,0,45,0,0,45,15,23
9590,Ta30Ti15V15Mo23W45,225.820078,23,0,30,15,15,45,0
7435,Zr45Ta45V23W15,139.443699,0,0,45,0,23,15,45
2375,Zr23Ta15V30Mo60,183.538674,60,0,15,0,30,0,23
845,Ta15Nb38V30Mo30W15,208.556655,30,38,15,0,30,15,0
2524,Ta60Ti15Nb53,176.189477,0,53,60,15,0,0,0
7263,Zr15Ti15Nb23Mo15W60,207.260761,15,23,0,15,0,60,15
11550,Zr38Ta30Ti15Nb15V30,126.213897,0,15,30,15,30,0,38
5150,Zr30Ti23Nb30V30Mo15,129.528742,15,30,0,23,30,0,30
5706,Ta30Ti15V45W38,203.315778,0,0,30,15,45,38,0
610,Ti30Nb23V30Mo15W30,188.662006,15,23,0,30,30,30,0
3862,Ti15Nb45V53Mo15,172.035164,15,45,0,15,53,0,0
7051,Zr15Ti53Nb15V15Mo30,138.109087,30,15,0,53,15,0,15
11908,Zr30Ta68Ti15Nb15,141.212314,0,15,68,15,0,0,30
11762,Nb53V30Mo45,204.311698,45,53,0,0,30,0,0
46,Ta45Ti15V15Mo53,204.311816,53,0,45,15,15,0,0
4881,Zr15Ta15Nb38W60,209.960537,0,38,15,0,0,60,15
4082,Zr23Ti45Nb15W45,152.191668,0,15,0,45,0,45,23
7056,Zr15Ta15Ti53Mo30W15,152.660023,30,0,15,53,0,15,15
5533,Ta60Ti53V15,147.977961,0,0,60,53,15,0,0
7638,Zr23Ta30Nb15V15Mo30W15,178.823331,30,15,30,0,15,15,23
10482,Nb23Mo15W90,277.485541,15,23,0,0,0,90,0
8822,Zr38Ta15Ti30Nb15V15Mo15,124.182434,15,15,15,30,15,0,38
8825,Zr38Ti15Nb15V30Mo15W15,136.930697,15,15,0,15,30,15,38
4875,Zr15V15Mo38W60,236.15552,38,0,0,0,15,60,15
9564,Zr23V30Mo15W60,206.702066,15,0,0,0,30,60,23
1399,Zr15Ti15V53Mo15W30,177.26248,15,0,0,15,53,30,15
2711,Zr53Ta30Ti30Mo15,117.203634,15,0,30,30,0,0,53
11557,Zr15Ta15Ti23Nb15Mo30W30,184.891926,30,15,15,23,0,30,15
5365,Zr30Ta15Ti45V23Mo15,124.089116,15,0,15,45,23,0,30
274,Zr30Ti23Nb45Mo30,140.223476,30,45,0,23,0,0,30
9769,Zr60Ta30V23Mo15,123.017093,15,0,30,0,23,0,60
10012,Zr15Nb15Mo98,217.571848,98,15,0,0,0,0,15
10220,Ta23Ti15Nb30V45W15,179.740949,0,30,23,15,45,15,0
1194,Ta23V60Mo45,209.603873,45,0,23,0,60,0,0
10449,Ti15Nb23Mo30W60,237.71542,30,23,0,15,0,60,0
4244,Zr23Ti15Nb45Mo15W30,170.425931,15,45,0,15,0,30,23
5362,Zr30Ti45Nb15Mo15W23,138.206172,15,15,0,45,0,23,30
10243,Zr15Ti113,98.953633,0,0,0,113,0,0,15
4412,Ta15Mo53W60,272.687273,53,0,15,0,0,60,0
10811,Zr53Ta30Mo45,143.277373,45,0,30,0,0,0,53
5396,Ta23Nb90Mo15,184.311037,15,90,23,0,0,0,0
1352,Ti45V68Mo15,152.392897,15,0,0,45,68,0,0
9756,Ta23Nb30V60Mo15,187.716675,15,30,23,0,60,0,0
1160,Ti38V90,148.138138,0,0,0,38,90,0,0
4620,Zr75Ta15Ti15Mo23,109.965801,23,0,15,15,0,0,75
1709,Zr23Nb15Mo75W15,206.003714,75,15,0,0,0,15,23
1504,Ta38Ti45Nb30Mo15,157.788193,15,30,38,45,0,0,0
11134,Ta45Ti45V15W23,167.932078,0,0,45,45,15,23,0
1963,Zr15Ta38Ti45Nb15Mo15,140.528515,15,15,38,45,0,0,15
9903,Ta45Mo83,236.553529,83,0,45,0,0,0,0
4471,Zr30Ta23Ti30V45,123.172029,0,0,23,30,45,0,30
7297,Ta15Ti15Nb30V23Mo15W30,200.361509,15,30,15,15,23,30,0
6721,Ta45Ti45Nb23Mo15,158.541501,15,23,45,45,0,0,0
5998,Zr30Ta30Ti15Mo53,165.673239,53,0,30,15,0,0,30
3637,Ta38V60Mo30,200.956568,30,0,38,0,60,0,0
3608,Zr30Ta30Nb38Mo15W15,164.769564,15,38,30,0,0,15,30
6974,Ta30Ti53Nb30W15,154.073954,0,30,30,53,0,15,0
6148,Zr45Nb23V15W45,154.488177,0,23,0,0,15,45,45
11796,Zr15Ta30Ti15Nb23V15Mo30,165.822041,30,23,30,15,15,0,15
2381,Ta15Ti30Nb60V23,154.61439,0,60,15,30,23,0,0
8489,Ti15Nb15V83Mo15,175.470442,15,15,0,15,83,0,0
280,Zr30Ta45Ti23Mo30,148.672826,30,0,45,23,0,0,30
10644,Zr15Nb15V23Mo15W60,219.060482,15,15,0,0,23,60,15
3405,Ta15Ti15Nb30V23Mo30W15,196.450833,30,30,15,15,23,15,0
6513,Ta30Ti53V30W15,153.705947,0,0,30,53,30,15,0
4076,Zr23Ta45Ti45Nb15,127.208812,0,15,45,45,0,0,23
6177,Ta15Nb30V23W60,232.529961,0,30,15,0,23,60,0
7899,Ti45Nb45Mo23W15,168.478445,23,45,0,45,0,15,0
2918,Zr30Ti15V30Mo15W38,165.351149,15,0,0,15,30,38,30
3061,Nb53V45W30,199.083571,0,53,0,0,45,30,0
6345,Zr15Nb53Mo15W45,203.821529,15,53,0,0,0,45,15
3253,Zr15Ta23Ti15Nb45V30,146.791973,0,45,23,15,30,0,15
10476,Zr60Ta30Ti23W15,117.18208,0,0,30,23,0,15,60
7607,Ta30Ti30V45W23,175.768424,0,0,30,30,45,23,0
1103,Ta15V83W30,208.036894,0,0,15,0,83,30,0
1736,Zr15Ta15Ti15Nb15V38Mo30,161.73064,30,15,15,15,38,0,15
10627,Zr23Ta15V60Mo15W15,165.72204,15,0,15,0,60,15,23
5133,Zr45Ta15Ti30V15Mo23,122.128116,23,0,15,30,15,0,45
6326,Zr30Ta60Nb23W15,161.764388,0,23,60,0,0,15,30
6114,Ta23Ti15V30W60,223.451448,0,0,23,15,30,60,0
6742,Ta23Ti45Nb15W45,184.858152,0,15,23,45,0,45,0
1331,Ta30Ti15V23Mo15W45,219.927724,15,0,30,15,23,45,0
6570,Ta60Nb15V23Mo15W15,205.862607,15,15,60,0,23,15,0
4643,Ta45Ti15Nb30Mo38,194.292297,38,30,45,15,0,0,0
11533,Zr15Ta15Ti45Nb15V15W23,144.795374,0,15,15,45,15,23,15
5557,Zr45Ta15V23Mo45,148.087548,45,0,15,0,23,0,45
2786,Zr15Nb23V30Mo30W30,199.569753,30,23,0,0,30,30,15
7690,Ti15Nb30V45Mo23W15,190.941037,23,30,0,15,45,15,0
1755,Zr30Ta38V15Mo30W15,173.836154,30,0,38,0,15,15,30
9538,Zr15Ti30V38Mo30W15,163.831544,30,0,0,30,38,15,15
7456,Zr45V23Mo30W30,160.590396,30,0,0,0,23,30,45
441,Ti23Nb30Mo30W45,216.583841,30,30,0,23,0,45,0
8283,Ta15Nb23V45Mo15W30,213.396189,15,23,15,0,45,30,0
8045,Ti53Nb45V15Mo15,145.333225,15,45,0,53,15,0,0
5791,Zr15Ti75V15Mo23,122.63653,23,0,0,75,15,0,15
673,Ta30Ti30Nb45V23,157.937593,0,45,30,30,23,0,0
11391,Ti23Nb30V45Mo15W15,179.053496,15,30,0,23,45,15,0
3002,Zr15Ta15Ti15V30W53,190.992445,0,0,15,15,30,53,15
7664,Zr30Ta30Mo45W23,189.372834,45,0,30,0,0,23,30
819,Zr23Ti45W60,165.60075,0,0,0,45,0,60,23
3230,Zr15Ta15Ti68Nb15V15,119.12956,0,15,15,68,15,0,15
2316,Zr15Ta23Ti15V15Mo45W15,189.172881,45,0,23,15,15,15,15
2124,Nb53V45Mo30,192.529184,30,53,0,0,45,0,0
4829,Zr30Ta15Ti53V30,113.627494,0,0,15,53,30,0,30
10085,Zr15Ta15Ti23Nb15V15Mo30W15,170.510626,30,15,15,23,15,15,15
6928,Ta23Ti30V15Mo60,194.362721,60,0,23,30,15,0,0
4015,Zr15Ta15Ti15Nb23W60,198.609561,0,23,15,15,0,60,15
4227,Ta83Ti30W15,179.269783,0,0,83,30,0,15,0
3466,Ta15Ti15V53Mo30W15,200.509327,30,0,15,15,53,15,0
687,Zr23Ti45V30W30,137.56171,0,0,0,45,30,30,23
6584,Zr15Ta15Ti60Nb15W23,135.952267,0,15,15,60,0,23,15
5301,Ta23Nb30V15Mo45W15,218.688785,45,30,23,0,15,15,0
9960,Ta15Nb53Mo15W45,226.862005,15,53,15,0,0,45,0
3654,Zr60Nb30V38,111.180771,0,30,0,0,38,0,60
11701,Zr30Ta15Nb30V30Mo23,151.171174,23,30,15,0,30,0,30
1567,Ta23V45W60,235.729371,0,0,23,0,45,60,0
10415,Ta15Mo90W23,264.086291,90,0,15,0,0,23,0
1593,Zr15Ta23Ti15V45Mo15W15,166.857447,15,0,23,15,45,15,15
10071,Zr38Ti15Nb15V15Mo45,143.018748,45,15,0,15,15,0,38
7200,Zr15Ti15Nb15Mo68W15,200.582926,68,15,0,15,0,15,15
9163,Zr30Ta38Nb30Mo30,162.636161,30,30,38,0,0,0,30
11365,Ta15Ti53Nb30Mo15W15,160.255746,15,30,15,53,0,15,0
10872,Zr15Ta23Ti15Nb15V15W45,185.850697,0,15,23,15,15,45,15
8248,Zr30Ta45Nb23V30,144.121021,0,23,45,0,30,0,30
7831,Zr15Ti45V15Mo15W38,163.735719,15,0,0,45,15,38,15
10886,Ta15V30Mo30W53,248.171353,30,0,15,0,30,53,0
4218,Ta30Nb83W15,191.66327,0,83,30,0,0,15,0
2540,Ti53V60W15,149.186011,0,0,0,53,60,15,0
6319,Zr30Ti60Mo23W15,127.125642,23,0,0,60,0,15,30
6917,Zr15Ta15Ti38Nb15V30W15,144.230473,0,15,15,38,30,15,15
8846,V68W60,234.946419,0,0,0,0,68,60,0
217,Zr53V15Mo15W45,154.947568,15,0,0,0,15,45,53
9735,Ta68Ti15Nb45,177.357856,0,45,68,15,0,0,0
9507,Zr30Ti15Mo60W23,184.969611,60,0,0,15,0,23,30
1558,Ti45Nb23V60,140.944659,0,23,0,45,60,0,0
4688,Ta15Ti75V23Mo15,134.765671,15,0,15,75,23,0,0
9994,Ta15Ti30Nb23V15Mo15W30,189.093781,15,23,15,30,15,30,0
3459,Ta15Nb15V53Mo30W15,209.411522,30,15,15,0,53,15,0
9351,Zr38Ta15Ti30Nb15V30,115.914909,0,15,15,30,30,0,38
5765,Ta15V113,184.897672,0,0,15,0,113,0,0
4816,Zr30Ti53Mo15W30,136.537734,15,0,0,53,0,30,30
11157,Zr15Ta23Nb15V30W45,195.843328,0,15,23,0,30,45,15
3492,Ta15Ti23Nb30V45W15,172.53727,0,30,15,23,45,15,0
228,Ta15Ti15V45W53,215.526689,0,0,15,15,45,53,0
7032,Zr15Nb15V45Mo30W23,193.472502,30,15,0,0,45,23,15
1900,Ti38V30Mo15W45,197.529717,15,0,0,38,30,45,0
10618,Zr23Ta60Nb15V15Mo15,163.796956,15,15,60,0,15,0,23
2772,Ti75V30W23,140.786187,0,0,0,75,30,23,0
8879,Ti53V60Mo15,145.194625,15,0,0,53,60,0,0
3801,Zr30Nb15V38Mo45,160.611988,45,15,0,0,38,0,30
25,Zr15Ta15Nb53V15W30,181.509774,0,53,15,0,15,30,15
4485,Ta15Nb38V45Mo15W15,198.22579,15,38,15,0,45,15,0
8613,Ta15Nb23Mo75W15,236.285914,75,23,15,0,0,15,0
8841,Ta68W60,241.017845,0,0,68,0,0,60,0
5762,Nb15W113,286.139299,0,15,0,0,0,113,0
1594,Zr15Ta23Ti15Nb15V45W15,157.603561,0,15,23,15,45,15,15
5568,Zr45Ta15Nb45W23,143.996029,0,45,15,0,0,23,45
3495,Zr15Ta15Nb30V23W45,194.01805,0,30,15,0,23,45,15
8277,Zr45Ta23Nb15V30W15,136.096831,0,15,23,0,30,15,45
7809,Zr15Ta15V23Mo60W15,208.651964,60,0,15,0,23,15,15
8421,Ta30Ti15Nb23Mo45W15,209.44216,45,23,30,15,0,15,0
10620,Ti60Nb15V15Mo15W23,160.14619,15,15,0,60,15,23,0
826,Zr45Ta30Nb15Mo15W23,155.454522,15,15,30,0,0,23,45
2927,Ta30Nb30V38Mo30,197.088355,30,30,30,0,38,0,0
9993,Zr30Ta15Ti23Nb15V15Mo15W15,143.244779,15,15,15,23,15,15,30
2329,Zr15Ta15Ti45V15Mo38,150.376014,38,0,15,45,15,0,15
7663,Zr30Ta30V23Mo45,166.538782,45,0,30,0,23,0,30
7469,Zr45Ta30Ti23W30,137.946457,0,0,30,23,0,30,45
7207,Ta15Ti15Nb68V15W15,177.361303,0,68,15,15,15,15,0
6583,Zr15Ta15Ti60Nb15V23,122.618174,0,15,15,60,23,0,15
1560,Zr60Ti45Nb23,99.449897,0,23,0,45,0,0,60
11954,Zr45Ti53W30,118.965655,0,0,0,53,0,30,45
10082,Zr38Ta15Nb45V15W15,141.697563,0,45,15,0,15,15,38
22,Ta15Ti15Nb53V30W15,177.744926,0,53,15,15,30,15,0
6789,Zr68Ta30V15W15,119.792897,0,0,30,0,15,15,68
11150,Zr15Ta23Ti30V45Mo15,144.498347,15,0,23,30,45,0,15
2775,Zr23V75W30,165.189245,0,0,0,0,75,30,23
6745,Zr45Ta23Nb15V45,123.211632,0,15,23,0,45,0,45
10288,Ti15Nb45V15Mo23W30,203.125924,23,45,0,15,15,30,0
7035,Zr15Ta15Ti45Mo30W23,164.498225,30,0,15,45,0,23,15
9197,Zr38Ta45Ti15Nb15Mo15,138.722099,15,15,45,15,0,0,38
210,Zr53Ta15Ti45Mo15,108.133949,15,0,15,45,0,0,53
446,Ta30Ti23V45Mo30,181.658067,30,0,30,23,45,0,0
2547,Zr15Ta15Nb15V53Mo15W15,176.336755,15,15,15,0,53,15,15
4482,Ta15Ti45Nb38V15Mo15,153.954178,15,38,15,45,15,0,0
5930,Zr60Ti15Nb15V15Mo23,114.600509,23,15,0,15,15,0,60
5550,Nb15V23Mo45W45,247.909305,45,15,0,0,23,45,0
11168,Zr15Nb15V53Mo45,180.319127,45,15,0,0,53,0,15
11362,Zr15Ta15Ti15V15Mo53W15,191.408932,53,0,15,15,15,15,15
3806,Ta15V38Mo45W30,235.945466,45,0,15,0,38,30,0
7655,Zr30Ti23Nb30Mo45,149.249093,45,30,0,23,0,0,30
10881,Zr53Nb15V30Mo30,127.758789,30,15,0,0,30,0,53
10412,Zr23Nb15Mo90,201.258035,90,15,0,0,0,0,23
3237,Ta15Ti30Nb23V15Mo45,182.83939,45,23,15,30,15,0,0
2920,Zr30Ta15Ti30Nb15V38,124.159704,0,15,15,30,38,0,30
1938,Zr83V45,99.362226,0,0,0,0,45,0,83
3653,Nb30V38W60,231.157404,0,30,0,0,38,60,0
6113,Zr60Nb23V15W30,130.16089,0,23,0,0,15,30,60
11534,Ta15Ti30Nb30V38Mo15,163.629966,15,30,15,30,38,0,0
11706,Zr30Nb30V15Mo23W30,174.950638,23,30,0,0,15,30,30
3005,Nb60V30Mo38,197.601602,38,60,0,0,30,0,0
1752,Ta38Ti15V15Mo30W30,216.702735,30,0,38,15,15,30,0
4811,Ta53V30Mo15W30,220.466193,15,0,53,0,30,30,0
4220,Ti30Nb83V15,151.73514,0,83,0,30,15,0,0
5796,Zr15Ta75Ti15Nb23,158.184057,0,23,75,15,0,0,15
9967,Zr45Nb53Mo15W15,143.229762,15,53,0,0,0,15,45
5306,Zr15Ti23Nb30Mo45W15,179.520926,45,30,0,23,0,15,15
2327,Zr15Nb15V45Mo38W15,190.703841,38,15,0,0,45,15,15
680,Zr23Ti30Nb45V30,127.819872,0,45,0,30,30,0,23
821,Ta30Ti23Nb15V45Mo15,171.024509,15,15,30,23,45,0,0
11396,Zr15Ta30Ti23V45Mo15,150.515005,15,0,30,23,45,0,15
3698,Zr15Ta53Ti15W45,193.297825,0,0,53,15,0,45,15
5937,Zr60Ti15V15Mo23W15,124.42963,23,0,0,15,15,15,60
3208,Ta30Ti15Nb45V15W23,186.99524,0,45,30,15,15,23,0
8419,Zr15Ti23V60W30,162.723643,0,0,0,23,60,30,15
4476,Zr15Ta53Ti15Nb15V15Mo15,162.877174,15,15,53,15,15,0,15
9356,Ta15Ti60Nb15Mo38,158.10113,38,15,15,60,0,0,0
9958,Ta15Ti45Nb53Mo15,154.067395,15,53,15,45,0,0,0
479,Zr15Ti30Nb45Mo15W23,161.452751,15,45,0,30,0,23,15
11739,Zr60Ta15V38Mo15,118.100158,15,0,15,0,38,0,60
8089,Zr15Ta15Ti23V30Mo30W15,171.233742,30,0,15,23,30,15,15
4644,Ta45Nb30V15Mo38,204.79129,38,30,45,0,15,0,0
4449,Zr30Nb30Mo23W45,189.442806,23,30,0,0,0,45,30
2123,Ti45Nb53Mo30,159.516442,30,53,0,45,0,0,0
1309,Zr45Nb30V23Mo15W15,139.894794,15,30,0,0,23,15,45
7451,Zr45Ta23V30Mo30,138.03272,30,0,23,0,30,0,45
10076,Zr38Ta15Ti15Mo45W15,160.2702,45,0,15,15,0,15,38
7238,Zr15Ti30Mo60W23,192.425179,60,0,0,30,0,23,15
8614,Zr15Ta15Nb23Mo75,203.305852,75,23,15,0,0,0,15
4012,Zr15Ti15V15Mo23W60,213.096846,23,0,0,15,15,60,15
5339,Zr15Ta45Ti30V15W23,160.292038,0,0,45,30,15,23,15
11998,Zr15Ti15Nb53V15Mo30,159.412892,30,53,0,15,15,0,15
7697,Zr15Ta30V15Mo23W45,216.141209,23,0,30,0,15,45,15
8426,Ti30Nb23V15Mo45W15,193.807717,45,23,0,30,15,15,0
6577,Ta15Ti60V23Mo15W15,155.623164,15,0,15,60,23,15,0
3461,Zr15Ta15Nb15Mo30W53,225.751552,30,15,15,0,0,53,15
3839,Zr23Ta45Ti15Nb30Mo15,153.032418,15,30,45,15,0,0,23
2311,Ta15Ti15Nb23V15Mo45W15,206.47521,45,23,15,15,15,15,0
674,Ta30Ti30Nb45W23,176.690431,0,45,30,30,0,23,0
1104,Zr30Ta15V83,136.537409,0,0,15,0,83,0,30
1336,Ta30Ti15Nb15V23W45,208.224186,0,15,30,15,23,45,0
5134,Zr45Ta15Ti30Mo23W15,133.507976,23,0,15,30,0,15,45
5908,Zr23Ti30V30Mo30W15,152.76101,30,0,0,30,30,15,23
10244,V113W15,197.151848,0,0,0,0,113,15,0
6548,Zr23Ta45Ti30Nb15Mo15,142.233457,15,15,45,30,0,0,23
10875,Ta30Nb15Mo30W53,248.606096,30,15,30,0,0,53,0
10049,Ti45Nb23V30Mo15W15,162.954365,15,23,0,45,30,15,0
9369,Ta15V15Mo38W60,266.936831,38,0,15,0,15,60,0
2578,Zr23Ti60Nb15V30,113.310948,0,15,0,60,30,0,23
6321,Ta60Ti15Nb23V30,174.00433,0,23,60,15,30,0,0
5300,Zr15Ta23Ti15Nb30Mo45,176.144985,45,30,23,15,0,0,15
8044,Zr15Ta53Nb45Mo15,174.892367,15,45,53,0,0,0,15
3003,Ta30Nb60Mo38,204.023512,38,60,30,0,0,0,0
3467,Zr15Ta15Ti15V53Mo30,163.015408,30,0,15,15,53,0,15
4817,Zr30V53Mo15W30,165.144378,15,0,0,0,53,30,30
7468,Zr45Ta30Ti23V30,117.147978,0,0,30,23,30,0,45
4484,Zr15Ta15Ti45Nb38Mo15,137.273711,15,38,15,45,0,0,15
8612,Ta15Nb23V15Mo75,226.401328,75,23,15,0,15,0,0
5790,Ti75V15Mo23W15,148.303598,23,0,0,75,15,15,0
818,Zr23Ti45V60,117.188089,0,0,0,45,60,0,23
6318,Zr30Ti60V15Mo23,114.890235,23,0,0,60,15,0,30
24,Zr15Ta15Ti15Nb53W30,172.474533,0,53,15,15,0,30,15
8878,Zr60Ta53Mo15,129.246678,15,0,53,0,0,0,60
10070,Ti15Nb15V15Mo45W38,228.206318,45,15,0,15,15,38,0
229,Zr53Ta15Ti15V45,110.135047,0,0,15,15,45,0,53
7033,Ta15Ti45V23Mo30W15,175.44551,30,0,15,45,23,15,0
7201,Zr15Nb15V15Mo68W15,210.29518,68,15,0,0,15,15,15
2773,Zr23Ti75V30,108.389524,0,0,0,75,30,0,23
9734,Zr15Mo45W68,248.738272,45,0,0,0,0,68,15
8847,Zr60V68,108.494146,0,0,0,0,68,0,60
11364,Ta15Ti53Nb30V15Mo15,149.17705,15,30,15,53,15,0,0
4689,Ta15Ti75Mo15W23,153.927848,15,0,15,75,0,23,0
3655,Zr60Nb30W38,138.910176,0,30,0,0,0,38,60
686,Zr23Ta45V30W30,175.556003,0,0,45,0,30,30,23
8420,Ta30Ti15Nb23V15Mo45,195.673409,45,23,30,15,15,0,0
6327,Ti60Nb23V15W30,155.701058,0,23,0,60,15,30,0
1330,Zr45Nb30V15Mo15W23,147.317677,15,30,0,0,15,23,45
5931,Zr60Ti15Nb15Mo23W15,126.024135,23,15,0,15,0,15,60
3231,Zr15Ta15Ti68Nb15W15,128.157143,0,15,15,68,0,15,15
5556,Ta15V23Mo45W45,253.49367,45,0,15,0,23,45,0
1754,Zr30Ta38Ti15Mo30W15,164.171682,30,0,38,15,0,15,30
6571,Zr15Ta60Nb15V23Mo15,173.436675,15,15,60,0,23,0,15
9961,Zr45Ta15Nb53Mo15,135.472012,15,53,15,0,0,0,45
11169,Zr15Nb15Mo45W53,233.398867,45,15,0,0,0,53,15
4470,Ta23Ti30V45W30,182.442057,0,0,23,30,45,30,0
5764,Ta15Ti113,112.396141,0,0,15,113,0,0,0
9350,Ta15Ti30Nb15V30W38,187.020313,0,15,15,30,30,38,0
6115,Zr60Ta23Ti15V30,109.535287,0,0,23,15,30,0,60
4828,Ta15Ti53V30W30,163.464613,0,0,15,53,30,30,0
9995,Zr30Ta15Ti30Nb23V15Mo15,131.525649,15,23,15,30,15,0,30
6788,Zr68Ta30Ti15W15,114.104911,0,0,30,15,0,15,68
2787,Ta23Ti30V30Mo30W15,188.277537,30,0,23,30,30,15,0
9196,Ta45Ti15Nb15Mo15W38,214.753973,15,15,45,15,0,38,0
2926,Ta30Ti38Nb30Mo30,169.956605,30,30,30,38,0,0,0
10414,Ta15V23Mo90,235.400254,90,0,15,0,23,0,0
1559,Ti45Nb23W60,193.079629,0,23,0,45,0,60,0
2541,Zr15Ti53V60,122.08389,0,0,0,53,60,0,15
10887,Zr53Ta15V30Mo30,129.982628,30,0,15,0,30,0,53
10619,Zr23Ta60Nb15Mo15W15,177.832102,15,15,60,0,0,15,23
5569,Ti15Nb45V23W45,201.61308,0,45,0,15,23,45,0
1102,Zr30Ta15Ti83,104.985955,0,0,15,83,0,0,30
216,Zr53Ti15Mo15W45,147.224348,15,0,0,15,0,45,53
11156,Zr15Ta23Ti30Nb15W45,175.175908,0,15,23,30,0,45,15
4219,Zr15Ta30Nb83,160.755532,0,83,30,0,0,0,15
8282,Zr30Ta15Ti45Nb23Mo15,125.155021,15,23,15,45,0,0,30
9539,Ta30Ti38Nb30V15W15,164.37259,0,30,30,38,15,15,0
8249,Zr30Ta45Nb23W30,171.491147,0,23,45,0,0,30,30
8276,Zr45Ta23Ti30Nb15W15,123.863919,0,15,23,30,0,15,45
4642,Zr75Ti23V15W15,102.601162,0,0,0,23,15,15,75
4014,Zr15Ta15Ti15Nb23V60,144.899641,0,23,15,15,60,0,15
2328,Ta15Ti45V15Mo38W15,182.046287,38,0,15,45,15,15,0
10084,Zr38Ta45Ti15V15W15,137.691435,0,0,45,15,15,15,38
827,Ti30Nb15V23Mo15W45,200.857074,15,15,0,30,23,45,0
11390,Zr15Ta23Nb30Mo15W45,206.665791,15,30,23,0,0,45,15
7830,Zr15Ta45V15Mo15W38,204.593056,15,0,45,0,15,38,15
9506,Zr30Ti15V23Mo60,162.131455,60,0,0,15,23,0,30
672,Zr23V30Mo45W30,199.664446,45,0,0,0,30,30,23
6929,Ta23Ti30Mo60W15,207.770823,60,0,23,30,0,15,0
7691,Zr15Ti15Nb30V45Mo23,154.836145,23,30,0,15,45,0,15
3800,Nb15V38Mo45W30,233.717799,45,15,0,0,38,30,0
10242,Ti113W15,116.077292,0,0,0,113,0,15,0
11955,Zr45V53W30,138.491593,0,0,0,0,53,30,45
4226,Ta83Ti30V15,166.539221,0,0,83,30,15,0,0
6743,Zr45Ta23Ti45Nb15,110.130772,0,15,23,45,0,0,45
10289,Zr30Ti15Nb45V15Mo23,140.945621,23,45,0,15,15,0,30
2972,Zr23Ta15Ti15V60Mo15,143.7587,15,0,15,15,60,0,23
11559,Zr15Ti15Nb15V23Mo30W30,188.003348,30,15,0,15,23,30,15
6942,Zr15Ta23Nb60V30,156.998866,0,60,23,0,30,0,15
5965,Zr15Mo90W23,232.515487,90,0,0,0,0,23,15
619,Ta23Ti30Nb15V30W30,182.043021,0,15,23,30,30,30,0
3854,Zr23Ta30Ti45Nb15W15,135.437897,0,15,30,45,0,15,23
10873,Ta30Ti53Nb15Mo30,159.945874,30,15,30,53,0,0,0
11901,Zr30Ta68Mo15W15,171.519262,15,0,68,0,0,15,30
4629,Ta15Ti15Nb23W75,235.293565,0,23,15,15,0,75,0
2986,Zr15Ta30Nb15V53Mo15,164.759744,15,15,30,0,53,0,15
9760,Ti23Nb30Mo15W60,221.832903,15,30,0,23,0,60,0
10229,V15Mo113,253.632194,113,0,0,0,15,0,0
6916,Zr15Ta15Ti38V30Mo15W15,151.86516,15,0,15,38,30,15,15
9552,Nb30V60Mo15W23,204.456175,15,30,0,0,60,23,0
10827,Zr53Nb45W30,138.305647,0,45,0,0,0,30,53
8222,Zr45Ti60W23,111.548095,0,0,0,60,0,23,45
5159,Zr30Ta30Ti23Nb15V30,127.356802,0,15,30,23,30,0,30
9136,Zr15Ta23Ti15V30W45,185.66185,0,0,23,15,30,45,15
6728,Nb23V45Mo15W45,226.717876,15,23,0,0,45,45,0
9794,Ti15Nb38V45Mo30,180.808803,30,38,0,15,45,0,0
10626,Zr23Ta15Ti60Mo15W15,131.906866,15,0,15,60,0,15,23
1566,Zr60Ta23Ti45,101.461839,0,0,23,45,0,0,60
7864,Ta30Ti15W83,244.602604,0,0,30,15,0,83,0
2388,Zr23Ti15Nb60V30,134.567211,0,60,0,15,30,0,23
289,Ta45Ti23Nb30W30,191.001803,0,30,45,23,0,30,0
7890,Zr15Ta15Ti15Nb60W23,165.885794,0,60,15,15,0,23,15
8480,Zr30Ti15Nb15V23Mo15W30,158.870465,15,15,0,15,23,30,30
5502,Ta15Ti15Nb45V30W23,183.98234,0,45,15,15,30,23,0
887,Ta23Nb15V30W60,234.208061,0,15,23,0,30,60,0
1901,Zr45Ti38V30Mo15,112.245403,15,0,0,38,30,0,45
873,Zr60Nb23Mo15W30,139.066169,15,23,0,0,0,30,60
3458,Zr15Ta15Ti53Nb15Mo30,140.130929,30,15,15,53,0,0,15
8010,Ti45Nb30V38Mo15,150.267196,15,30,0,45,38,0,0
8474,Zr15Ta45V45W23,179.757342,0,0,45,0,45,23,15
7058,Zr15Ti15V53Mo30W15,174.782995,30,0,0,15,53,15,15
8646,Ta15Ti30Nb23V30Mo30,172.359699,30,23,15,30,30,0,0
4843,Ta30Ti15V38Mo30W15,201.902313,30,0,30,15,38,15,0
9162,Ta38Nb30Mo30W30,227.935287,30,30,38,0,0,30,0
2718,Zr53V30Mo15W30,141.504741,15,0,0,0,30,30,53
3068,Zr30Ta53V45,144.262229,0,0,53,0,45,0,30
5991,Ti15Nb30Mo53W30,224.522077,53,30,0,15,0,30,0
5354,Ta45Ti23Nb15V30Mo15,173.762463,15,15,45,23,30,0,0
5166,Zr30Ta15Ti15Nb30Mo38,152.080103,38,30,15,15,0,0,30
84,Zr23Ta15V30Mo30W30,188.574636,30,0,15,0,30,30,23
2515,Ta60V15Mo53,218.174325,53,0,60,0,15,0,0
2171,Zr30Ti15V15Mo45W23,172.616595,45,0,0,15,15,23,30
8813,Zr75Ta23Ti30,98.306173,0,0,23,30,0,0,75
7067,Zr15Ta15Ti30Nb23Mo15W30,170.345403,15,23,15,30,0,30,15
4286,Zr30Nb15V60Mo23,146.358238,23,15,0,0,60,0,30
242,Zr30Nb38Mo15W45,184.063271,15,38,0,0,0,45,30
9304,Zr38Nb45Mo45,155.203147,45,45,0,0,0,0,38
7403,Ta15Nb23V45Mo45,206.119679,45,23,15,0,45,0,0
11754,Zr60Nb15V15W38,132.586364,0,15,0,0,15,38,60
2727,Zr53Ti30Nb15W30,122.615443,0,15,0,30,0,30,53
6373,Zr30Ta15Ti15Nb23Mo45,156.805429,45,23,15,15,0,0,30
414,Ta60Ti15Nb15V38,173.785273,0,15,60,15,38,0,0
1169,V38Mo90,235.826864,90,0,0,0,38,0,0
2343,Zr15Ta30Nb45V15Mo23,173.44969,23,45,30,0,15,0,15
70,Zr15Ti53V45W15,130.779449,0,0,0,53,45,15,15
9599,Zr45Ti30Nb23V15W15,117.858718,0,23,0,30,15,15,45
3601,Zr15Ta15Ti15V30Mo23W30,185.216081,23,0,15,15,30,30,15
5730,V68Mo15W45,231.538228,15,0,0,0,68,45,0
7631,V30W98,280.163677,0,0,0,0,30,98,0
3291,Zr38Ti60W30,119.731395,0,0,0,60,0,30,38
4888,Zr15Ta38Ti15W60,204.894262,0,0,38,15,0,60,15
626,Ta15Ti38Nb15Mo30W30,194.082258,30,15,15,38,0,30,0
7255,Ta15Ti60Nb23V15Mo15,143.420882,15,23,15,60,15,0,0
6387,Zr30Ta23Ti15Nb45V15,134.284788,0,45,23,15,15,0,30
10216,Zr15Ta23Ti15V45Mo30,163.646284,30,0,23,15,45,0,15
8679,Zr30Ta38Ti15Mo15W30,167.46298,15,0,38,15,0,30,30
11102,Zr45Ta15V45W23,134.230074,0,0,15,0,45,23,45
10686,Zr30Nb15Mo38W45,199.76011,38,15,0,0,0,45,30
1390,Zr15Ta53Nb15Mo15W30,199.979247,15,15,53,0,0,30,15
6989,Ta45Nb23V30Mo30,199.635685,30,23,45,0,30,0,0
11566,Zr15Ti30Nb23V30Mo15W15,153.347717,15,23,0,30,30,15,15
11330,Ti60V68,134.013743,0,0,0,60,68,0,0
1955,Ta15Ti45Nb30V15W23,163.349511,0,30,15,45,15,23,0
2149,Zr45Ta30Ti53,107.784315,0,0,30,53,0,0,45
8641,Ta75Ti23V15W15,182.565387,0,0,75,23,15,15,0
7863,Ta30Ti15V83,170.834643,0,0,30,15,83,0,0
10672,Zr30Ta15Ti45Nb23V15,117.489064,0,23,15,45,15,0,30
8487,Ta15Nb15Mo15W83,273.098533,15,15,15,0,0,83,0
10023,Ta15Ti15Nb98,164.483095,0,98,15,15,0,0,0
8225,Ta30Nb45V30Mo23,192.325634,23,45,30,0,30,0,0
4047,Zr15Ti15Nb23W75,211.437738,0,23,0,15,0,75,15
5708,Zr38Ta30Ti15W45,160.641984,0,0,30,15,0,45,38
4611,Zr75Ta15Nb15Mo23,115.291664,23,15,15,0,0,0,75
10440,Zr23Ti90V15,101.805314,0,0,0,90,15,0,23
6522,Zr45Ta15Nb15V38Mo15,129.329364,15,15,15,0,38,0,45
4275,Zr15Ta30Nb23V45W15,170.366269,0,23,30,0,45,15,15
9935,Zr30Ta38Ti15Mo45,160.691034,45,0,38,15,0,0,30
5398,Nb90V23Mo15,179.036322,15,90,0,0,23,0,0
2981,Zr23Ta15Ti15V15W60,188.846225,0,0,15,15,15,60,23
10818,Ta30Ti53Nb45,143.291392,0,45,30,53,0,0,0
1700,Ta15Ti23Nb15Mo75,206.687206,75,15,15,23,0,0,0
6146,Zr45Ti15Nb23V45,113.429248,0,23,0,15,45,0,45
8017,Ta30Ti45Mo15W38,189.175398,15,0,30,45,0,38,0
9131,Ta15Ti30Nb23V45W15,166.855651,0,23,15,30,45,15,0
5195,Nb68V30Mo30,190.770482,30,68,0,0,30,0,0
4616,Zr75Nb15V15Mo23,111.935599,23,15,0,0,15,0,75
6525,Zr45Ti15Nb15V38Mo15,117.440927,15,15,0,15,38,0,45
8473,Zr15Ta45Ti45W23,150.196958,0,0,45,45,0,23,15
5962,Zr15Ti23Mo90,194.452819,90,0,0,23,0,0,15
11105,Ta15Nb45V23Mo45,205.788897,45,45,15,0,23,0,0
5996,Ta30Ti15V30Mo53,202.107243,53,0,30,15,30,0,0
10478,Zr60Ti30V23W15,107.918802,0,0,0,30,23,15,60
1707,Nb15V15Mo75W23,243.491444,75,15,0,0,15,23,0
6717,Zr15Ta53Ti15Nb15W30,179.323966,0,15,53,15,0,30,15
3265,Ta30Mo60W38,257.759357,60,0,30,0,0,38,0
874,Ta23Ti30V60Mo15,165.701159,15,0,23,30,60,0,0
6141,Zr45Ta15Ti45Nb23,108.43012,0,23,15,45,0,0,45
7897,Zr15Ta45Nb45Mo23,177.042803,23,45,45,0,0,0,15
4040,Ta15Ti75Nb23W15,137.460937,0,23,15,75,0,15,0
10447,Zr60Ta15Nb23Mo30,129.896647,30,23,15,0,0,0,60
7609,Zr23Ta30Ti30W45,167.373563,0,0,30,30,0,45,23
11308,Ta15V98W15,195.549084,0,0,15,0,98,15,0
3050,Zr30Ti45Mo53,140.551871,53,0,0,45,0,0,30
9555,Ta30Ti60V23Mo15,145.548755,15,0,30,60,23,0,0
48,Zr15Ta45Ti15Mo53,185.246118,53,0,45,15,0,0,15
10820,Ta30Nb45W53,226.212347,0,45,30,0,0,53,0
11798,Zr15Ta30Nb23V15Mo30W15,190.331027,30,23,30,0,15,15,15
4272,Ta30Ti45Nb23V15W15,159.148305,0,23,30,45,15,15,0
11906,Ta68Ti15Nb15V30,175.035735,0,15,68,15,30,0,0
7094,Ta23Nb15V15Mo75,227.232551,75,15,23,0,15,0,0
2975,Zr23Ti15V15Mo15W60,195.986981,15,0,0,15,15,60,23
6945,Zr15Ti23Nb60V30,138.740529,0,60,0,23,30,0,15
3057,Zr30Ta45Nb53,147.756389,0,53,45,0,0,0,30
2182,Zr30Ta23Nb15V15Mo45,166.924057,45,15,23,0,15,0,30
3639,Zr60Ta38Mo30,132.813315,30,0,38,0,0,0,60
1363,Ti45Nb15W68,201.839805,0,15,0,45,0,68,0
3433,Zr15Ta30Ti68Mo15,127.739955,15,0,30,68,0,0,15
10024,Ta15Nb98V15,172.878993,0,98,15,0,15,0,0
9109,Ta30Ti30Nb15V15Mo15W23,186.251685,15,15,30,30,15,23,0
2185,Zr30Ti23Nb15V15Mo45,146.535088,45,15,0,23,15,0,30
9793,Zr45Ta15Nb38Mo30,142.20779,30,38,15,0,0,0,45
9303,Nb45Mo45W38,240.073646,45,45,0,0,0,38,0
9932,Zr30Nb38Mo45W15,177.826687,45,38,0,0,0,15,30
1532,Zr45Ti30Nb15W38,134.396089,0,15,0,30,0,38,45
880,Ti23V30Mo15W60,224.318989,15,0,0,23,30,60,0
11592,Ta30Ti15Nb30Mo53,201.817389,53,30,30,15,0,0,0
7299,Zr30Ta15Ti15Nb30Mo15W23,158.493459,15,30,15,15,0,23,30
4424,Ti15Nb53V60,162.813641,0,53,0,15,60,0,0
9758,Zr60Ta23Nb30Mo15,125.477352,15,30,23,0,0,0,60
3262,Zr38Nb30Mo60,165.639266,60,30,0,0,0,0,38
1952,Zr23Ta15Ti45Mo30W15,148.167811,30,0,15,45,0,15,23
5192,Zr23Ta30Ti15Nb15V15Mo15W15,159.706408,15,15,30,15,15,15,23
6710,Ta53Ti15V30Mo15W15,194.418049,15,0,53,15,30,15,0
10675,Zr30Ti15Nb23V45W15,136.79207,0,23,0,15,45,15,30
1535,Zr45Ta15Ti30V38,110.727247,0,0,15,30,38,0,45
3853,Zr23Ta30Ti45Nb15V15,124.133269,0,15,30,45,15,0,23
4078,Zr23Ta45Nb15V45,150.227741,0,15,45,0,45,0,23
6179,Zr60Ta15Nb30W23,130.742374,0,30,15,0,0,23,60
4844,Zr15Ta30Ti15V38Mo30,165.503583,30,0,30,15,38,0,15
11595,Zr15Ta30Nb30Mo53,193.881003,53,30,30,0,0,0,15
7093,Ta23Ti15Nb15Mo75,213.761845,75,15,23,15,0,0,0
2512,Nb60Mo53W15,218.679309,53,60,0,0,0,15,0
1156,Ta38Ti90,123.886916,0,0,38,90,0,0,0
1364,Zr68Ti45Nb15,95.199111,0,15,0,45,0,0,68
9767,Zr60Ta30Ti23Mo15,114.138859,15,0,30,23,0,0,60
2176,Zr30Ti15Nb45V15W23,144.786802,0,45,0,15,15,23,30
7636,Zr23Ta30Ti15Nb15V15Mo30,157.159753,30,15,30,15,15,0,23
2344,Zr15Ta30Nb45Mo23W15,187.235273,23,45,30,0,0,15,15
6380,Zr30Nb23V15Mo45W15,176.11983,45,23,0,0,15,15,30
621,Zr30Ta23Ti30Nb15W30,146.948911,0,15,23,30,0,30,30
9335,Ta30Ti30Nb15V38Mo15,166.023222,15,15,30,30,38,0,0
4872,Ti15V60Mo38W15,203.72209,38,0,0,15,60,15,0
3059,Ti45Nb53W30,167.275425,0,53,0,45,0,30,0
11561,Zr15Ta15Ti15Nb30V23W30,170.379534,0,30,15,15,23,30,15
4281,Zr30Ta60Nb15Mo23,162.709142,23,15,60,0,0,0,30
8028,Zr38Ta30Ti45Nb15,115.21832,0,15,30,45,0,0,38
7404,Ta15Nb23Mo45W45,247.083868,45,23,15,0,0,45,0
5161,Zr30Ta30Nb15V23W30,163.93112,0,15,30,0,23,30,30
5353,Zr38Ta30Ti15Nb15V15W15,138.079366,0,15,30,15,15,15,38
10681,Ti45Nb15V30Mo38,164.278891,38,15,0,45,30,0,0
3898,Zr23Ta45Ti15V15Mo15W15,163.241279,15,0,45,15,15,15,23
5505,Zr23Ta15Nb45V15W30,170.864883,0,45,15,0,15,30,23
1999,Zr30Ta15Ti23Nb15W45,160.713636,0,15,15,23,0,45,30
2720,Ta30Ti30Nb15W53,204.796993,0,15,30,30,0,53,0
413,Zr38V60Mo15W15,143.63981,15,0,0,0,60,15,38
1738,Zr15Ta15Nb15V15Mo30W38,210.983863,30,15,15,0,15,38,15
1397,Zr15Ta15Ti53Mo15W30,156.059094,15,0,15,53,0,30,15
6389,Zr30Ta23Nb45V15W15,153.166795,0,45,23,0,15,15,30
7252,Zr15Ta60Ti30W23,164.088708,0,0,60,30,0,23,15
3865,Nb45V15Mo15W53,231.937159,15,45,0,0,15,53,0
4423,Zr60Ta15Nb53,117.288719,0,53,15,0,0,0,60
2729,Ta15Ti30V30W53,203.23039,0,0,15,30,30,53,0
3606,Ta30Nb38V15Mo15W30,213.890138,15,38,30,0,15,30,0
11753,Zr60Ti15Nb15W38,128.049845,0,15,0,15,0,38,60
11337,Ta15Ti45Nb15Mo38W15,181.54763,38,15,15,45,0,15,0
83,Zr23Ta15Ti30Mo30W30,170.448455,30,0,15,30,0,30,23
3434,Ta30V68Mo15W15,204.399578,15,0,30,0,68,15,0
11939,Zr45Ta30Nb53,129.610137,0,53,30,0,0,0,45
7069,Zr15Ti15Nb23V30Mo15W30,177.012889,15,23,0,15,30,30,15
6374,Ta15Nb23V15Mo45W30,235.049667,45,23,15,0,15,30,0
5737,Ti68Nb15V45,129.803741,0,15,0,68,45,0,0
77,Ti30Nb15V30Mo30W23,191.688335,30,15,0,30,30,23,0
9597,Zr45Ta30Ti15Nb23W15,130.910261,0,23,30,15,0,15,45
3296,Zr68Ta30Nb15Mo15,119.270518,15,15,30,0,0,0,68
842,Ta15Ti30Nb38V15Mo30,173.084511,30,38,15,30,15,0,0
245,Zr30Ta38Ti45Mo15,128.728371,15,0,38,45,0,0,30
8814,Ta23V30W75,247.36522,0,0,23,0,30,75,0
7060,Zr15Ta15Ti53Nb30V15,125.24702,0,30,15,53,15,0,15
6170,Ti15V23Mo30W60,239.796711,30,0,0,15,23,60,0
10211,Ti15Nb23V45Mo30W15,195.971674,30,23,0,15,45,15,0
10816,Zr53V30Mo45,133.73581,45,0,0,0,30,0,53
2943,Zr38Ti30V30Mo30,128.071035,30,0,0,30,30,0,38
4886,Ta38Ti15V60W15,183.434602,0,0,38,15,60,15,0
1151,Ta90Nb38,194.994661,0,38,90,0,0,0,0
8677,Ta38Ti15V30Mo15W30,206.81316,15,0,38,15,30,30,0
6973,Ta30Ti53Nb30V15,142.558581,0,30,30,53,15,0,0
10688,Ta15Ti45Mo38W30,195.228433,38,0,15,45,0,30,0
8021,Zr38Ta30Mo15W45,180.789014,15,0,30,0,0,45,38
4288,Ta15Ti60V30Mo23,149.97316,23,0,15,60,30,0,0
8683,Zr30Ta38Ti15Nb15V30,133.933007,0,15,38,15,30,0,30
6719,Zr15Ti53Nb15V15W30,144.480116,0,15,0,53,15,30,15
11930,Ti30V45Mo53,188.179442,53,0,0,30,45,0,0
1990,Zr30Ti23Nb15Mo15W45,167.721317,15,15,0,23,0,45,30
10218,Zr15Ta23V15Mo30W45,219.244274,30,0,23,0,15,45,15
628,Ta15Nb15V38Mo30W30,224.836324,30,15,15,0,38,30,0
9904,Ti45Mo83,194.868522,83,0,0,45,0,0,0
9563,Zr23Ti30Mo15W60,184.414818,15,0,0,30,0,60,23
6987,Zr15Ti30V30W53,177.917482,0,0,0,30,30,53,15
9107,Zr68Ta15V30W15,116.37114,0,0,15,0,30,15,68
11568,Zr15Ta23Ti30Nb15V30W15,149.182222,0,15,23,30,30,15,15
8213,Zr45Nb60W23,141.629621,0,60,0,0,0,23,45
5954,Nb23Mo90W15,247.330287,90,23,0,0,0,15,0
8445,Ti23Nb45V15Mo45,184.761921,45,45,0,23,15,0,0
5168,Zr30Ta15Nb30V15Mo38,161.689257,38,30,15,0,15,0,30
4618,Ta15Ti15V75Mo23,183.34655,23,0,15,15,75,0,0
7855,Ta15Nb30W83,254.916544,0,30,15,0,0,83,0
9751,Ti45V68W15,154.512064,0,0,0,45,68,15,0
1158,Ta38W90,273.271991,0,0,38,0,0,90,0
1964,Ta38Nb15V45Mo15W15,202.753417,15,15,38,0,45,15,0
3891,Zr53Ta15V45W15,125.299333,0,0,15,0,45,15,53
202,Ti45Nb15V53Mo15,150.800797,15,15,0,45,53,0,0
3225,Zr15Ta15Ti68V15Mo15,124.588465,15,0,15,68,15,0,15
11384,Zr15Ta15Ti30V15W53,180.731326,0,0,15,30,15,53,15
10090,Zr23Ta30Nb15V15Mo45,175.839875,45,15,30,0,15,0,23
11142,Ta30Nb23V45Mo15W15,201.429096,15,23,30,0,45,15,0
7027,Zr15Ta45Nb15V23Mo30,178.947308,30,15,45,0,23,0,15
30,Zr30Ta15Ti15Nb15Mo30W23,166.865748,30,15,15,15,0,23,30
8853,Zr30Ta38Nb15V15Mo30,161.530332,30,15,38,0,15,0,30
3473,Zr15Ta15Ti15Nb30W53,191.785345,0,30,15,15,0,53,15
9149,Ta45Ti30V15Mo15W23,189.560077,15,0,45,30,15,23,0
1116,Zr30Ti60Nb23Mo15,116.391769,15,23,0,60,0,0,30
2793,Zr15Ta23Ti30Nb30V30,138.708642,0,30,23,30,30,0,15
9975,Zr45Ti53V15Mo15,107.539919,15,0,0,53,15,0,45
10858,Zr15Ta15Ti53V30W15,135.800898,0,0,15,53,30,15,15
10632,Zr23Ta15Nb15V60W15,155.114622,0,15,15,0,60,15,23
10256,Zr45Nb15Mo30W38,169.744913,30,15,0,0,0,38,45
4232,Ti83V30W15,132.859286,0,0,0,83,30,15,0
6101,Zr60Ti15V30Mo23,111.593597,23,0,0,15,30,0,60
5784,Ta75Ti15V15Mo23,190.394809,23,0,75,15,15,0,0
6757,Ta15Nb15V68Mo30,197.671096,30,15,15,0,68,0,0
10064,Ta15Ti15Nb15V38Mo45,194.211609,45,15,15,15,38,0,0
4656,Ta30V45Mo38W15,219.323801,38,0,30,0,45,15,0
7685,Ta15Ti45Nb30Mo23W15,171.21393,23,30,15,45,0,15,0
1324,Ta15Nb30V23Mo15W45,227.507279,15,30,15,0,23,45,0
3017,Zr30Mo38W60,215.687816,38,0,0,0,0,60,30
3487,Ta15Ti23V45Mo30W15,193.679584,30,0,15,23,45,15,0
4464,Zr30Ta30Nb23V45,139.140889,0,23,30,0,45,0,30
3641,Ti38Mo30W60,222.096073,30,0,0,38,0,60,0
1740,Zr15Ta15Ti15V15Mo30W38,199.676152,30,0,15,15,15,38,15
9981,Ta53Nb15V15W45,224.151615,0,15,53,0,15,45,0
2555,Ti30Nb60V23Mo15,160.034041,15,60,0,30,23,0,0
692,Zr15Ta15Nb23V15Mo60,196.038988,60,23,15,0,15,0,15
7215,Zr15Ta15Ti30Nb15Mo30W23,174.441843,30,15,15,30,0,23,15
6565,Zr23Ti15Nb15V45W30,156.325506,0,15,0,15,45,30,23
2910,Ti30Nb15V38Mo15W30,187.540602,15,15,0,30,38,30,0
4022,Zr15Ta75Nb15Mo23,182.620993,23,15,75,0,0,0,15
7237,Zr15Ti30V23Mo60,170.399057,60,0,0,30,23,0,15
1796,Zr23Ta30Ti45W30,145.781992,0,0,30,45,0,30,23
5104,Zr53Ti15V15Mo45,129.127088,45,0,0,15,15,0,53
5309,Zr15Ta30Ti23V15Mo45,171.211778,45,0,30,23,15,0,15
8624,Ta23V15Mo75W15,241.329913,75,0,23,0,15,15,0
2745,Zr23Nb30Mo75,194.560096,75,30,0,0,0,0,23
11963,Nb38V15Mo15W60,239.720404,15,38,0,0,15,60,0
6311,Ta60Ti15V30Mo23,187.944115,23,0,60,15,30,0,0
8416,Zr15Ta23Ti60V30,122.07169,0,0,23,60,30,0,15
9359,Zr60Ta15Nb15Mo38,131.864407,38,15,15,0,0,0,60
8885,Ta53Ti60Nb15,142.224403,0,15,53,60,0,0,0
476,Zr15Ta30Nb45Mo15W23,188.401302,15,45,30,0,0,23,15
7461,Zr45Ta23Nb30V30,127.108423,0,30,23,0,30,0,45
6775,Zr68V15Mo30W15,126.07557,30,0,0,0,15,15,68
11352,Zr15Ta15Ti15Nb38V45,145.55008,0,38,15,15,45,0,15
3809,Ti15V38Mo45W30,222.859678,45,0,0,15,38,30,0
8871,Ti60Nb53Mo15,142.090265,15,53,0,60,0,0,0
5560,Zr45Ti15V23Mo45,136.11996,45,0,0,15,23,0,45
4680,Ta75Nb15Mo15W23,216.011467,15,15,75,0,0,23,0
10046,Ta45Nb23V30Mo15W15,203.009342,15,23,45,0,30,15,0
4479,Zr15Ti53Nb15V15Mo15W15,141.7136,15,15,0,53,15,15,15
7839,Ti83Nb15Mo30,136.547201,30,15,0,83,0,0,0
10274,Zr45Ti15Nb30V38,116.387256,0,30,0,15,38,0,45
4210,Ti30V15Mo83,206.039522,83,0,0,30,15,0,0
2577,Ti60Nb15V30W23,150.615782,0,15,0,60,30,23,0
5594,Ti45V15Mo38W30,192.05026,38,0,0,45,15,30,0
4446,Zr30Ti45Nb30Mo23,126.167252,23,30,0,45,0,0,30
644,Zr30Ti15Nb30V15W38,156.35396,0,30,0,15,15,38,30
1762,Zr30Ta30Ti38V15W15,131.76849,0,0,30,38,15,15,30
3207,Zr23Ti30V15Mo45W15,164.270876,45,0,0,30,15,15,23
1572,Zr60Ti23W45,130.731863,0,0,0,23,0,45,60
5907,Zr23Ta30V30Mo30W15,179.802325,30,0,30,0,30,15,23
4674,Zr15Ta38Ti30V45,140.402939,0,0,38,30,45,0,15
11504,Zr30Ta30V38Mo15W15,159.883819,15,0,30,0,38,15,30
1134,Zr30Ta23Nb15V60,137.348755,0,15,23,0,60,0,30
7806,Ta15Ti23V15Mo60W15,214.263914,60,0,15,23,15,15,0
4000,Zr15Ta15Ti60Nb15Mo23,133.720577,23,15,15,60,0,0,15
2113,Zr15Ta23Ti60Mo15W15,140.631742,15,0,23,60,0,15,15
9957,Zr30Ti45V38W15,119.911796,0,0,0,45,38,15,30
12,Zr15Ta15Nb15Mo53W30,218.920134,53,15,15,0,0,30,15
220,Zr53Ta15Ti45Nb15,103.776874,0,15,15,45,0,0,53
2321,Ta45Nb15V15Mo38W15,219.035883,38,15,45,0,15,15,0
3697,Zr15Ta53Ti15V45,150.501241,0,0,53,15,45,0,15
11736,Ta15Ti38Mo15W60,213.646752,15,0,15,38,0,60,0
11160,Ta53Ti15Nb15Mo45,199.724324,45,15,53,15,0,0,0
1550,Zr60Ti45Mo23,105.453305,23,0,0,45,0,0,60
5336,Zr15Ta30Ti15Nb45W23,169.279489,0,45,30,15,0,23,15
11709,Zr30Ta30Ti15Mo23W30,171.66469,23,0,30,15,0,30,30
5752,Zr45V15W68,174.429092,0,0,0,0,15,68,45
5938,Ta15Ti15Nb23V15W60,220.689354,0,23,15,15,15,60,0
11194,Zr15Ti45V15W53,167.399876,0,0,0,45,15,53,15
10280,Zr45Ta30V15W38,155.695678,0,0,30,0,15,38,45
8429,Zr15Nb23V30Mo45W15,196.099284,45,23,0,0,30,15,15
6781,Zr68Ta15Nb30W15,118.265725,0,30,15,0,0,15,68
449,Ta30V23Mo30W45,240.461444,30,0,30,0,23,45,0
7653,Ti23Nb30V30Mo45,185.971108,45,30,0,23,30,0,0
6123,Ti45Nb15V45Mo23,156.38726,23,15,0,45,45,0,0
7005,Zr30Ti23V45Mo30,137.222457,30,0,0,23,45,0,30
811,Ta45Ti60V23,141.550168,0,0,45,60,23,0,0
9392,Ti53Nb15Mo60,175.377759,60,15,0,53,0,0,0
7208,Zr15Ta15Ti15Nb68V15,146.691322,0,68,15,15,15,0,15
482,Zr15Ta45Ti30V23Mo15,150.838593,15,0,45,30,23,0,15
10400,Zr15Ta30Ti30V30W23,156.604282,0,0,30,30,30,23,15
8240,Ti45V30Mo23W30,182.553104,23,0,0,45,30,30,0
10422,Zr23Mo90W15,217.125326,90,0,0,0,0,15,23
3663,Zr60Ti30V38,99.480079,0,0,0,30,38,0,60
5593,Zr30Ta45Mo38W15,180.968273,38,0,45,0,0,15,30
3456,Ta15Ti53Nb15V15Mo30,156.829057,30,15,15,53,15,0,0
10273,Ti15Nb30V38W45,203.279583,0,30,0,15,38,45,0
6547,Ta45Ti30Nb15Mo15W23,190.220184,15,15,45,30,0,23,0
1908,Zr45Ta38Nb15V30,129.019561,0,15,38,0,30,0,45
2583,Zr23Ta15Ti60W30,134.680613,0,0,15,60,0,30,23
1306,Ti23Nb30V15Mo15W45,206.517707,15,30,0,23,15,45,0
9702,Zr15Ta53Nb45V15,164.005262,0,45,53,0,15,0,15
1133,Ta23Nb15V60W30,204.972672,0,15,23,0,60,30,0
3451,Ta15Ti30V68W15,167.641306,0,0,15,30,68,15,0
7495,Zr23Ta15Ti15Nb60Mo15,148.561661,15,60,15,15,0,0,23
4673,Ta38Ti30V45W15,170.770771,0,0,38,30,45,15,0
10610,Zr30Ta30Nb23V15Mo15W15,162.039435,15,23,30,0,15,15,30
3035,Zr30Ti38V60,116.307912,0,0,0,38,60,0,30
2548,Zr15Ti15Nb15V53Mo15W15,164.512021,15,15,0,15,53,15,15
8086,Zr15Ta23Ti30Nb15Mo30W15,169.53556,30,15,23,30,0,15,15
5799,Zr15Ta75Nb23W15,182.812157,0,23,75,0,0,15,15
1937,V45W83,257.83987,0,0,0,0,45,83,0
10845,Zr15Ti30Nb53V15Mo15,142.895609,15,53,0,30,15,0,15
6920,Ta30Nb23Mo60W15,233.246285,60,23,30,0,0,15,0
3664,Zr60Ti30W38,124.118243,0,0,0,30,0,38,60
10079,Ta15Ti15Nb45V15W38,197.802677,0,45,15,15,15,38,0
7698,Zr15Ti30V15Mo23W45,187.51797,23,0,0,30,15,45,15
3836,Zr15Ta15Ti15Nb23V15Mo30W15,177.386549,30,23,15,15,15,15,15
6578,Zr15Ta15Ti60V23Mo15,127.558586,15,0,15,60,23,0,15
4821,Ta53Nb15V30W30,208.903567,0,15,53,0,30,30,0
4441,Ta45Nb30V30Mo23,195.183908,23,30,45,0,30,0,0
1301,Ta23Ti15Nb30Mo15W45,216.667975,15,30,23,15,0,45,0
9366,Ta15Ti15V60Mo38,191.254416,38,0,15,15,60,0,0
2584,Zr23Ta15V60W30,168.559475,0,0,15,0,60,30,23
9530,Ti38Nb30V15Mo30W15,178.283751,30,30,0,38,15,15,0
6540,Zr23Ta30Ti15Nb15V30Mo15,149.27503,15,15,30,15,30,0,23
8072,Zr15Ta15Ti45V53,128.269488,0,0,15,45,53,0,15
6316,Zr30Ta60Mo23W15,174.859618,23,0,60,0,0,15,30
11997,Ti15Nb53V15Mo30W15,194.310195,30,53,0,15,15,15,0
3238,Ta15Ti30Nb23Mo45W15,197.18997,45,23,15,30,0,15,0
1339,Zr45Ta30Nb15V15W23,145.132119,0,15,30,0,15,23,45
6124,Ti45Nb15Mo23W45,196.420988,23,15,0,45,0,45,0
6918,Ta30Ti15Nb23Mo60,205.425764,60,23,30,15,0,0,0
9968,Ta53Ti15V45Mo15,182.556131,15,0,53,15,45,0,0
9154,Ta45Ti30Nb15V15W23,179.000791,0,15,45,30,15,23,0
11399,Zr15Ti30V23Mo15W45,180.582329,15,0,0,30,23,45,15
11193,Zr15Ta45V15W53,209.003537,0,0,45,0,15,53,15
6786,Ta30Ti15V15W68,231.169298,0,0,30,15,15,68,0
829,Zr45Ti30Nb15Mo15W23,132.83059,15,15,0,30,0,23,45
6772,Ti15V15Mo30W68,249.450336,30,0,0,15,15,68,0
1765,Ta30Nb45V23Mo30,196.899784,30,45,30,0,23,0,0
485,Zr15Ti45V30Mo15W23,151.381995,15,0,0,45,30,23,15
4826,Zr30Ti53Nb15W30,129.528061,0,15,0,53,0,30,30
10617,Ta60Nb15V15Mo15W23,213.080239,15,15,60,0,15,23,0
4819,Ta53Ti30Nb15W30,188.151286,0,15,53,30,0,30,0
7492,Zr23Ta15Ti30V15W45,163.472777,0,0,15,30,15,45,23
10287,Zr30Ta15Nb45Mo23W15,165.609694,23,45,15,0,0,15,30
816,Zr23Ta45W60,206.545254,0,0,45,0,0,60,23
11964,Zr60Nb38V15Mo15,119.431641,15,38,0,0,15,0,60
11355,Zr15Ti15Nb38V15W45,182.228624,0,38,0,15,15,45,15
9395,Zr53Nb15Mo60,149.291943,60,15,0,0,0,0,53
9508,Zr30V15Mo60W23,195.948079,60,0,0,0,15,23,30
3838,Ta45Ti15Nb30Mo15W23,199.172974,15,30,45,15,0,23,0
471,Ta30Ti23Nb45V15Mo15,170.257692,15,45,30,23,15,0,0
6927,Zr15Nb23Mo60W30,220.796896,60,23,0,0,0,30,15
8882,V53Mo15W60,243.41031,15,0,0,0,53,60,0
9361,Ti15Nb15Mo38W60,244.38809,38,15,0,15,0,60,0
7002,Zr30Ta23V45Mo30,155.322848,30,0,23,0,45,0,30
1557,Zr60Ta45Nb23,121.258628,0,23,45,0,0,0,60
10425,Ta15Nb90W23,195.592289,0,90,15,0,0,23,0
688,Ta15Ti15Nb23V15Mo60,204.59526,60,23,15,15,15,0,0
7466,Zr45Nb30V23W30,142.627327,0,30,0,0,23,30,45
9950,Zr30Ti38Nb45V15,118.41917,0,45,0,38,15,0,30
2742,Ti23Nb30Mo75,204.532298,75,30,0,23,0,0,0
10041,Zr15Ti98W15,108.039014,0,0,0,98,0,15,15
7654,Ti23Nb30Mo45W30,212.130607,45,30,0,23,0,30,0
4228,Zr15Ta83Ti30,149.989937,0,0,83,30,0,0,15
3690,Zr15Ta15Nb53V45,153.819265,0,53,15,0,45,0,15
5331,Zr15Ta30Ti15Mo45W23,198.216971,45,0,30,15,0,23,15
2928,Ta30Nb30Mo30W38,234.502005,30,30,30,0,0,38,0
4025,Zr15Ti75Nb15Mo23,123.934894,23,15,0,75,0,0,15
643,Zr30Ta15Nb30V15W38,169.384747,0,30,15,0,15,38,30
11731,Zr60Ti38Nb15Mo15,105.133717,15,15,0,38,0,0,60
11158,Zr15Ti23Nb15V30W45,174.818968,0,15,0,23,30,45,15
5558,Zr45Ta15Mo45W23,170.070665,45,0,15,0,0,23,45
3032,Zr30Ta38V60,141.25144,0,0,38,0,60,0,30
1791,Zr23Ti45Nb30V30,120.797089,0,30,0,45,30,0,23
8278,Zr45Ti23Nb15V30W15,121.678565,0,15,0,23,30,15,45
11503,Zr30Ta30Ti38Mo15W15,139.017428,15,0,30,38,0,15,30
4687,Zr23Nb15Mo15W75,223.110863,15,15,0,0,0,75,23
5755,Ti113Mo15,115.274374,15,0,0,113,0,0,0
3831,Zr45Ta15Ti15Nb15Mo15W23,142.840494,15,15,15,15,0,23,45
11167,Nb15V53Mo45W15,218.978792,45,15,0,0,53,15,0
2326,Zr15Ti45Nb15Mo38W15,159.860035,38,15,0,45,0,15,15
9153,Zr23Ti45V30Mo15W15,135.535032,15,0,0,45,30,15,23
5567,Zr45Ta15Nb45V23,126.530692,0,45,15,0,23,0,45
7230,Ta30Ti23V15Mo60,200.488072,60,0,30,23,15,0,0
7801,Zr15Ta23Nb15Mo60W15,210.246142,60,15,23,0,0,15,15
2114,Zr15Ta23V60Mo15W15,177.730299,15,0,23,0,60,15,15
8075,Zr15Ti15V45W53,188.567438,0,0,0,15,45,53,15
5103,Ti15V15Mo45W53,244.758609,45,0,0,15,15,53,0
3200,Zr23Ti15Nb30V15Mo45,160.451033,45,30,0,15,15,0,23
218,Ta15Ti45Nb15V53,144.811333,0,15,15,45,53,0,0
4217,Ta30Nb83V15,178.441149,0,83,30,0,15,0,0
8849,Ta38Ti15Nb15V30Mo30,187.521767,30,15,38,15,30,0,0
11990,Zr60Ti15V38W15,112.253288,0,0,0,15,38,15,60
11999,Zr15Ti15Nb53Mo30W15,174.559466,30,53,0,15,0,15,15
3469,Zr15Ta15V15Mo30W53,225.621085,30,0,15,0,15,53,15
2789,Zr15Ta23Ti30Mo30W30,182.949104,30,0,23,30,0,30,15
9537,Zr15Ta30V38Mo30W15,188.87899,30,0,30,0,38,15,15
227,Zr53Nb15V15W45,147.034607,0,15,0,0,15,45,53
8876,Ta53V60Mo15,193.573946,15,0,53,0,60,0,0
6744,Ta23Nb15V45W45,219.589923,0,15,23,0,45,45,0
10245,Zr15V113,152.786916,0,0,0,0,113,0,15
7696,Zr15Ta30Ti15Mo23W45,204.564115,23,0,30,15,0,45,15
10628,Zr23Ti15V60Mo15W15,152.719438,15,0,0,15,60,15,23
10621,Zr23Ti60Nb15V15Mo15,119.744671,15,15,0,60,15,0,23
7459,Zr45Ta23Ti30Nb30,116.740258,0,30,23,30,0,0,45
4477,Zr15Ta53Ti15Nb15Mo15W15,176.334311,15,15,53,15,0,15,15
6112,Zr60Ti15Nb23W30,124.915452,0,23,0,15,0,30,60
6329,Zr30Ti60Nb23W15,115.908824,0,23,0,60,0,15,30
8081,Zr15Ti30Nb23V15Mo15W30,166.140621,15,23,0,30,15,30,15
9705,Zr15Ti53Nb45V15,123.989505,0,45,0,53,15,0,15
2570,Zr23V60Mo15W30,175.407996,15,0,0,0,60,30,23
3004,Ti30Nb60Mo38,175.309605,38,60,0,30,0,0,0
1568,Zr60Ta23V45,114.707847,0,0,23,0,45,0,60
10889,Ti15V30Mo30W53,233.18964,30,0,0,15,30,53,0
10842,Zr15Ta30Nb53V15Mo15,167.197358,15,53,30,0,15,0,15
1930,Ta45Ti83,129.715401,0,0,45,83,0,0,0
9198,Ta45Nb15V15Mo15W38,226.852077,15,15,45,0,15,38,0
15,Zr15Ti15Nb15Mo53W30,205.035701,53,15,0,15,0,30,15
1753,Zr30Ta38Ti15V15Mo30,150.218094,30,0,38,15,15,0,30
7457,Ta23Ti30Nb30V45,155.869991,0,30,23,30,45,0,0
6585,Zr15Ta15Nb15V60W23,174.196732,0,15,15,0,60,23,15
3652,Zr60Ti38Nb30,101.585443,0,30,0,38,0,0,60
11738,Ta15V38Mo15W60,243.044995,15,0,15,0,38,60,0
11952,Ti53V30W45,175.59886,0,0,0,53,30,45,0
4810,Zr30Ta53Ti30Mo15,138.157902,15,0,53,30,0,0,30
7665,Ti30V23Mo45W30,209.32622,45,0,0,30,23,30,0
2579,Zr23Ti60Nb15W30,131.606675,0,15,0,60,0,30,23
5900,Ti30Nb30V15Mo30W23,190.957146,30,30,0,30,15,23,0
2917,Zr30Ta15V30Mo15W38,178.046114,15,0,15,0,30,38,30
8427,Zr15Ti30Nb23V15Mo45,160.463924,45,23,0,30,15,0,15
6549,Ta45Nb15V30Mo15W23,210.636045,15,15,45,0,30,23,0
9966,Zr45Nb53V15Mo15,130.541446,15,53,0,0,15,0,45
2319,Ta45Ti15Nb15Mo38W15,206.846804,38,15,45,15,0,15,0
3460,Zr15Ta15Nb15V53Mo30,173.242242,30,15,15,0,53,0,15
8088,Zr15Ti23Nb15V30Mo30W15,167.775215,30,15,0,23,30,15,15
1798,Zr23Ti30V45W30,145.879915,0,0,0,30,45,30,23
681,Zr23Ti30Nb45W30,149.730427,0,45,0,30,0,30,23
1105,Zr30Ta15W83,213.538167,0,0,15,0,0,83,30
9501,Zr30Ta15Ti23Mo60,160.66644,60,0,15,23,0,0,30
5797,Ta75Nb23V15W15,199.735057,0,23,75,0,15,15,0
11397,Zr15Ta30Ti23Mo15W45,192.188051,15,0,30,23,0,45,15
10413,Ta15Ti23Mo90,218.347172,90,0,15,23,0,0,0
440,Ti23Nb30V45Mo30,175.290886,30,30,0,23,45,0,0
8623,Zr15Ta23Ti15Mo75,194.59669,75,0,23,15,0,0,15
2780,Ta30Nb23V30Mo30W15,210.590182,30,23,30,0,30,15,0
5338,Zr15Ti30Nb45V15W23,152.592969,0,45,0,30,15,23,15
1561,Nb23V45W60,231.469046,0,23,0,0,45,60,0
3807,Zr30Ta15V38Mo45,163.325992,45,0,15,0,38,0,30
1906,Zr45Ta38Ti30Nb15,117.638829,0,15,38,30,0,0,45
4013,Ta15Ti15Nb23V60W15,178.768711,0,23,15,15,60,15,0
8411,Ti60Nb23V30W15,142.523609,0,23,0,60,30,15,0
4448,Zr30Nb30V45Mo23,145.789577,23,30,0,0,45,0,30
9368,Zr60Ta15Ti15Mo38,124.402387,38,0,15,15,0,0,60
8247,Ta45Nb23V30W30,207.064267,0,23,45,0,30,30,0
1592,Zr15Ti15Nb23V45Mo15W15,162.529504,15,23,0,15,45,15,15
478,Zr15Ti30Nb45V23Mo15,143.147615,15,45,0,30,23,0,15
820,Zr23V45W60,195.850913,0,0,0,0,45,60,23
3209,Zr23Ta30Ti15Nb45V15,141.688107,0,45,30,15,15,0,23
6320,Zr30V60Mo23W15,158.804167,23,0,0,0,60,15,30
7837,Zr15Ta15Ti45V15W38,157.572315,0,0,15,45,15,38,15
9959,Ta15Nb53V45Mo15,184.042271,15,53,15,0,45,0,0
6576,Zr15Nb15V60Mo15W23,180.477512,15,15,0,0,60,23,15
8043,Ta53Nb45Mo15W15,204.318394,15,45,53,0,0,15,0
4221,Ti30Nb83W15,164.107423,0,83,0,30,0,15,0
9357,Ta15Nb15V60Mo38,202.088641,38,15,15,0,60,0,0
1939,Zr83W45,123.0498,0,0,0,0,0,45,83
3236,Zr15Ta30Ti15Nb23V15Mo15W15,170.858075,15,23,30,15,15,15,15
2919,Ta15Ti30Nb15V38W30,180.517098,0,15,15,30,38,30,0
1308,Zr45Ti23Nb30Mo15W15,130.0142,15,30,0,23,0,15,45
7662,Ta30V23Mo45W30,237.296472,45,0,30,0,23,30,0
11363,Zr15Ta15Ti15Nb53V15W15,157.977731,0,53,15,15,15,15,15
6582,Ta15Ti60Nb15V23W15,145.892652,0,15,15,60,23,15,0
9191,Zr30Ta30Ti30V38,125.80517,0,0,30,30,38,0,30
11700,Ta15Nb30V30Mo23W30,218.595457,23,30,15,0,30,30,0
10048,Zr15Ta45Nb23Mo15W30,197.223311,15,23,45,0,0,30,15
5936,Zr60Ta15V15Mo23W15,134.092354,23,0,15,0,15,15,60
10880,Nb15V30Mo30W53,245.534199,30,15,0,0,30,53,0
5909,Ta30Ti30Nb30V15W23,176.503491,0,30,30,30,15,23,0
5551,Zr45Nb15V23Mo45,144.813221,45,15,0,0,23,0,45
5763,Zr113Nb15,89.964097,0,15,0,0,0,0,113
3493,Zr15Ta15Ti23Nb30V45,139.974237,0,30,15,23,45,0,15
9733,Zr15V68Mo45,181.430307,45,0,0,0,68,0,15
2317,Zr15Ta23Ti15Nb45V15W15,159.573863,0,45,23,15,15,15,15
447,Ta30Ti23Mo30W45,223.887733,30,0,30,23,0,45,0
1337,Zr45Ta30Ti15Nb15V23,121.078942,0,15,30,15,23,0,45
11707,Ta30Ti15V30Mo23W30,211.332456,23,0,30,15,30,30,0
2546,Zr15Ta15Ti53Nb15Mo15W15,144.245656,15,15,15,53,0,15,15
3494,Zr15Ta15Ti23Nb30W45,178.965921,0,30,15,23,0,45,15
8418,Zr15Ta23V60W30,183.011662,0,0,23,0,60,30,15
7450,Ta23V30Mo30W45,239.510597,30,0,23,0,30,45,0
5132,Ta15Ti30V15Mo23W45,211.408909,23,0,15,30,15,45,0
5307,Zr15Nb30V23Mo45W15,195.678118,45,30,0,0,23,15,15
2774,Zr23Ti75W30,124.248643,0,0,0,75,0,30,23
2122,Ta45Nb53Mo30,200.707717,30,53,45,0,0,0,0
6911,Ta38Ti30Nb15V15Mo15W15,179.867104,15,15,38,30,15,15,0
9165,Ti38Nb30Mo30W30,191.297342,30,30,0,38,0,30,0
10083,Zr38Ti15Nb45V15W15,131.125091,0,45,0,15,15,15,38
23,Zr15Ta15Ti15Nb53V30,146.757612,0,53,15,15,30,0,15
9992,Zr45Ti15V53W15,118.471173,0,0,0,15,53,15,45
1595,Ta30Nb38Mo60,215.56345,60,38,30,0,0,0,0
11532,Zr15Ta15Ti45V15Mo15W23,153.73728,15,0,15,45,15,23,15
7808,Zr15Ta15Ti23Mo60W15,192.070767,60,0,15,23,0,15,15
211,Ta15V45Mo15W53,238.04559,15,0,15,0,45,53,0
11535,Ta15Ti30Nb30Mo15W38,196.400345,15,30,15,30,0,38,0
4645,Ta45Nb30Mo38W15,218.307964,38,30,45,0,0,15,0
8271,Zr45Ta23Ti30Mo15W15,129.321398,15,0,23,30,0,15,45
4483,Ta15Ti45Nb38Mo15W15,166.077741,15,38,15,45,0,15,0
8840,Ta68V60,188.165638,0,0,68,0,60,0,0
11151,Zr15Ta23Ti30Mo15W45,185.045976,15,0,23,30,0,45,15
2310,Zr30Ta15Ti15Nb15V38W15,139.411575,0,15,15,15,38,15,30
7034,Zr15Ta15Ti45V23Mo30,144.227738,30,0,15,45,23,0,15
2125,Nb53Mo30W45,235.767763,30,53,0,0,0,45,0
5135,Zr45Ta15V30Mo23W15,145.044334,23,0,15,0,30,15,45
7206,Zr15Ti15V15Mo68W15,200.719937,68,0,0,15,15,15,15
675,Zr23Ta30Ti30Nb45,133.844152,0,45,30,30,0,0,23
10077,Zr38Ta15V15Mo45W15,168.677974,45,0,15,0,15,15,38
7239,Zr15V30Mo60W23,214.599009,60,0,0,0,30,23,15
2921,Zr30Ta15Ti30Nb15W38,150.740241,0,15,15,30,0,38,30
8285,Zr30Ta15Nb23Mo15W45,186.715839,15,23,15,0,0,45,30
10874,Ta30Nb15V53Mo30,198.241265,30,15,30,0,53,0,0
3699,Zr15Ta53V15W45,202.748528,0,0,53,0,15,45,15
8615,Ti15Nb23V15Mo75,209.994285,75,23,0,15,15,0,0
1120,Ta23Ti60V30Mo15,146.383909,15,0,23,60,30,0,0
1544,Ta45Ti60Mo23,153.69868,23,0,45,60,0,0,0
1923,Mo45W83,284.328045,45,0,0,0,0,83,0
2107,Ti60Nb23V15Mo15W15,153.276901,15,23,0,60,15,15,0
9523,Zr30Ti60V15W23,121.983959,0,0,0,60,15,23,30
2563,Zr23Ta60Ti30Mo15,146.202162,15,0,60,30,0,0,23
7011,Ta23Nb30V45W30,202.947837,0,30,23,0,45,30,0
650,Zr15Ti15Nb15V15Mo45W23,190.747988,45,15,0,15,15,23,15
4009,Zr15Ta15Ti15V60Mo23,157.896678,23,0,15,15,60,0,15
6305,Ti15Nb60V30Mo23,175.528693,23,60,0,15,30,0,0
3825,Zr30Ta45Ti15W38,166.048019,0,0,45,15,0,38,30
3019,Ta60Nb38V30,185.888599,0,38,60,0,30,0,0
3677,Ta15Ti45Mo53W15,191.61504,53,0,15,45,0,15,0
11174,Zr15Ta15V53Mo45,183.588258,45,0,15,0,53,0,15
11983,Zr60Ti38Nb15V15,98.233356,0,15,0,38,15,0,60
6,Zr128,85.809447,0,0,0,0,0,0,128
4835,Zr15Ta15Ti38Nb30Mo30,149.659729,30,30,15,38,0,0,15
6137,Zr45Ti15Mo23W45,160.879259,23,0,0,15,0,45,45
6108,Zr60Ta15Nb23V30,113.342404,0,23,15,0,30,0,60
11510,Zr30Ti30Nb15V38W15,129.614166,0,15,0,30,38,15,30
8891,Zr60Ti53Nb15,96.32357,0,15,0,53,0,0,60
4832,Zr30Ti15V53W30,147.589765,0,0,0,15,53,30,30
10052,Zr15Nb23V45Mo15W30,187.871194,15,23,0,0,45,30,15
462,Ti30Nb30V23W45,189.976956,0,30,0,30,23,45,0
4694,Ti15V75Mo15W23,198.055017,15,0,0,15,75,23,0
5110,Ta15Nb45V15W53,224.228483,0,45,15,0,15,53,0
11346,Ta15Ti15V45Mo38W15,204.183997,38,0,15,15,45,15,0
10260,Ta15V38Mo30W45,239.239817,30,0,15,0,38,45,0
11722,Zr15Ti15Nb15V15Mo38W30,193.733008,38,15,0,15,15,30,15
9524,Ta38Ti15Nb30V15Mo30,187.579187,30,30,38,15,15,0,0
496,Ti15Nb30V60Mo23,176.790293,23,30,0,15,60,0,0
8059,Zr15Ti45Mo15W53,179.152305,15,0,0,45,0,53,15
3683,Zr15Ti15V45Mo53,176.107025,53,0,0,15,45,0,15
5574,Zr45Ta45Ti15V23,124.197947,0,0,45,15,23,0,45
1782,Zr23Ti45Mo30W30,158.895572,30,0,0,45,0,30,23
1312,Zr45Ta30Ti23Mo15W15,134.189496,15,0,30,23,0,15,45
9729,Ti68V15Mo45,153.980755,45,0,0,68,15,0,0
6553,Zr23Ti45Nb15V30Mo15,126.895586,15,15,0,45,30,0,23
11948,Zr45Ta53Ti30,118.710412,0,0,53,30,0,0,45
10604,Zr45Ta15Nb15V38W15,134.317675,0,15,15,0,38,15,45
3213,Zr23Ta45Ti30V15W15,146.379959,0,0,45,30,15,15,23
9372,Ti15V15Mo38W60,246.395134,38,0,0,15,15,60,0
1749,Zr30Ti15Nb38V15Mo30,143.637638,30,38,0,15,15,0,30
5746,Ta15V68W45,221.597359,0,0,15,0,68,45,0
7481,Zr23Nb30V15Mo15W45,192.336753,15,30,0,0,15,45,23
8092,Ta60Nb23V15Mo30,202.116843,30,23,60,0,15,0,0
6761,Ti15Nb15Mo30W68,247.884798,30,15,0,15,0,68,0
4036,Zr15Ti15V75Mo23,155.912168,23,0,0,15,75,0,15
7475,Ta15Nb30V45Mo15W23,205.663772,15,30,15,0,45,23,0
6795,Ti60Nb30V15Mo23,144.342581,23,30,0,60,15,0,0
3445,Zr15Ta30Nb15V68,157.489626,0,15,30,0,68,0,15
4204,Nb30Mo83W15,238.190379,83,30,0,0,0,15,0
4660,Zr15Ti30V45Mo38,155.796114,38,0,0,30,45,0,15
5322,Ta15Nb30V23Mo45W15,218.366317,45,30,15,0,23,15,0
10409,Ti23Nb15Mo90,214.360209,90,15,0,23,0,0,0
7647,Zr30Ta23Ti15V15Mo15W30,163.260074,15,0,23,15,15,30,30
3822,Zr30Nb45V15W38,165.533038,0,45,0,0,15,38,30
10294,Zr30Ta45Ti15Mo23W15,160.433687,23,0,45,15,0,15,30
8865,Zr30Ta15Ti38Nb30V15,121.755353,0,30,15,38,15,0,30
5580,Ta15Nb45Mo38W30,227.02491,38,45,15,0,0,30,0
234,Ta45Nb38V30Mo15,190.118818,15,38,45,0,30,0,0
6759,Zr68Ta15Nb15Mo30,122.957141,30,15,15,0,0,0,68
7223,Zr15Ta23Nb30Mo60,198.142599,60,30,23,0,0,0,15
10436,Ta90V15W23,210.687726,0,0,90,0,15,23,0
4452,Zr30Ta30Ti45Mo23,131.071227,23,0,30,45,0,0,30
9716,Zr30Ta23Nb15V30Mo15W15,158.401397,15,15,23,0,30,15,30
11180,Ta15Ti53Nb45V15,140.231283,0,45,15,53,15,0,0
3648,Ta38Nb30W60,238.002598,0,30,38,0,0,60,0
2751,Ti30Mo75W23,223.186852,75,0,0,30,0,23,0
6934,Ti23V30Mo60W15,211.549593,60,0,0,23,30,15,0
9140,Ta30Ti15Nb45Mo15W23,197.280677,15,45,30,15,0,23,0
3021,Zr30Ta60Nb38,149.381025,0,38,60,0,0,0,30
668,Zr23Ta30Mo45W30,205.859232,45,0,30,0,0,30,23
2597,Ti45Nb15V23Mo45,168.997481,45,15,0,45,23,0,0
9943,Ta38Ti15Nb45V30,169.357584,0,45,38,15,30,0,0
1776,Zr23Ta45Ti30Mo30,152.068568,30,0,45,30,0,0,23
2335,Zr15Ta15Ti45Nb38W15,141.165359,0,38,15,45,0,15,15
8862,Zr30Ta15V38Mo30W15,166.504478,30,0,15,0,38,15,30
8896,Ta15Ti53W60,191.266033,0,0,15,53,0,60,0
2769,Ta75V30W23,207.60345,0,0,75,0,30,23,0
11173,Ta15V53Mo45W15,223.769592,45,0,15,0,53,15,0
9381,Zr60Ta15Nb38W15,124.737386,0,38,15,0,0,15,60
7029,Ti45Nb15V23Mo30W15,171.649167,30,15,0,45,23,15,0
2903,Zr30Ta15Ti15V38W30,150.729818,0,0,15,15,38,30,30
11528,Zr15Ta45Ti15Nb15V23Mo15,160.355935,15,15,45,15,23,0,15
11984,Zr60Ti38Nb15W15,107.855592,0,15,0,38,0,15,60
5128,Ti30Nb15V15Mo23W45,207.820378,23,15,0,30,15,45,0
10431,Zr23Nb90V15,144.073231,0,90,0,0,15,0,23
1912,Zr45Ti38Nb15W30,125.066744,0,15,0,38,0,30,45
6792,Ta60Nb30V15Mo23,197.909409,23,30,60,0,15,0,0
1785,Ta45Ti30Nb30W23,179.231485,0,30,45,30,0,23,0
9375,Zr60V15Mo38W15,135.078348,38,0,0,0,15,15,60
6130,Ta15Ti45Mo23W45,200.098411,23,0,15,45,0,45,0
8637,Ti23Nb75V15W15,168.967338,0,75,0,23,15,15,0
3442,Ta30Ti68Nb15W15,143.319014,0,15,30,68,0,15,0
10055,Zr15Ta23Ti45Mo15W30,161.457018,15,0,23,45,0,30,15
2100,Zr15Ta38Ti30Nb15V15W15,152.887399,0,15,38,30,15,15,15
9944,Ta38Ti15Nb45W30,195.11656,0,45,38,15,0,30,0
5573,Ta45Ti15V23W45,211.904783,0,0,45,15,23,45,0
10869,Zr15Ta15Nb23V15Mo15W45,205.767535,15,23,15,0,15,45,15
8608,Zr45Ta38Nb15V15W15,139.819674,0,15,38,0,15,15,45
6933,Zr15Ta23Mo60W30,225.221963,60,0,23,0,0,30,15
1543,Zr60Nb45Mo23,124.24701,23,45,0,0,0,0,60
802,Ta60Nb45V23,186.143462,0,45,60,0,23,0,0
1315,Ta30Ti23Nb15V15W45,202.636583,0,15,30,23,15,45,0
9147,Zr23Ti30Nb45Mo15W15,146.771206,15,45,0,30,0,15,23
7815,Zr15Ti15Nb60V23W15,156.27379,0,60,0,15,23,15,15
7486,Zr23Ti30V15Mo15W45,170.502394,15,0,0,30,15,45,23
233,Ta45Ti30Nb38Mo15,169.09018,15,38,45,30,0,0,0
10293,Zr30Ta45Ti15V15Mo23,148.763391,23,0,45,15,15,0,30
7472,Ta15Ti45Nb30V23Mo15,152.734016,15,30,15,45,23,0,0
4667,Zr15Ta30Nb38V45,157.893389,0,38,30,0,45,0,15
8061,Ta45Ti53Nb15V15,145.47983,0,15,45,53,15,0,0
1127,Zr30Ti23V60Mo15,128.104859,15,0,0,23,60,0,30
8253,Zr30Nb23V45W30,158.63405,0,23,0,0,45,30,30
11517,Zr15Ta30Ti15V30Mo23W15,174.433959,23,0,30,15,30,15,15
1,Nb128,165.155648,0,128,0,0,0,0,0
8405,Ta60Ti30Nb23V15,162.707213,0,23,60,30,15,0,0
4658,Zr15Ta30Mo38W45,226.499203,38,0,30,0,0,45,15
8095,Ti60Nb23V15Mo30,149.393742,30,23,0,60,15,0,0
5914,Zr23Ta30Ti30V30W15,140.826788,0,0,30,30,30,15,23
11187,Zr15Ti15Nb45V53,142.326484,0,45,0,15,53,0,15
3489,Zr15Ta15Ti23Mo30W45,199.014376,30,0,15,23,0,45,15
2332,Zr15Ti15V45Mo38W15,180.036434,38,0,0,15,45,15,15
10856,Zr15Ta53Nb15V30W15,175.185869,0,15,53,0,30,15,15
11725,Ta38Ti60Nb15Mo15,147.702109,15,15,38,60,0,0,0
1924,Zr83Mo45,116.446501,45,0,0,0,0,0,83
5117,Ta45Ti15V15W53,219.440847,0,0,45,15,15,53,0
9718,Zr30Ta15Ti23V30Mo15W15,143.058928,15,0,15,23,30,15,30
5587,Zr30Nb45Mo38W15,173.17005,38,45,0,0,0,15,30
2590,Zr15Ti15Nb23V15Mo30W30,186.710147,30,23,0,15,15,30,15
11970,Zr60Ta38V15Mo15,124.871737,15,0,38,0,15,0,60
1118,Zr30Nb23V60Mo15,141.084543,15,23,0,0,60,0,30
9178,Zr30Ti30Mo30W38,166.964093,30,0,0,30,0,38,30
465,Zr45Nb30V30W23,137.87971,0,30,0,0,30,23,45
4203,Nb30V15Mo83,228.884746,83,30,0,0,15,0,0
2564,Ta60V30Mo15W23,214.171803,15,0,60,0,30,23,0
3670,Ti45Nb15V15Mo53,175.444965,53,15,0,45,15,0,0
5741,Zr45Nb15V68,115.437632,0,15,0,0,68,0,45
10258,Ta15Ti38Mo30W45,209.421004,30,0,15,38,0,45,0
1588,Ta15Ti45Nb23V15Mo15W15,164.963718,15,23,15,45,15,15,0
657,Ti30Nb30V23Mo45,180.205558,45,30,0,30,23,0,0
9711,Zr15Ta45V53W15,170.534719,0,0,45,0,53,15,15
6750,Zr45Nb15V23W45,154.457649,0,15,0,0,23,45,45
4693,Zr23Ta15Mo15W75,225.908109,15,0,15,0,0,75,23
3026,Zr30Nb38V60,134.190585,0,38,0,0,60,0,30
6766,Ta15Ti15V68Mo30,187.45798,30,0,15,15,68,0,0
10894,Ta15Ti30Nb30W53,200.722821,0,30,15,30,0,53,0
10267,Ta15Ti38Nb30V45,148.389895,0,30,15,38,45,0,0
7016,Zr30Ti23Nb30W45,158.476102,0,30,0,23,0,45,30
10635,Ta23Ti60Nb15V15Mo15,145.140464,15,15,23,60,15,0,0
11348,Zr15Ta15Ti15Mo38W45,212.630888,38,0,15,15,0,45,15
7649,Ta23Ti30Nb30Mo45,184.529719,45,30,23,30,0,0,0
3214,Ta68Ti15Nb15V15Mo15,184.979757,15,15,68,15,15,0,0
2599,Zr23Ti45Nb15Mo45,142.308491,45,15,0,45,0,0,23
2756,Ta30Ti23Nb75,163.352425,0,75,30,23,0,0,0
6554,Zr23Ti45Nb15Mo15W30,148.588721,15,15,0,45,0,30,23
10603,Zr45Ta15Ti38Nb15W15,118.664343,0,15,15,38,0,15,45
5748,Zr45Ta15W68,179.314795,0,0,15,0,0,68,45
1771,Nb45V30Mo30W23,213.420386,30,45,0,0,30,23,0
6302,Ta15Nb60V30Mo23,189.1382,23,60,15,0,30,0,0
491,Zr15Ta15Ti45V30W23,143.833473,0,0,15,45,30,23,15
5325,Ti15Nb30V23Mo45W15,205.623614,45,30,0,15,23,15,0
3222,Zr15Ti68Nb15Mo15W15,133.488473,15,15,0,68,0,15,15
9185,Zr30Ta30Nb30W38,174.869156,0,30,30,0,0,38,30
8265,Ti30Nb23V15Mo15W45,201.279721,15,23,0,30,15,45,0
9727,Ta68Mo45W15,230.601717,45,0,68,0,0,15,0
10438,Zr23Ta90W15,174.256795,0,0,90,0,0,15,23
7640,Zr23Ta15Ti30V15Mo30W15,156.164438,30,0,15,30,15,15,23
4031,Zr15Ta15Ti75Mo23,126.300189,23,0,15,75,0,0,15
834,Zr45Ta15V30Mo15W23,149.059408,15,0,15,0,30,23,45
4804,Zr30Ti30Nb53Mo15,129.886285,15,53,0,30,0,0,30
11946,Ta53Ti30V45,160.829696,0,0,53,30,45,0,0
9343,Zr38Ti30Nb15Mo15W30,142.389872,15,15,0,30,0,30,38
3679,Ta15V45Mo53W15,228.021453,53,0,15,0,45,15,0
8057,Ti45V53Mo15W15,163.984011,15,0,0,45,53,15,0
8,Ta15Ti30Nb15Mo53W15,201.291017,53,15,15,30,0,15,0
8298,Zr30Ta23Nb15V15W45,177.171519,0,15,23,0,15,45,30
4455,Zr30Ta30Mo23W45,195.614205,23,0,30,0,0,45,30
1778,Zr23Ta45V30Mo30,169.731554,30,0,45,0,30,0,23
6139,Ta15Ti45Nb23V45,143.847423,0,23,15,45,45,0,0
10407,Zr15Ta15Ti30Nb30V15W23,155.285425,0,30,15,30,15,23,15
10860,Zr15Ta38Ti15Nb15V15Mo30,168.586262,30,15,38,15,15,0,15
8433,Zr15Ta23V30Mo45W15,200.316216,45,0,23,0,30,15,15
6334,Zr30Ta23V60W15,148.545202,0,0,23,0,60,15,30
498,Zr60Ti15Nb30Mo23,116.86305,23,30,0,15,0,0,60
8854,Zr30Ta38Nb15Mo30W15,173.799161,30,15,38,0,0,15,30
8601,Zr45Ta38Ti15V15Mo15,129.644114,15,0,38,15,15,0,45
5777,Zr15Ta15Nb75Mo23,168.957638,23,75,15,0,0,0,15
2935,Zr38Nb30Mo30W30,172.278945,30,30,0,0,0,30,38
7224,Ti23Nb30V15Mo60,196.296368,60,30,0,23,15,0,0
3480,Ta23Nb15V45Mo30W15,210.755709,30,15,23,0,45,15,0
11341,Zr15Ta15Nb15Mo38W45,223.27015,38,15,15,0,0,45,15
4038,Zr15V15Mo23W75,240.024895,23,0,0,0,15,75,15
9515,Ti15Nb60V23W30,187.75389,0,60,0,15,23,30,0
11383,Zr15Ti30Nb15V15W53,177.464515,0,15,0,30,15,53,15
3813,Ta15Ti38Nb45V30,149.86383,0,45,15,38,30,0,0
5922,Zr15Ta15Ti30Nb15V15Mo15W23,162.99015,15,15,15,30,15,23,15
8291,Zr30Ta23Ti15V45Mo15,139.19842,15,0,23,15,45,0,30
205,Nb15V45Mo15W53,235.323427,15,15,0,0,45,53,0
9171,Ta30Ti38Mo30W30,197.462335,30,0,30,38,0,30,0
10251,Ti38Nb15V45Mo30,164.090913,30,15,0,38,45,0,0
3684,Zr15Ti15Mo53W45,219.166078,53,0,0,15,0,45,15
2109,Zr15Ti60Nb23Mo15W15,137.544468,15,23,0,60,0,15,15
6905,Zr23Ta15Ti15Nb30Mo30W15,167.329611,30,30,15,15,0,15,23
2304,Ta15Ti38Nb15V15Mo15W30,183.870196,15,15,15,38,15,30,0
7823,Ti15Nb45V38Mo15W15,183.848464,15,45,0,15,38,15,0
3646,Ta38Ti60Nb30,140.377111,0,30,38,60,0,0,0
3474,Zr15Ta15Nb30V15W53,201.798745,0,30,15,0,15,53,15
695,Zr15Ti15Nb23V15Mo60,181.217957,60,23,0,15,15,0,15
4235,Zr15V83W30,179.11423,0,0,0,0,83,30,15
1323,Zr45Ta15Ti23Nb30Mo15,123.501917,15,30,15,23,0,0,45
8068,Zr15Ti45Nb15V53,127.417951,0,15,0,45,53,0,15
2552,Ta30Nb60V23Mo15,186.91782,15,60,30,0,23,0,0
1575,Zr15Ta30Ti15Nb15V38Mo15,155.791554,15,15,30,15,38,0,15
1747,Zr30Ta15Nb38Mo30W15,170.619129,30,38,15,0,0,15,30
6562,Zr23Ta15Ti45Nb15V30,119.538152,0,15,15,45,30,0,23
11145,Ti30Nb23V45Mo15W15,174.645353,15,23,0,30,45,15,0
4007,Zr15Nb15V15Mo23W60,223.948227,23,15,0,0,15,60,15
10063,Zr15Ta15Ti23V45W30,163.297542,0,0,15,23,45,30,15
5783,Zr15Nb75Mo23W15,180.247665,23,75,0,0,0,15,15
4463,Ta30Nb23V45W30,205.287535,0,23,30,0,45,30,0
11979,Ta38Nb15V15W60,236.992515,0,15,38,0,15,60,0
9972,Zr45Ta53V15Mo15,139.709641,15,0,53,0,15,0,45
2794,Zr15Ta23Ti30Nb30W30,163.050829,0,30,23,30,0,30,15
1111,Ta60Nb23V30Mo15,193.114908,15,23,60,0,30,0,0
4651,Zr15Nb30V45Mo38,175.795661,38,30,0,0,45,0,15
6106,Zr60Ta15Ti30Nb23,105.493222,0,23,15,30,0,0,60
7682,Zr30Ta45V30W23,160.869916,0,0,45,0,30,23,30
7020,Zr30Ta30Ti23W45,163.381339,0,0,30,23,0,45,30
2760,Ti30Nb75V23,151.575381,0,75,0,30,23,0,0
3010,Ta60Mo38W30,238.077973,38,0,60,0,0,30,0
4497,Ta38Ti15Nb15V45W15,182.598637,0,15,38,15,45,15,0
9388,Zr60Ta38Ti15W15,120.418069,0,0,38,15,0,15,60
7444,Nb23V30Mo30W45,236.401444,30,23,0,0,30,45,0
7824,Zr15Ti15Nb45V38Mo15,151.493842,15,45,0,15,38,0,15
2136,Zr45Mo30W53,182.818072,30,0,0,0,0,53,45
8434,Zr15Ti23V30Mo45W15,179.377994,45,0,0,23,30,15,15
1581,Ta38Ti15Nb30V15Mo15W15,190.952128,15,30,38,15,15,15,0
4803,Ti30Nb53Mo15W30,187.455016,15,53,0,30,0,30,0
11519,Zr15Ta15Ti15Nb23V15Mo15W30,180.762766,15,23,15,15,15,30,15
7212,Zr15Ta68Ti15V15W15,168.282778,0,0,68,15,15,15,15
11377,Zr15Ta30V15Mo15W53,218.350811,15,0,30,0,15,53,15
11713,Zr30Ta30Ti15Nb23V30,134.968614,0,23,30,15,30,0,30
2758,Ta30Nb75W23,198.990402,0,75,30,0,0,23,0
6596,Zr45Ti15Nb15Mo38W15,147.624916,38,15,0,15,0,15,45
9512,Ta15Nb60V23W30,201.086562,0,60,15,0,23,30,0
8296,Zr30Ta23Ti15Nb15V45,130.939583,0,15,23,15,45,0,30
7676,Zr30Ti30Nb45V23,121.199928,0,45,0,30,23,0,30
5121,Zr53Ti45V15W15,107.541909,0,0,0,45,15,15,53
10893,Ta15Ti30Nb30V53,154.632699,0,30,15,30,53,0,0
11521,Zr15Ta15Ti23Nb15V45Mo15,148.158254,15,15,15,23,45,0,15
833,Zr45Ta15Ti30Mo15W23,135.737357,15,0,15,30,0,23,45
37,Ta15Nb45V15Mo53,209.941087,53,45,15,0,15,0,0
659,Zr23Ti30Nb30Mo45,151.91823,45,30,0,30,0,0,23
7018,Ta30Ti23V45W30,189.790668,0,0,30,23,45,30,0
661,Zr23Nb30V30Mo45,169.217299,45,30,0,0,30,0,23
5314,Zr15Ta30Ti23Nb45V15,144.623468,0,45,30,23,15,0,15
5119,Zr53Ta45Ti15W15,126.90617,0,0,45,15,0,15,53
8606,Zr45Ta38Ti15Nb15V15,123.799618,0,15,38,15,15,0,45
5545,Ta23Nb15Mo45W45,250.686533,45,15,23,0,0,45,0
453,Zr45Ti30V23Mo30,118.618025,30,0,0,30,23,0,45
11941,Ti30Nb53W45,190.185768,0,53,0,30,0,45,0
5925,Zr60Ta15Ti15Nb15Mo23,119.726655,23,15,15,15,0,0,60
5313,Ta30Ti23Nb45V15W15,174.467703,0,45,30,23,15,15,0
4490,Zr15Ti15Nb38Mo15W45,192.059544,15,38,0,15,0,45,15
8050,Zr15Nb45Mo15W53,211.453603,15,45,0,0,0,53,15
3028,Ta38Ti60V30,139.324863,0,0,38,60,30,0,0
9182,Zr30Ta30Ti38Nb30,123.659198,0,30,30,38,0,0,30
8262,Ta30Nb23V15Mo15W45,231.13352,15,23,30,0,15,45,0
6768,Zr68Ta15Ti15Mo30,116.258833,30,0,15,15,0,0,68
10097,Zr23Ta15Ti30V15Mo45,154.436175,45,0,15,30,15,0,23
9986,Zr45Ti53Nb15W15,108.91371,0,15,0,53,0,15,45
4669,Ti30Nb38V45W15,163.980228,0,38,0,30,45,15,0
9176,Ti30V38Mo30W30,200.085802,30,0,0,30,38,30,0
1915,Zr45Ta15Ti38V30,109.028813,0,0,15,38,30,0,45
5126,Zr45Ta30Nb15V15Mo23,140.937873,23,15,30,0,15,0,45
5589,Ta45Ti15Mo38W30,224.091054,38,0,45,15,0,30,0
11714,Zr30Ta30Ti15Nb23W30,157.33375,0,23,30,15,0,30,30
454,Zr45Ti30Mo30W23,138.66303,30,0,0,30,0,23,45
6333,Zr30Ta23Ti60W15,120.426401,0,0,23,60,0,15,30
11370,Ti15Nb30V53Mo15W15,185.800652,15,30,0,15,53,15,0
2932,Zr38Ti30Nb30Mo30,129.545354,30,30,0,30,0,0,38
1586,Zr15Ta30Ti38V15Mo15W15,154.552877,15,0,30,38,15,15,15
2131,Ti53V45Mo30,155.04804,30,0,0,53,45,0,0
6902,Zr38Ta30Ti30V15W15,128.271838,0,0,30,30,15,15,38
11189,Zr15Nb45V15W53,199.520586,0,45,0,0,15,53,15
10269,Zr45Ta15Ti38Nb30,109.562526,0,30,15,38,0,0,45
8639,Zr15Ti23Nb75W15,150.939172,0,75,0,23,0,15,15
1129,Zr30V23Mo15W60,196.564582,15,0,0,0,23,60,30
6591,Ta15Nb15V15Mo38W45,245.177484,38,15,15,0,15,45,0
5542,Zr15V60W53,200.561491,0,0,0,0,60,53,15
11526,Zr15Ta15Ti15Nb15V23W45,184.007918,0,15,15,15,23,45,15
8898,Ta15V53W60,234.417493,0,0,15,0,53,60,0
7443,Zr45Ti30Nb23Mo30,124.842629,30,23,0,30,0,0,45
7488,Zr23Ta30Ti15Nb15V45,138.371521,0,15,30,15,45,0,23
666,Ta30V30Mo45W23,231.486154,45,0,30,0,30,23,0
5770,Zr113Ti15,92.412672,0,0,0,15,0,0,113
2303,Zr38Ti15V15W60,163.928009,0,0,0,15,15,60,38
7671,Zr30Ta30Ti23Nb45,130.652855,0,45,30,23,0,0,30
9344,Zr38Nb15V30Mo15W30,157.785304,15,15,0,0,30,30,38
2767,Ta75Ti30W23,185.334598,0,0,75,30,0,23,0
9720,Ta15Nb68Mo45,207.352227,45,68,15,0,0,0,0
10867,Zr15Ta15Ti15Nb23V45Mo15,154.043294,15,23,15,15,45,0,15
3814,Ta15Ti38Nb45W30,174.406272,0,45,15,38,0,30,0
10037,Zr15Ta98V15,170.165737,0,0,98,0,15,0,15
1946,Ti45Nb15V15Mo30W23,181.005636,30,15,0,45,15,23,0
10453,Zr60Nb23Mo30W15,137.594069,30,23,0,0,0,15,60
3276,Zr38Ta30Nb60,137.427283,0,60,30,0,0,0,38
3878,Ta45Ti15Nb15V53,170.722882,0,15,45,15,53,0,0
7410,Zr45Nb23V15Mo45,144.833617,45,23,0,0,15,0,45
7074,Zr30Ta23Ti15Nb30Mo30,149.472375,30,30,23,15,0,0,30
97,Zr15Ta23Nb15Mo45W30,215.271361,45,15,23,0,0,30,15
5347,Ta15Ti15Nb30V15Mo15W38,207.137517,15,30,15,15,15,38,0
9125,Zr15Nb15V30Mo23W45,209.943444,23,15,0,0,30,45,15
407,Ta60V15Mo15W38,230.294299,15,0,60,0,15,38,0
7246,Ti30Nb60V23W15,163.432729,0,60,0,30,23,15,0
11575,Ti38Nb45V15Mo15W15,167.499882,15,45,0,38,15,15,0
5181,Zr30Ta30Ti15Nb38W15,146.208577,0,38,30,15,0,15,30
2350,Zr15Ta45Ti30V15Mo23,154.944187,23,0,45,30,15,0,15
6152,Zr45Ta23V15W45,159.457317,0,0,23,0,15,45,45
10205,Ta15Ti45Nb23V15Mo30,162.460262,30,23,15,45,15,0,0
3249,Zr15Ta23Ti15Mo45W30,202.339045,45,0,23,15,0,30,15
2734,Ta23Ti15Nb15V30Mo30W15,199.800453,30,15,23,15,30,15,0
9919,Zr45Ti83,88.112922,0,0,0,83,0,0,45
11323,Nb60V68,172.578983,0,60,0,0,68,0,0
10695,Zr30Ti15Mo38W45,188.05831,38,0,0,15,0,45,30
6704,Zr15Ta15Nb53V30Mo15,163.084916,15,53,15,0,30,0,15
11747,Zr60Ta15Ti38Nb15,102.750252,0,15,15,38,0,0,60
1713,Ta15V15Mo75W23,248.491349,75,0,15,0,15,23,0
9317,Ta45Nb45W38,212.488988,0,45,45,0,0,38,0
2162,Zr30Ta15Nb15Mo45W23,187.841594,45,15,15,0,0,23,30
4437,Zr60Ti53V15,95.024862,0,0,0,53,15,0,60
6394,Ta30Nb30Mo23W45,237.150866,23,30,30,0,0,45,0
63,Zr15Ti45Nb53V15,127.29205,0,53,0,45,15,0,15
3044,Ta45Ti30Mo53,193.834137,53,0,45,30,0,0,0
1979,Zr15Ta15Nb15V38W45,194.038873,0,15,15,0,38,45,15
5511,Nb53Mo60W15,227.155304,60,53,0,0,0,15,0
7080,Zr30Ti23Nb30Mo30W15,153.805044,30,30,0,23,0,15,30
3612,Zr30Nb38V30Mo15W15,153.993151,15,38,0,0,30,15,30
3420,Zr15Ta15Ti15Nb30V15Mo23W15,171.616952,23,30,15,15,15,15,15
9926,Zr30Ta15Nb38Mo45,165.540507,45,38,15,0,0,0,30
9541,Zr15Ta30Ti38Nb30W15,146.70388,0,30,30,38,0,15,15
4408,Nb15Mo53W60,270.875629,53,15,0,0,0,60,0
8800,Zr75Mo23W30,131.431366,23,0,0,0,0,30,75
2506,Zr15Ta60Nb15V23W15,177.194822,0,15,60,0,23,15,15
7883,Ta15Ti15V23Mo60W15,219.516938,60,0,15,15,23,15,0
10661,Zr30Ta45Nb15Mo23W15,171.207681,23,15,45,0,0,15,30
4261,Zr15Ta45Nb30V15Mo23,175.548845,23,30,45,0,15,0,15
1377,Zr68V15W45,129.716662,0,0,0,0,15,45,68
6360,Zr15Ta53Nb15V45,161.427692,0,15,53,0,45,0,15
5723,Ta68Ti45Mo15,162.796797,15,0,68,45,0,0,0
5949,Zr45Ta23Ti15V15Mo15W15,137.95742,15,0,23,15,15,15,45
2196,Zr30Ta15Nb45V23W15,150.66708,0,45,15,0,23,15,30
9328,Ta45V45W38,217.146621,0,0,45,0,45,38,0
11111,Nb45V15Mo45W23,221.779714,45,45,0,0,15,23,0
251,Zr30Ti38Mo15W45,158.529996,15,0,0,38,0,45,30
4053,Zr15Ti23V15W75,204.621369,0,0,0,23,15,75,15
1521,Zr45Ti30V38Mo15,112.998759,15,0,0,30,38,0,45
4605,Zr30Ta15Ti60W23,123.412335,0,0,15,60,0,23,30
1145,Nb90Mo38,197.708092,38,90,0,0,0,0,0
5175,Zr30Ta30Ti15V15Mo38,154.964934,38,0,30,15,15,0,30
6951,Zr15Ta60V23W30,188.679134,0,0,60,0,23,30,15
11581,Zr15Ta45Ti38Mo15W15,157.961145,15,0,45,38,0,15,15
1725,Zr23Ta15Nb75W15,160.13095,0,75,15,0,0,15,23
1383,Zr15Ta15Ti30V23Mo15W30,168.269259,15,0,15,30,23,30,15
4091,Zr30Ta15Ti38Nb30Mo15,129.522675,15,30,15,38,0,0,30
2154,Zr45Ti30V53,108.396424,0,0,0,30,53,0,45
7270,Ta23Ti15Nb15V60W15,180.714895,0,15,23,15,60,15,0
7848,Ti15Mo30W83,271.376829,30,0,0,15,0,83,0
3282,Zr38Nb60W30,153.070202,0,60,0,0,0,30,38
10491,V23Mo15W90,280.705544,15,0,0,0,23,90,0
11543,Zr38Nb30V15Mo15W30,159.208191,15,30,0,0,15,30,38
10657,Ta45Ti15Nb15Mo23W30,211.709262,23,15,45,15,0,30,0
431,Zr30Ta15Ti15Nb15Mo15W38,171.291789,15,15,15,15,0,38,30
9910,Nb83V45,170.173285,0,83,0,0,45,0,0
293,Zr30Ta45Nb30W23,164.593198,0,30,45,0,0,23,30
894,Ta15Ti23V30W60,215.709782,0,0,15,23,30,60,0
6190,Ta60Nb38V15Mo15,193.482224,15,38,60,0,15,0,0
7622,Nb30W98,274.084094,0,30,0,0,0,98,0
4401,Ti38V30W60,200.929087,0,0,0,38,30,60,0
9548,Zr23Ta60Nb30Mo15,166.916929,15,30,60,0,0,0,23
1348,Ta45Ti68Mo15,144.123911,15,0,45,68,0,0,0
5982,Ti90V23W15,125.825528,0,0,0,90,23,15,0
635,Ta15Ti15V38Mo30W30,213.965741,30,0,15,15,38,30,0
11315,Nb68Mo60,213.302859,60,68,0,0,0,0,0
4065,Ta45Ti45Mo15W23,178.516477,15,0,45,45,0,23,0
7614,Ta98Mo30,209.235473,30,0,98,0,0,0,0
9773,Zr60Ti30Mo15W23,121.520115,15,0,0,30,0,23,60
6500,Zr15Ti53V30Mo30,137.551681,30,0,0,53,30,0,15
4850,Zr15Ta30Ti15Nb30W38,181.355024,0,30,30,15,0,38,15
8458,Zr15Ti45V23Mo45,150.466849,45,0,0,45,23,0,15
5143,Ta23Ti30Nb30V30Mo15,164.494772,15,30,23,30,30,0,0
10834,Ti45V30W53,187.828667,0,0,0,45,30,53,0
10001,Ta15Ti15Nb15V30Mo15W38,208.505456,15,15,15,15,30,38,0
2995,Zr15Ta15V30Mo15W53,214.801211,15,0,15,0,30,53,15
6958,Ti53Nb30Mo30W15,167.455352,30,30,0,53,0,15,0
10008,Ta15Nb15Mo98,236.763958,98,15,15,0,0,0,0
8238,Zr30Ta45V30Mo23,155.964682,23,0,45,0,30,0,30
4295,Zr30Ti15V60Mo23,137.251723,23,0,0,15,60,0,30
8467,Ti45Nb45V23W15,153.142611,0,45,0,45,23,15,0
3086,Zr45Ta15Nb23Mo15W30,157.429141,15,23,15,0,0,30,45
4633,Zr75Ta15Nb23W15,114.440116,0,23,15,0,0,15,75
1173,Ti38Nb90,146.705049,0,90,0,38,0,0,0
11912,Ti68Nb15V15W30,151.083395,0,15,0,68,15,30,0
1187,Zr15Ta38Ti15Nb15V15Mo15W15,170.973399,15,15,38,15,15,15,15
7279,Zr23Ta15Nb30V15Mo15W30,180.589524,15,30,15,0,15,30,23
438,Ta23Nb30Mo30W45,240.845744,30,30,23,0,0,45,0
6356,Ta53Ti45Nb15V15,150.880047,0,15,53,45,15,0,0
2961,Ta15Ti60Nb15V23Mo15,143.597187,15,15,15,60,23,0,0
4859,Zr15Ta60Nb15Mo38,189.238178,38,15,60,0,0,0,15
5976,Ta90Ti23V15,172.794176,0,0,90,23,15,0,0
10498,Ti23Nb15V90,158.886954,0,15,0,23,90,0,0
7877,Zr15Ta15Nb15V23Mo60,194.144954,60,15,15,0,23,0,15
3847,Ta30Ti45V15Mo15W23,175.195819,15,0,30,45,15,23,0
8493,Zr83Nb15V15Mo15,102.364865,15,15,0,0,15,0,83
2702,Zr53Ta30Nb30Mo15,130.688295,15,30,30,0,0,0,53
6164,Ta15Ti23V60Mo30,180.034067,30,0,15,23,60,0,0
603,Zr53V30W45,144.909708,0,0,0,0,30,45,53
7284,Zr30Ta15Ti30Nb15V15Mo23,134.760436,23,15,15,30,15,0,30
55,Zr15V45Mo53W15,202.200965,53,0,0,0,45,15,15
3416,Zr30Ti15Nb15V15Mo23W30,163.912852,23,15,0,15,15,30,30
11778,Zr30Ta53Nb45,148.317978,0,45,53,0,0,0,30
869,Ti30Nb23Mo15W60,216.879698,15,23,0,30,0,60,0
6199,Ta38Ti60V15Mo15,147.646456,15,0,38,60,15,0,0
2530,Zr15Ti60Nb53,121.026785,0,53,0,60,0,0,15
5527,Ti53Nb60V15,138.145033,0,60,0,53,15,0,0
8003,Zr15Ta15Nb30V38W30,180.112033,0,30,15,0,38,30,15
2968,Zr23Ti15Nb15V60Mo15,140.672783,15,15,0,15,60,0,23
5378,Ta53Nb15V15Mo15W30,219.331229,15,15,53,0,15,30,0
11127,Ta45Nb45V15W23,200.11455,0,45,45,0,15,23,0
267,Zr30Ti15V38W45,160.540955,0,0,0,15,38,45,30
2392,Zr23Ta60Ti15V30,143.93397,0,0,60,15,30,0,23
4866,Ta15Ti60V15Mo38,157.24475,38,0,15,60,15,0,0
2539,Zr15Ta53W60,218.694031,0,0,53,0,0,60,15
2366,Ti30Nb15Mo60W23,211.260101,60,15,0,30,0,23,0
7426,Zr45Ta23Nb45V15,128.836196,0,45,23,0,15,0,45
9787,Zr60Ta15Ti30W23,116.851635,0,0,15,30,0,23,60
8655,Zr30Nb23V15Mo30W30,178.877422,30,23,0,0,15,30,30
10465,Ta23Ti15Nb30W60,221.997697,0,30,23,15,0,60,0
5371,Zr30Ta15Ti45Nb15W23,131.622286,0,15,15,45,0,23,30
10233,Ti15Nb113,160.696111,0,113,0,15,0,0,0
860,Zr15Ta38Nb30V15W30,185.439024,0,30,38,0,15,30,15
1528,Zr45Ta30Nb15V38,125.822238,0,15,30,0,38,0,45
3240,Ta15Nb23V30Mo45W15,218.91715,45,23,15,0,30,15,0
3624,Ta15Ti30Nb15V15Mo30W23,193.892228,30,15,15,30,15,23,0
11785,Ta45Ti53V30,144.298397,0,0,45,53,30,0,0
4098,Zr30Nb30V15Mo15W38,175.968468,15,30,0,0,15,38,30
11771,Zr30Ti53Mo45,132.676399,45,0,0,53,0,0,30
1341,Zr45Ta15Ti30V15W23,125.155058,0,0,15,30,15,23,45
7042,Zr15Ti15Nb30V45W23,160.904624,0,30,0,15,45,23,15
6732,Ta23Ti45Mo15W45,195.706996,15,0,23,45,0,45,0
8231,Nb45V30Mo23W30,214.674979,23,45,0,0,30,30,0
6509,Ti53Nb30V30W15,148.806193,0,30,0,53,30,15,0
1517,Ta30V38Mo15W45,232.658314,15,0,30,0,38,45,0
3072,Zr30Ti53W45,141.758352,0,0,0,53,0,45,30
5385,Ta15Ti53V15Mo15W30,173.654811,15,0,15,53,15,30,0
4257,Ta45Ti15Nb30V15Mo23,185.309117,23,30,45,15,15,0,0
11924,Nb30Mo53W45,247.589336,53,30,0,0,0,45,0
1970,Zr15Nb15V38Mo15W45,202.589725,15,15,0,0,38,45,15
1180,Zr38Ta90,146.513471,0,0,90,0,0,0,38
5188,Zr15Ta30Nb30V15Mo15W23,187.332231,15,30,30,0,15,23,15
7421,Zr45V23Mo45W15,155.706785,45,0,0,0,23,15,45
4892,Ta30Ti15Nb15Mo53W15,215.704868,53,15,30,15,0,15,0
6993,Ti45Nb23Mo30W30,186.531453,30,23,0,45,0,30,0
3247,Ta23Ti15V30Mo45W15,210.298813,45,0,23,15,30,15,0
4096,Zr30Ti15Nb30V38Mo15,135.991261,15,30,0,15,38,0,30
8035,Zr38Nb15V30W45,162.676196,0,15,0,0,30,45,38
258,Zr30Ta38Nb15W45,182.081568,0,15,38,0,0,45,30
3885,Zr53Ti45Nb15V15,102.166209,0,15,0,45,15,0,53
1510,Zr45Ti38Nb30Mo15,113.994517,15,30,0,38,0,0,45
10668,Zr30Ta15Ti45Mo23W15,137.541627,23,0,15,45,0,15,30
2957,Zr38Ta30Ti30V30,119.983187,0,0,30,30,30,0,38
10496,Ta23Nb15W90,269.267881,0,15,23,0,0,90,0
11118,Zr23Ta45V15Mo45,179.125239,45,0,45,0,15,0,23
6735,Zr45Ta23V45Mo15,130.884111,15,0,23,0,45,0,45
11544,Ta30Ti15V30Mo15W38,213.638102,15,0,30,15,30,38,0
9789,Zr60Ti15V30W23,118.593973,0,0,0,15,30,23,60
5382,Zr30Ti53Nb15V15Mo15,116.523731,15,15,0,53,15,0,30
9113,Zr23Ti30Nb15V30Mo15W15,144.997448,15,15,0,30,30,15,23
7419,Zr45Ti23V15Mo45,132.476826,45,0,0,23,15,0,45
8451,Ta45Ti23V15Mo45,193.164938,45,0,45,23,15,0,0
8469,Zr15Ti45Nb45W23,142.230856,0,45,0,45,0,23,15
604,Ta30Ti30Nb23V30Mo15,165.377281,15,23,30,30,30,0,0
10650,Ta15Ti23Nb15V60W15,172.791793,0,15,15,23,60,15,0
10802,Zr30Ta15Ti23V45W15,134.742009,0,0,15,23,45,15,30
2153,Ti30V53W45,194.007262,0,0,0,30,53,45,0
11782,Nb45V53W30,199.331084,0,45,0,0,53,30,0
3075,Zr30Ta15Ti15Nb15V15Mo38,150.820255,38,15,15,15,15,0,30
8836,Nb68V60,171.562578,0,68,0,0,60,0,0
1984,Zr30Ta23Ti45Nb15Mo15,126.457803,15,15,23,45,0,0,30
11312,Zr15Ti15V98,142.703998,0,0,0,15,98,0,15
7841,Nb15Mo30W83,275.879277,30,15,0,0,0,83,0
856,Zr15Ti38V15Mo30W30,170.939576,30,0,0,38,15,30,15
8697,Zr30Ta38Ti15Nb15Mo15W15,154.652162,15,15,38,15,0,15,30
2359,Zr15Ta23Ti45V30W15,139.432463,0,0,23,45,30,15,15
1722,Zr23Ta15Ti15Nb75,140.184093,0,75,15,15,0,0,23
4062,Zr23Nb45V45Mo15,150.184404,15,45,0,0,45,0,23
2395,Zr23Ti60V15W30,131.428045,0,0,0,60,15,30,23
5518,Ti53Mo60W15,188.041659,60,0,0,53,0,15,0
7045,Ta53Ti15Nb15Mo30W15,203.275689,30,15,53,15,0,15,0
9745,Ta45Ti68V15,136.724536,0,0,45,68,15,0,0
5376,Ta53Ti15Nb15Mo15W30,208.310961,15,15,53,15,0,30,0
8663,Zr30Ta23Ti15Nb30W30,155.003365,0,30,23,15,0,30,30
5715,Zr15Ti30Nb15V30Mo15W23,161.530621,15,15,0,30,30,23,15
5144,Ta23Ti30Nb30Mo15W30,191.556851,15,30,23,30,0,30,0
4268,Zr15Ta30Ti45V15Mo23,143.862898,23,0,30,45,15,0,15
3871,Ta45V15Mo15W53,239.854056,15,0,45,0,15,53,0
7089,Zr30Ta30Ti23Nb30W15,142.529802,0,30,30,23,0,15,30
8809,Zr75Nb23V30,102.700359,0,23,0,0,30,0,75
3429,Zr15Nb30V68Mo15,161.194761,15,30,0,0,68,0,15
3081,Ta15Ti30Nb23V45Mo15,163.126074,15,23,15,30,45,0,0
6507,Zr15Ta53Nb30V30,162.21699,0,30,53,0,30,0,15
8207,Zr45Ta23Nb60,130.628561,0,60,23,0,0,0,45
5940,Zr60Ta15Ti15Nb23W15,118.392981,0,23,15,15,0,15,60
6369,Zr15Ta15V53W45,196.403142,0,0,15,0,53,45,15
9577,Zr23Ta15Ti30W60,177.309419,0,0,15,30,0,60,23
9321,Zr38Ti45Nb45,111.870319,0,45,0,45,0,0,38
5978,Zr15Ta90Ti23,155.230045,0,0,90,23,0,0,15
11588,Zr15Ti45Nb15V38W15,135.99046,0,15,0,45,38,15,15
7277,Zr23Ta15Ti15Nb30V30Mo15,144.517684,15,30,15,15,30,0,23
6967,Zr15Ta30V53Mo30,176.039042,30,0,30,0,53,0,15
9583,Ta15Nb30V15Mo23W45,233.357392,23,30,15,0,15,45,0
7613,Nb98Mo30,189.477346,30,98,0,0,0,0,0
11749,Zr60Ta15Nb15V38,113.597945,0,15,15,0,38,0,60
11120,Ti45V15Mo45W23,191.120095,45,0,0,45,15,23,0
6197,Zr15Nb38V60Mo15,160.442618,15,38,0,0,60,0,15
5520,V53Mo60W15,231.710875,60,0,0,0,53,15,0
2705,Zr53Ti30Nb30Mo15,113.030558,15,30,0,30,0,0,53
11776,Ta53Nb45V30,184.46217,0,45,53,0,30,0,0
8831,V60Mo68,222.199964,68,0,0,0,60,0,0
2537,Ta53V60W15,198.054545,0,0,53,0,60,15,0
2361,Ta30Ti23Nb15Mo60,199.885448,60,15,30,23,0,0,0
7879,Ti15Nb15V23Mo60W15,215.449915,60,15,0,15,23,15,0
436,Ta23Ti45Nb30Mo30,163.463811,30,30,23,45,0,0,0
52,Ti45V15Mo53W15,188.163449,53,0,0,45,15,15,0
5712,Zr15Ta30Ti30Nb15V23Mo15,147.851242,15,15,30,30,23,0,15
260,Zr30Ti38Nb15V45,116.651256,0,15,0,38,45,0,30
851,Zr15Nb38V15Mo30W30,199.849531,30,38,0,0,15,30,15
2508,Zr15Ta15Ti60V23W15,131.84333,0,0,15,60,23,15,15
3411,Zr15Ta30Ti15Nb30V15W23,168.23337,0,30,30,15,15,23,15
1983,Ta23Ti45Nb15Mo15W30,180.704997,15,15,23,45,0,30,0
9319,Ti45Nb45V38,142.226589,0,45,0,45,38,0,0
7248,Zr15Ti30Nb60W23,153.889657,0,60,0,30,0,23,15
5947,Zr45Ta15Nb23V15Mo15W15,145.940349,15,23,15,0,15,15,45
5913,Zr23Ti30Nb30V30W15,136.612768,0,30,0,30,30,15,23
8200,Zr45Ti23Mo60,143.271856,60,0,0,23,0,0,45
8032,Ti30Nb15V45W38,186.057726,0,15,0,30,45,38,0
3623,Zr30Ta15Ti38V30W15,127.273569,0,0,15,38,30,15,30
2138,Ta53Nb30V45,184.351232,0,30,53,0,45,0,0
6351,Zr15Ta53Mo15W45,213.908189,15,0,53,0,0,45,15
8066,Zr15Ta45Nb15W53,208.653332,0,15,45,0,0,53,15
8664,Zr30Ta23Nb30V15W30,162.647513,0,30,23,0,15,30,30
5779,Ti15Nb75Mo23W15,190.070401,23,75,0,15,0,15,0
3278,Ti30Nb60W38,184.321367,0,60,0,30,0,38,0
11923,Nb30V45Mo53,208.85217,53,30,0,0,45,0,0
4439,Zr60V53W15,115.912571,0,0,0,0,53,15,60
10805,Nb30V53Mo45,203.986861,45,30,0,0,53,0,0
10006,Zr38Ta15Ti15V15Mo15W30,153.893462,15,0,15,15,15,30,38
409,Zr38Ta60Mo15W15,160.152292,15,0,60,0,0,15,38
805,Ti60Nb45V23,134.819648,0,45,0,60,23,0,0
9584,Zr45Ta15Nb30V15Mo23,137.925064,23,30,15,0,15,0,45
39,Zr15Ta15Nb45Mo53,191.258184,53,45,15,0,0,0,15
3849,Zr23Ta30Ti45Mo15W15,143.869973,15,0,30,45,0,15,23
4499,Zr15Ta38Ti15Nb15W45,189.582992,0,15,38,15,0,45,15
1174,Nb90V38,170.682373,0,90,0,0,38,0,0
2198,Zr30Ta45Ti15V23W15,146.444788,0,0,45,15,23,15,30
2950,Zr38Ta30Nb30V30,133.431645,0,30,30,0,30,0,38
8402,Zr15Ti60V30Mo23,130.469136,23,0,0,60,30,0,15
5349,Zr38Ta15Ti15Nb30Mo15W15,145.073116,15,30,15,15,0,15,38
2904,Ta30Ti38Nb15V30Mo15,159.867301,15,15,30,38,30,0,0
4634,Ti15Nb23V15W75,232.798966,0,23,0,15,15,75,0
10462,Zr60Ti23Mo30W15,124.919501,30,0,0,23,0,15,60
3876,Zr53Ti45Mo15W15,114.309862,15,0,0,45,0,15,53
9917,Ti83V45,122.187318,0,0,0,83,45,0,0
10851,Zr15Ta53V30Mo15W15,184.408753,15,0,53,0,30,15,15
3882,Zr53Ta45Nb15V15,125.748336,0,15,45,0,15,0,53
8690,Zr15Ta15Ti30Nb15Mo15W38,178.305044,15,15,15,30,0,38,15
7283,Ta15Ti30Nb15V15Mo23W30,195.137345,23,15,15,30,15,30,0
4895,Zr15Ta30Nb15V15Mo53,192.236777,53,15,30,0,15,0,15
8254,Ta23Ti45V30W30,171.359236,0,0,23,45,30,30,0
1346,Nb45Mo15W68,249.622704,15,45,0,0,0,68,0
1379,Zr15Ta30Ti23Nb15V30Mo15,152.490399,15,15,30,23,30,0,15
6994,Zr30Ti45Nb23Mo30,127.520662,30,23,0,45,0,0,30
9114,Zr23Ta15Ti30V30Mo15W15,147.850111,15,0,15,30,30,15,23
4250,Zr23Ti45V15Mo15W30,149.664667,15,0,0,45,15,30,23
7678,Zr30Nb45V30W23,153.034131,0,45,0,0,30,23,30
6538,Zr45Ta15Ti15V15W38,142.200184,0,0,15,15,15,38,45
4406,Ti60Nb15Mo53,164.95616,53,15,0,60,0,0,0
294,Ti45Nb30V23W30,165.489452,0,30,0,45,23,30,0
99,Zr15Ti23Nb15V30Mo45,165.596571,45,15,0,23,30,0,15
11379,Ta30Ti15Nb15V53W15,181.621541,0,15,30,15,53,15,0
10234,Nb113V15,167.426834,0,113,0,0,15,0,0
8456,Zr15Ta45Mo45W23,212.33823,45,0,45,0,0,23,15
6163,Zr60Nb15Mo30W23,143.366079,30,15,0,0,0,23,60
4861,Ti60Nb15Mo38W15,167.701662,38,15,0,60,0,15,0
1948,Zr23Ti45Nb15Mo30W15,145.931188,30,15,0,45,0,15,23
8630,Zr15V23Mo75W15,218.079486,75,0,0,0,23,15,15
11977,Ta38Ti15Nb15W60,225.206815,0,15,38,15,0,60,0
6960,Nb30V53Mo30W15,207.594485,30,30,0,0,53,15,0
6598,Ta15Ti15V15Mo38W45,233.385979,38,0,15,15,15,45,0
10099,Zr23Ta15V30Mo45W15,186.793371,45,0,15,0,30,15,23
9326,Ta45Ti45W38,182.378077,0,0,45,45,0,38,0
9386,Ta38Ti15V15W60,224.716484,0,0,38,15,15,60,0
7812,Zr15Ta15Ti23Nb60V15,142.261676,0,60,15,23,15,0,15
9742,Nb45V68W15,186.82221,0,45,0,0,68,15,0
9928,Ti15Nb38Mo45W30,217.316197,45,38,0,15,0,30,0
1977,Zr15Ta15Ti38Nb15V45,132.731799,0,15,15,38,45,0,15
10039,Ti98V15W15,122.883388,0,0,0,98,15,15,0
9988,Ta15Ti53V15W45,177.88857,0,0,15,53,15,45,0
9570,Zr23Ta30Nb15W60,201.654679,0,15,30,0,0,60,23
7846,Zr83Ta15Mo30,113.59514,30,0,15,0,0,0,83
5120,Zr53Ta45V15W15,133.669584,0,0,45,0,15,15,53
8636,Zr15Ta23Nb75W15,170.939651,0,75,23,0,0,15,15
4650,Nb30V45Mo38W15,212.433495,38,30,0,0,45,15,0
3011,Zr30Ta60Mo38,172.200563,38,0,60,0,0,0,30
7028,Zr15Ta45Nb15Mo30W23,201.141579,30,15,45,0,0,23,15
6751,Ta15Ti23V45W45,201.890634,0,0,15,23,45,45,0
3647,Ta38Nb30V60,181.845704,0,30,38,0,60,0,0
4234,Zr15Ti83W30,128.489552,0,0,0,83,0,30,15
4006,Zr15Ti15Nb15Mo23W60,212.666723,23,15,0,15,0,60,15
1580,Zr15Ta15Ti30Nb15V15W38,166.637746,0,15,15,30,15,38,15
1110,Ta60Ti30Nb23Mo15,171.766432,15,23,60,30,0,0,0
10634,Zr23Ta15Ti15V60W15,146.153267,0,0,15,15,60,15,23
9522,Zr30Ta60V15W23,167.135806,0,0,60,0,15,23,30
694,Ti15Nb23V15Mo60W15,215.150358,60,23,0,15,15,15,0
2795,Zr15Ta23Nb30V30W30,181.777115,0,30,23,0,30,30,15
7814,Zr15Ta15Nb60V23W15,169.343771,0,60,15,0,23,15,15
1574,Ta30Ti15Nb15V38Mo15W15,190.865337,15,15,30,15,38,15,0
8252,Zr30Ti45Nb23W30,134.280921,0,23,0,45,0,30,30
10250,Zr45Ta38Nb15Mo30,146.246017,30,15,38,0,0,0,45
3488,Zr15Ta15Ti23V45Mo30,157.223007,30,0,15,23,45,0,15
11382,Zr15Ta30Nb15V15W53,205.273583,0,15,30,0,15,53,15
1746,Zr30Ta15Nb38V15Mo30,155.603794,30,38,15,0,15,0,30
7683,Zr30Ti45V30W23,127.401972,0,0,0,45,30,23,30
9719,Zr30Ta15Ti23Nb15V30W15,136.613725,0,15,15,23,30,15,30
11971,Zr60Ta38Mo15W15,136.314771,15,0,38,0,0,15,60
10406,Zr15Ta15Ti30V15Mo30W23,174.656333,30,0,15,30,15,23,15
1322,Ta15Ti23Nb30Mo15W45,208.874265,15,30,15,23,0,45,0
9380,Zr60Ta15Nb38V15,115.774777,0,38,15,0,15,0,60
5782,Zr15Nb75V15Mo23,164.133495,23,75,0,0,15,0,15
5129,Zr45Ti30Nb15V15Mo23,120.319937,23,15,0,30,15,0,45
9973,Zr45Ta53Mo15W15,152.475919,15,0,53,0,0,15,45
3475,Zr15Ti15Nb30V15W53,188.27092,0,30,0,15,15,53,15
2768,Zr23Ta75Ti30,140.137028,0,0,75,30,0,0,23
3223,Zr15Nb15V68Mo15W15,173.478529,15,15,0,0,68,15,15
6107,Ta15Nb23V30W60,233.198236,0,23,15,0,30,60,0
6563,Zr23Ta15Ti45Nb15W30,142.913904,0,15,15,45,0,30,23
803,Ta60Nb45W23,202.975145,0,45,60,0,0,23,0
6335,Zr30Ti23V60W15,130.258278,0,0,0,23,60,15,30
4462,Zr30Ta30Ti45Nb23,121.318169,0,23,30,45,0,0,30
10062,Zr15Ti23Nb15V45W30,160.841128,0,15,0,23,45,30,15
8060,Zr15V45Mo15W53,211.945291,15,0,0,0,45,53,15
2305,Zr30Ta15Ti38Nb15V15Mo15,126.103206,15,15,15,38,15,0,30
452,Ti30V23Mo30W45,213.815469,30,0,0,30,23,45,0
2902,Zr30Ti15Nb15V38W30,148.633058,0,15,0,15,38,30,30
10259,Zr45Ta15Ti38Mo30,122.946243,30,0,15,38,0,0,45
6758,Ta15Nb15Mo30W68,265.28436,30,15,15,0,0,68,0
464,Zr45Ti30Nb30W23,125.157793,0,30,0,30,0,23,45
4659,Ti30V45Mo38W15,190.712,38,0,0,30,45,15,0
11516,Zr15Ti15Nb30V30Mo23W15,168.494021,23,30,0,15,30,15,15
8404,Zr15V60Mo23W30,196.14674,23,0,0,0,60,30,15
6793,Ta60Nb30Mo23W15,209.957993,23,30,60,0,0,15,0
2101,Ta60Ti15Nb23V15Mo15,182.818229,15,23,60,15,15,0,0
11724,Zr15Ta15Ti15Nb38V15W30,171.609514,0,38,15,15,15,30,15
10857,Zr15Ti53Nb15V30W15,133.482162,0,15,0,53,30,15,15
11186,Ti15Nb45V53W15,175.838132,0,45,0,15,53,15,0
11529,Zr15Ta45Ti15Nb15Mo15W23,181.167925,15,15,45,15,0,23,15
8094,Zr15Ta60Nb23Mo30,183.945721,30,23,60,0,0,0,15
7641,Zr23Ta15Ti30Nb30V15W15,139.709091,0,30,15,30,15,15,23
3671,Ti45Nb15Mo53W15,188.207191,53,15,0,45,0,15,0
3018,Ta60Ti30Nb38,163.185191,0,38,60,30,0,0,0
9146,Zr23Ti30Nb45V15Mo15,134.919395,15,45,0,30,15,0,23
669,Ti30V30Mo45W23,202.573471,45,0,0,30,30,23,0
10868,Zr15Ta15Ti15Nb23Mo15W45,195.355304,15,23,15,15,0,45,15
0,Mo128,263.972659,128,0,0,0,0,0,0
7473,Ta15Ti45Nb30Mo15W23,172.477879,15,30,15,45,0,23,0
4833,Ta15Ti38Nb30V15Mo30,167.075649,30,30,15,38,15,0,0
1119,Zr30Nb23Mo15W60,198.829555,15,23,0,0,0,60,30
5324,Zr15Ta15Nb30Mo45W23,206.220404,45,30,15,0,0,23,15
9710,Zr15Ta45Ti53W15,140.244549,0,0,45,53,0,15,15
11985,Zr60Nb15V38W15,119.045903,0,15,0,0,38,15,60
2591,Zr15Ta23Ti15V15Mo30W30,191.353764,30,0,23,15,15,30,15
3824,Zr30Ta45Ti15V38,135.760436,0,0,45,15,38,0,30
11340,Zr15Ta15Nb15V45Mo38,178.659589,38,15,15,0,45,0,15
9374,Zr60Ti15Mo38W15,130.435382,38,0,0,15,0,15,60
6303,Ta15Nb60Mo23W30,217.670048,23,60,15,0,0,30,0
8609,Zr45Ti38Nb15V15W15,115.432606,0,15,0,38,15,15,45
6131,Zr45Ta15Ti45Mo23,115.989629,23,0,15,45,0,0,45
656,Zr23Ta30Nb30Mo45,177.952442,45,30,30,0,0,0,23
3027,Zr30Nb38W60,187.956297,0,38,0,0,0,60,30
1784,Ta45Ti30Nb30V23,159.711563,0,30,45,30,23,0,0
1925,Ta83Nb45,193.269477,0,45,83,0,0,0,0
6932,Zr15Ta23V30Mo60,195.552279,60,0,23,0,30,0,15
5116,Zr53Nb45V15W15,126.864047,0,45,0,0,15,15,53
1589,Zr15Ta15Ti45Nb23V15Mo15,136.155488,15,23,15,45,15,0,15
5915,Ta15Ti15Nb23V15Mo30W30,211.019684,30,23,15,15,15,30,0
11172,Zr15Ta15Ti53Mo45,149.781183,45,0,15,53,0,0,15
7017,Zr30Nb30V23W45,171.928521,0,30,0,0,23,45,30
4692,Zr23Ta15V75Mo15,152.302647,15,0,15,0,75,0,23
804,Zr23Ta60Nb45,157.761338,0,45,60,0,0,0,23
8299,Zr30Ti23Nb15V15W45,156.760551,0,15,0,23,15,45,30
4037,Zr15Ti15Mo23W75,227.83901,23,0,0,15,0,75,15
11976,Ta38Ti15Nb15V60,169.537816,0,15,38,15,60,0,0
10605,Zr45Ti15Nb15V38W15,124.245189,0,15,0,15,38,15,45
10430,Nb90V15W23,190.93692,0,90,0,0,15,23,0
497,Ti15Nb30Mo23W60,233.977602,23,30,0,15,0,60,0
3685,Zr15V15Mo53W45,231.54598,53,0,0,0,15,45,15
10098,Zr23Ta15Ti30Mo45W15,168.987311,45,0,15,30,0,15,23
10054,Zr15Ta23Ti45V30Mo15,136.260339,15,0,23,45,30,0,15
2565,Zr23Ta60V30Mo15,162.75158,15,0,60,0,30,0,23
8631,Ta23Ti15Nb75V15,167.370817,0,75,23,15,15,0,0
7225,Ti23Nb30Mo60W15,207.32069,60,30,0,23,0,15,0
4834,Ta15Ti38Nb30Mo30W15,180.310896,30,30,15,38,0,15,0
1770,Zr23Ti30Nb45Mo30,144.542032,30,45,0,30,0,0,23
6760,Ti15Nb15V68Mo30,184.169272,30,15,0,15,68,0,0
5572,Zr45Nb45V15W23,138.419858,0,45,0,0,15,23,45
9989,Zr45Ta15Ti53V15,100.180126,0,0,15,53,15,0,45
10266,Zr45V15Mo30W38,166.481561,30,0,0,0,15,38,45
8897,Zr60Ta15Ti53,96.506937,0,0,15,53,0,0,60
9945,Zr30Ta38Ti15Nb45,137.833222,0,45,38,15,0,0,30
9179,Zr30V30Mo30W38,186.189722,30,0,0,0,30,38,30
1545,Ta45V60Mo23,197.267457,23,0,45,0,60,0,0
232,Zr53Ti15V15W45,138.774876,0,0,0,15,15,45,53
1126,Ti23V60Mo15W30,197.083978,15,0,0,23,60,30,0
6555,Zr23Nb15V45Mo15W30,177.148876,15,15,0,0,45,30,23
4498,Zr15Ta38Ti15Nb15V45,149.43352,0,15,38,15,45,0,15
5740,Nb15V68W45,218.058657,0,15,0,0,68,45,0
3443,Zr15Ta30Ti68Nb15,121.117,0,15,30,68,0,0,15
5586,Zr30Nb45V15Mo38,157.959358,38,45,0,0,15,0,30
8863,Zr30Ti15V38Mo30W15,154.683979,30,0,0,15,38,15,30
5912,Zr23Ta30Nb30V30W15,160.799397,0,30,30,0,30,15,23
10292,Ta45Ti15V15Mo23W30,213.287374,23,0,45,15,15,30,0
10850,Zr15Ta53Ti30Mo15W15,165.374481,15,0,53,30,0,15,15
2905,Ta30Ti38Nb15Mo15W30,186.541889,15,15,30,38,0,30,0
2139,Ta53Nb30W45,222.328247,0,30,53,0,0,45,0
2757,Ta30Nb75V23,178.482597,0,75,30,0,23,0,0
4666,Ta30Nb38V45W15,190.876787,0,38,30,0,45,15,0
1314,Zr45Ti30V23Mo15W15,124.172015,15,0,0,30,23,15,45
8067,Ti45Nb15V53W15,153.312887,0,15,0,45,53,15,0
7487,Ta30Ti15Nb15V45W23,188.235594,0,15,30,15,45,23,0
38,Ta15Nb45Mo53W15,221.555405,53,45,15,0,0,15,0
4008,Ta15Ti15V60Mo23W15,196.759318,23,0,15,15,60,15,0
6599,Zr45Ta15Ti15V15Mo38,135.158349,38,0,15,15,15,0,45
7813,Zr15Ta15Ti23Nb60W15,154.761189,0,60,15,23,0,15,15
7679,Ta45Ti30V23W30,184.804595,0,0,45,30,23,30,0
8403,Zr15Ti60Mo23W30,154.850625,23,0,0,60,0,30,15
8255,Zr30Ta23Ti45V30,118.395278,0,0,23,45,30,0,30
9387,Zr60Ta38Ti15V15,112.746454,0,0,38,15,15,0,60
4202,Ti15Nb30Mo83,214.56271,83,30,0,15,0,0,0
4454,Zr30Ta30V45Mo23,151.905509,23,0,30,0,45,0,30
10408,Ta23Nb15Mo90,234.185189,90,15,23,0,0,0,0
2333,Ta15Ti45Nb38V15W15,156.437418,0,38,15,45,15,15,0
4453,Ta30V45Mo23W30,224.044501,23,0,30,0,45,30,0
2562,Ta60Ti30Mo15W23,192.610325,15,0,60,30,0,23,0
7222,Ta23Nb30Mo60W15,231.659969,60,30,23,0,0,15,0
6935,Zr15Ti23V30Mo60,175.049089,60,0,0,23,30,0,15
8093,Ta60Nb23Mo30W15,214.635058,30,23,60,0,0,15,0
4030,Ta15Ti75Mo23W15,151.018303,23,0,15,75,0,15,0
11347,Zr15Ta15Ti15V45Mo38,168.199893,38,0,15,15,45,0,15
3649,Zr60Ta38Nb30,119.878263,0,30,38,0,0,0,60
3215,Ta68Ti15Nb15Mo15W15,197.672332,15,15,68,15,0,15,0
10053,Ta23Ti45V30Mo15W15,167.505083,15,0,23,45,30,15,0
3823,Ta45Ti15V38W30,198.35695,0,0,45,15,38,30,0
4205,Zr15Nb30Mo83,205.945828,83,30,0,0,0,0,15
9141,Zr23Ta30Ti15Nb45Mo15,149.759332,15,45,30,15,0,0,23
9373,Zr60Ti15V15Mo38,119.980427,38,0,0,15,15,0,60
2596,Zr23Ta45Nb15Mo45,180.95604,45,15,45,0,0,0,23
1777,Ta45V30Mo30W23,223.505401,30,0,45,0,30,23,0
9525,Ta38Ti15Nb30Mo30W15,200.796605,30,30,38,15,0,15,0
11378,Zr15Ti30V15Mo15W53,188.789438,15,0,0,30,15,53,15
6136,Zr45Ti15V45Mo23,123.191142,23,0,0,15,45,0,45
6767,Ta15Ti15Mo30W68,251.082182,30,0,15,15,0,68,0
1922,V83Mo45,209.097623,45,0,0,0,83,0,0
1748,Ti15Nb38V15Mo30W30,208.334521,30,38,0,15,15,30,0
5778,Ti15Nb75V15Mo23,174.453479,23,75,0,15,15,0,0
8890,Ti53Nb15W60,188.830052,0,15,0,53,0,60,0
3020,Ta60Nb38W30,208.313669,0,38,60,0,0,30,0
6109,Zr60Ta15Nb23W30,135.507129,0,23,15,0,0,30,60
11982,Ti38Nb15V15W60,199.771357,0,15,0,38,15,60,0
9717,Zr30Ti23Nb15V30Mo15W15,140.904137,15,15,0,23,30,15,30
10261,Zr45Ta15V38Mo30,135.76604,30,0,15,0,38,0,45
3676,Ta15Ti45V15Mo53,177.972021,53,0,15,45,15,0,0
1542,Nb45Mo23W60,246.949306,23,45,0,0,0,60,0
5575,Zr45Ta45Ti15W23,140.124571,0,0,45,15,0,23,45
1121,Ta23Ti60Mo15W30,170.95768,15,0,23,60,0,30,0
10602,Zr45Ta15Ti38Nb15V15,110.663236,0,15,15,38,15,0,45
490,Zr15Ti45Nb15V30W23,141.378257,0,15,0,45,30,23,15
2106,Zr15Ta60Nb23Mo15W15,186.614042,15,23,60,0,0,15,15
2334,Zr15Ta15Ti45Nb38V15,130.64402,0,38,15,45,15,0,15
3212,Zr23Ti30Nb45V15W15,139.698847,0,45,0,30,15,15,23
8058,Zr15Ti45V53Mo15,134.334399,15,0,0,45,53,0,15
3444,Ta30Nb15V68W15,193.016829,0,15,30,0,68,15,0
1384,Zr15Ta15Ti30Nb15V23W30,159.041124,0,15,15,30,23,30,15
651,Zr15Ta15Ti15V15Mo45W23,193.413439,45,0,15,15,15,23,15
4661,Zr15Ti30Mo38W45,197.182948,38,0,0,30,0,45,15
5111,Zr53Ta15Nb45V15,120.466583,0,45,15,0,15,0,53
4292,Zr30Ta15V60Mo23,149.378061,23,0,15,0,60,0,30
5323,Zr15Ta15Nb30V23Mo45,183.484663,45,30,15,0,23,0,15
7417,Zr45Ta23Mo45W15,164.486117,45,0,23,0,0,15,45
10295,Zr30Ta45V15Mo23W15,169.847219,23,0,45,0,15,15,30
8864,Ta15Ti38Nb30V15W30,173.238228,0,30,15,38,15,30,0
5516,Zr15Ta53Mo60,201.905332,60,0,53,0,0,0,15
7474,Zr23Ta15Ti45Nb30Mo15,130.198056,15,30,15,45,0,0,23
11723,Zr15Ta15Ti15V15Mo38W30,196.670171,38,0,15,15,15,30,15
3285,Zr38Ta60Ti30,123.136827,0,0,60,30,0,0,38
10692,Zr30Ta15Mo38W45,202.997337,38,0,15,0,0,45,30
6304,Zr30Ta15Nb60Mo23,154.718119,23,60,15,0,0,0,30
256,Ta38Nb15V45W30,206.156236,0,15,38,0,45,30,0
7625,Ta30V98,184.708994,0,0,30,0,98,0,0
2357,Zr15Ta45Nb23V30W15,173.500411,0,23,45,0,30,15,15
11949,Ta53V30W45,224.490635,0,0,53,0,30,45,0
9942,Zr30V38Mo45W15,174.964955,45,0,0,0,38,15,30
400,Zr38Ti15Nb60Mo15,130.454929,15,60,0,15,0,0,38
6552,Ti45Nb15V30Mo15W23,170.612467,15,15,0,45,30,23,0
9728,Zr15Ta68Mo45,193.959745,45,0,68,0,0,0,15
5724,Ta68V45Mo15,195.744199,15,0,68,0,45,0,0
5581,Zr30Ta15Nb45Mo38,161.454712,38,45,15,0,0,0,30
5340,Ta23Ti15Nb30V30Mo15W15,187.674123,15,30,23,15,30,15,0
2165,Zr30Ti15Nb15Mo45W23,173.745472,45,15,0,15,0,23,30
1783,Zr23V45Mo30W30,187.999055,30,0,0,0,45,30,23
7646,Zr30Ti15Nb23V15Mo15W30,158.59075,15,23,0,15,15,30,30
11572,Ta38Nb45V15Mo15W15,201.257858,15,45,38,0,15,15,0
7,Ta15Ti30Nb15V15Mo53,188.154747,53,15,15,30,15,0,0
2501,Zr15Ta60V23Mo15W15,186.006033,15,0,60,0,23,15,15
8807,Zr75Ti30Nb23,96.137841,0,23,0,30,0,0,75
463,Zr45Ti30Nb30V23,108.684136,0,30,0,30,23,0,45
11740,Zr60Ta15Mo15W38,148.226719,15,0,15,0,0,38,60
5172,Zr30Ti15Nb30Mo38W15,162.820319,38,30,0,15,0,15,30
1313,Zr45Ta30V23Mo15W15,144.093726,15,0,30,0,23,15,45
10437,Zr23Ta90V15,160.702555,0,0,90,0,15,0,23
4695,Zr23Ti15V75Mo15,140.618643,15,0,0,15,75,0,23
11181,Ta15Ti53Nb45W15,152.242276,0,45,15,53,0,15,0
64,Zr15Ti45Nb53W15,138.590301,0,53,0,45,0,15,15
7073,Ta23Ti15Nb30Mo30W30,211.949529,30,30,23,15,0,30,0
6794,Zr15Ta60Nb30Mo23,179.54793,23,30,60,0,0,0,15
11511,Zr30Ta15Ti30V38W15,131.897669,0,0,15,30,38,15,30
858,Zr15Ta38Ti15Nb30V30,149.034978,0,30,38,15,30,0,15
2959,Zr38Ta30V30W30,153.815954,0,0,30,0,30,30,38
3682,Ti15V45Mo53W15,214.380509,53,0,0,15,45,15,0
7480,Zr23Ti15Nb30Mo15W45,182.910366,15,30,0,15,0,45,23
7010,Zr30Ta23Ti45Nb30,119.36025,0,30,23,45,0,0,30
632,Zr30Ti15Nb15V38Mo30,139.245094,30,15,0,15,38,0,30
11116,Zr23Ta45Ti15Mo45,170.480083,45,0,45,15,0,0,23
11175,Zr15Ta15Mo45W53,235.916081,45,0,15,0,0,53,15
2750,Ti30V23Mo75,200.838382,75,0,0,30,23,0,0
5747,Zr45Ta15V68,117.903482,0,0,15,0,68,0,45
235,Ta45Nb38Mo15W30,215.590876,15,38,45,0,0,30,0
10454,Ta23Ti15V60Mo30,187.641938,30,0,23,15,60,0,0
1189,Ti60Nb23Mo45,158.499411,45,23,0,60,0,0,0
3615,Zr30Ta38Ti30Mo15W15,146.797867,15,0,38,30,0,15,30
5186,Zr15Ta30Ti15Nb30V23Mo15,157.004236,15,30,30,15,23,0,15
8236,Zr30Ta45Ti30Mo23,141.462831,23,0,45,30,0,0,30
4054,Ta45Ti23Nb45Mo15,174.819239,15,45,45,23,0,0,0
4266,Zr15Nb30V45Mo23W15,179.731685,23,30,0,0,45,15,15
1142,Zr30Ta15Ti23W60,172.802969,0,0,15,23,0,60,30
9579,Zr23Ti15V30W60,184.030309,0,0,0,15,30,60,23
1526,Zr45Ta30Ti38Nb15,113.465656,0,15,30,38,0,0,45
4430,Ta53Ti15V60,172.987429,0,0,53,15,60,0,0
6367,Zr15Ta15Ti53V45,124.281854,0,0,15,53,45,0,15
6956,Zr15Ta53Nb30Mo30,183.18958,30,30,53,0,0,0,15
1370,Zr68Ta15Ti45,96.434314,0,0,15,45,0,0,68
9921,Zr45V83,117.252655,0,0,0,0,83,0,45
1714,Zr23Ta15V15Mo75,194.8582,75,0,15,0,15,0,23
6393,Ta30Nb30V45Mo23,193.021063,23,30,30,0,45,0,0
10202,Zr15Ti23Nb30V30Mo15W15,157.189892,15,30,0,23,30,15,15
90,Zr23Ti15Nb30V30W30,155.977855,0,30,0,15,30,30,23
5971,Ti23Nb90W15,168.859788,0,90,0,23,0,15,0
11586,Zr15Ta45Ti38Nb15W15,149.02217,0,15,45,38,0,15,15
6703,Ta15Nb53V30Mo15W15,197.659943,15,53,15,0,30,15,0
11915,Zr30Nb15V68W15,144.82742,0,15,0,0,68,15,30
6155,Ta23Nb15V60Mo30,197.792878,30,15,23,0,60,0,0
3427,Zr15Ti68Nb30Mo15,122.583145,15,30,0,68,0,0,15
5529,Zr15Ti53Nb60,124.573705,0,60,0,53,0,0,15
10030,Nb98V15W15,183.484394,0,98,0,0,15,15,0
3271,Zr38V30Mo60,161.466898,60,0,0,0,30,0,38
4602,Zr30Nb15V60W23,149.335466,0,15,0,0,60,23,30
10666,Ta15Ti45V15Mo23W30,185.665324,23,0,15,45,15,30,0
6969,Ti30V53Mo30W15,186.967419,30,0,0,30,53,15,0
8209,Ti23Nb60W45,195.373797,0,60,0,23,0,45,0
7087,Ta30Ti23Nb30V15W30,187.320326,0,30,30,23,15,30,0
6531,Zr45Ta15V15Mo15W38,160.210874,15,0,15,0,15,38,45
7428,Ti23Nb45V15W45,195.772208,0,45,0,23,15,45,0
3043,Zr30Nb45Mo53,169.183263,53,45,0,0,0,0,30
8699,Zr30Ti38Nb15V15Mo15W15,134.842289,15,15,0,38,15,15,30
2191,Zr30Ta15V23Mo45W15,177.65591,45,0,15,0,23,15,30
4868,Zr15Ta15Ti60Mo38,141.471199,38,0,15,60,0,0,15
2733,Zr53Ti15V30W30,126.517654,0,0,0,15,30,30,53
7241,Ta30Ti23Nb60W15,176.002572,0,60,30,23,0,15,0
867,Zr60Ta30Nb23Mo15,125.104712,15,23,30,0,0,0,60
11324,Nb60W68,236.239758,0,60,0,0,0,68,0
8460,Zr15V45Mo45W23,203.08497,45,0,0,0,45,23,15
1519,Zr45Ta30Mo15W38,167.311877,15,0,30,0,0,38,45
9546,Ta60Nb30V23Mo15,193.409769,15,30,60,0,23,0,0
8652,Ti15Nb23V30Mo30W30,209.095335,30,23,0,15,30,30,0
9780,Zr60Ta30Nb15W23,133.462281,0,15,30,0,0,23,60
9310,Ti45Mo45W38,205.544361,45,0,0,45,0,38,0
8838,Zr60Nb68,114.091204,0,68,0,0,0,0,60
893,Zr60Nb15V23W30,129.335803,0,15,0,0,23,30,60
7884,Zr15Ta15Ti15V23Mo60,182.650126,60,0,15,15,23,0,15
6536,Zr45Ta15Nb15V15W38,151.128711,0,15,15,0,15,38,45
11129,Zr23Ta45Nb45W15,166.943193,0,45,45,0,0,15,23
2368,Nb15V30Mo60W23,237.458031,60,15,0,0,30,23,0
2992,Ta15Ti30V53Mo15W15,178.229807,15,0,15,30,53,15,0
10659,Ta45Nb15V15Mo23W30,223.905977,23,15,45,0,15,30,0
269,Ta23Nb45V30Mo30,195.84346,30,45,23,0,30,0,0
8494,Zr83Nb15Mo15W15,112.279149,15,15,0,0,0,15,83
4259,Zr15Ta45Ti15Nb30Mo23,167.043174,23,30,45,15,0,0,15
3418,Zr30Ta15Ti15Nb23V15W30,152.128019,0,23,15,15,15,30,30
6358,Zr15Ta53Ti45Nb15,134.928012,0,15,53,45,0,0,15
4857,Ta60Nb15V15Mo38,206.510728,38,15,60,0,15,0,0
1941,Ta45Ti15Nb15Mo30W23,209.937946,30,15,45,15,0,23,0
9122,Ti30Nb15V45Mo23W15,179.60081,23,15,0,30,45,15,0
3088,Zr45Ti15Nb23V30Mo15,120.035284,15,23,0,15,30,0,45
10833,Zr53Ta45W30,145.594247,0,0,45,0,0,30,53
3840,Ta45Nb30V15Mo15W23,209.357753,15,30,45,0,15,23,0
9774,Zr60V30Mo15W23,130.776513,15,0,0,0,30,23,60
8004,Zr15Ti15Nb30V38W30,166.498519,0,30,0,15,38,30,15
5985,Zr15V90W23,174.260507,0,0,0,0,90,23,15
2966,Zr23Ta15Nb15Mo15W60,211.352666,15,15,15,0,0,60,23
7870,Zr83Ti30V15,93.455442,0,0,0,30,15,0,83
11589,Zr15Ta15Ti45V38W15,138.350502,0,0,15,45,38,15,15
11574,Zr15Ta38Nb45Mo15W15,182.870151,15,45,38,0,0,15,15
1371,Ta15V45W68,240.941944,0,0,15,0,45,68,0
3277,Ti30Nb60V38,150.950308,0,60,0,30,38,0,0
8466,Zr15Ta45Nb45W23,182.492945,0,45,45,0,0,23,15
7876,Ta15Nb15V23Mo60W15,231.299976,60,15,15,0,23,15,0
11913,Zr30Ti68Nb15V15,106.886388,0,15,0,68,15,0,30
9540,Zr15Ta30Ti38Nb30V15,136.282592,0,30,30,38,15,0,15
439,Zr45Ta23Nb30Mo30,142.447621,30,30,23,0,0,0,45
1143,Zr30Ta15V23W60,188.311815,0,0,15,0,23,60,30
9927,Ti15Nb38V30Mo45,191.550798,45,38,0,15,30,0,0
10660,Zr30Ta45Nb15V15Mo23,155.647753,23,15,45,0,15,0,30
9316,Ta45Nb45V38,182.463076,0,45,45,0,38,0,0
2197,Zr30Ti15Nb45V23W15,139.503055,0,45,0,15,23,15,30
1376,Zr68Ti15W45,125.013208,0,0,0,15,0,45,68
3879,Ta45Ti15Nb15W53,219.11072,0,15,45,15,0,53,0
10036,Ta98V15W15,206.063206,0,0,98,0,15,15,0
4409,Zr60Nb15Mo53,137.956893,53,15,0,0,0,0,60
9772,Zr60Ti30V23Mo15,107.145515,15,0,0,30,23,0,60
4436,Ti53V15W60,189.657494,0,0,0,53,15,60,0
3421,Ta68Ti15Nb30Mo15,184.998871,15,30,68,15,0,0,0
10452,Zr60Nb23V15Mo30,126.944288,30,23,0,0,15,0,60
6153,Zr45Ti23V15W45,141.112043,0,0,0,23,15,45,45
1349,Ta45V68Mo15,192.909205,15,0,45,0,68,0,0
3614,Zr30Ta38Ti30V15Mo15,135.179026,15,0,38,30,15,0,30
8492,Nb15V15Mo15W83,271.427634,15,15,0,0,15,83,0
3248,Zr15Ta23Ti15V30Mo45,174.550145,45,0,23,15,30,0,15
8654,Zr30Ti15Nb23Mo30W30,169.642569,30,23,0,15,0,30,30
11580,Zr15Ta45Ti38V15Mo15,145.286299,15,0,45,38,15,0,15
96,Zr15Ta23Nb15V30Mo45,186.206401,45,15,23,0,30,0,15
10009,Ti15Nb15Mo98,227.682653,98,15,0,15,0,0,0
1712,Zr23Ta15Ti15Mo75,184.211664,75,0,15,15,0,0,23
6361,Zr15Ta53Nb15W45,203.10688,0,15,53,0,0,45,15
6508,Zr15Ta53Nb30W30,189.772043,0,30,53,0,0,30,15
7882,Zr15Nb15V15Mo60W23,212.51181,60,15,0,0,15,23,15
2960,Zr38Ti30V30W30,131.553012,0,0,0,30,30,30,38
7086,Zr30Ti30V23Mo30W15,147.026792,30,0,0,30,23,15,30
1947,Zr23Ti45Nb15V15Mo30,134.1063,30,15,0,45,15,0,23
2538,Zr15Ta53V60,160.993759,0,0,53,0,60,0,15
10835,Zr53Ti45V30,101.497205,0,0,0,45,30,0,53
6950,Zr15Ta60Ti23W30,174.218062,0,0,60,23,0,30,15
5180,Zr30Ta30Ti15Nb38V15,132.585195,0,38,30,15,15,0,30
1144,Zr30Ti15V23W60,175.778236,0,0,0,15,23,60,30
10031,Zr15Nb98V15,151.471774,0,98,0,0,15,0,15
91,Zr23Ta30Ti15V30W30,161.344317,0,0,30,15,30,30,23
7081,Zr30Nb30V23Mo30W15,165.324743,30,30,0,0,23,15,30
2994,Zr15Ta15Ti30Mo15W53,192.524844,15,0,15,30,0,53,15
10204,Zr15Ta30Ti23Nb15V30W15,153.966448,0,15,30,23,30,15,15
10499,Ti23Nb15W90,239.970785,0,15,0,23,0,90,0
3846,Zr23Nb30V45Mo15W15,163.125132,15,30,0,0,45,15,23
3613,Ta38Ti30V15Mo15W30,194.798371,15,0,38,30,15,30,0
4099,Ta30Ti15V38Mo15W30,205.916039,15,0,30,15,38,30,0
6366,Ta15Ti53V45W15,151.12633,0,0,15,53,45,15,0
3045,Ta45V30Mo53,215.606437,53,0,45,0,30,0,0
9124,Zr15Ti30Nb15Mo23W45,187.17957,23,15,0,30,0,45,15
4260,Ta45Nb30V15Mo23W15,207.70447,23,30,45,0,15,15,0
4604,Zr30Ta15Ti60V23,111.914349,0,0,15,60,23,0,30
4052,Zr15Ta23V15W75,227.989858,0,0,23,0,15,75,15
5379,Zr30Ta53Nb15V15Mo15,154.636246,15,15,53,0,15,0,30
10203,Zr15Ta30Ti23V30Mo15W15,162.949624,15,0,30,23,30,15,15
11779,Ti53Nb45V30,136.763398,0,45,0,53,30,0,0
6537,Zr45Ti15Nb15V15W38,139.934102,0,15,0,15,15,38,45
3426,Ti68Nb30Mo15W15,147.653183,15,30,0,68,0,15,0
8230,Zr30Ti30Nb45Mo23,134.380038,23,45,0,30,0,0,30
4431,Ta53Ti15W60,227.416918,0,0,53,15,0,60,0
1520,Ti30V38Mo15W45,203.787707,15,0,0,30,38,45,0
6705,Zr15Ta15Nb53Mo15W30,192.27824,15,53,15,0,0,30,15
6198,Zr15Nb38Mo15W60,219.171522,15,38,0,0,0,60,15
4851,Zr15Ta30Nb30V15W38,190.8227,0,30,30,0,15,38,15
5977,Ta90Ti23W15,186.579516,0,0,90,23,0,15,0
6968,Zr15Ta30Mo30W53,229.258229,30,0,30,0,0,53,15
9329,Zr38Ta45V45,133.804503,0,0,45,0,45,0,38
861,Zr15Ti38Nb30V15W30,152.437261,0,30,0,38,15,30,15
5983,Zr15Ti90V23,107.916399,0,0,0,90,23,0,15
9918,Ti83W45,154.903273,0,0,0,83,0,45,0
895,Zr60Ta15Ti23V30,104.927002,0,0,15,23,30,0,60
1978,Zr15Ta15Ti38Nb15W45,168.426425,0,15,15,38,0,45,15
9786,Zr60Ta15Ti30V23,104.936517,0,0,15,30,23,0,60
5346,Zr15Ta30Ti23Nb15V15W30,167.696811,0,15,30,23,15,30,15
11325,Zr68Nb60,108.700583,0,60,0,0,0,0,68
401,Nb60V15Mo15W38,216.759517,15,60,0,0,15,38,0
2732,Zr53Ta15V30W30,135.797098,0,0,15,0,30,30,53
4055,Ta45Nb45V23Mo15,190.579251,15,45,45,0,23,0,0
859,Zr15Ta38Ti15Nb30W30,175.131499,0,30,38,15,0,30,15
3284,Ta60Ti30W38,196.806393,0,0,60,30,0,38,0
6154,Ta23Ti60Nb15Mo30,154.064915,30,15,23,60,0,0,0
7416,Zr45Ta23V15Mo45,149.245005,45,0,23,0,15,0,45
5341,Zr15Ta23Ti15Nb30V30Mo15,154.729651,15,30,23,15,30,0,15
8208,Ti23Nb60V45,155.985141,0,60,0,23,45,0,0
633,Zr30Ti15Nb15Mo30W38,176.768237,30,15,0,15,0,38,30
7278,Zr23Ta15Ti15Nb30Mo15W30,171.769613,15,30,15,15,0,30,23
8002,Zr15Ta15Ti38Nb30W30,154.954911,0,30,15,38,0,30,15
1188,Ta60Nb23Mo45,210.963565,45,23,60,0,0,0,0
2369,Zr23Nb15V30Mo60,180.909245,60,15,0,0,30,0,23
9311,Zr38Ti45Mo45,130.688201,45,0,0,45,0,0,38
7624,Ta30Ti98,121.705434,0,0,30,98,0,0,0
5187,Zr15Ta30Ti15Nb30Mo15W23,177.520885,15,30,30,15,0,23,15
7240,Ta30Ti23Nb60V15,162.973404,0,60,30,23,15,0,0
1527,Ta30Nb15V38W45,220.610285,0,15,30,0,38,45,0
3419,Zr15Ta23Ti15Nb30V15Mo15W15,168.007693,15,30,23,15,15,15,15
5173,Zr30Nb30V15Mo38W15,171.736842,38,30,0,0,15,15,30
10693,Ti15V45Mo38W30,218.865194,38,0,0,15,45,30,0
4869,Ta15V60Mo38W15,218.427138,38,0,15,0,60,15,0
8839,Ta68Ti60,144.160964,0,0,68,60,0,0,0
2164,Zr30Ti15Nb15V23Mo45,152.784337,45,15,0,15,23,0,30
4603,Ta15Ti60V23W30,158.979408,0,0,15,60,23,30,0
8698,Zr30Ta38Nb15V15Mo15W15,162.884996,15,15,38,0,15,15,30
8653,Zr30Ti15Nb23V30Mo30,141.779892,30,23,0,15,30,0,30
11573,Zr15Ta38Nb45V15Mo15,170.168027,15,45,38,0,15,0,15
9547,Ta60Nb30Mo15W23,211.802391,15,30,60,0,0,23,0
2958,Zr38Ta30Ti30W30,140.182362,0,0,30,30,0,30,38
4267,Ta30Ti45V15Mo23W15,173.362494,23,0,30,45,15,15,0
3270,V30Mo60W38,254.603951,60,0,0,0,30,38,0
9123,Zr15Ti30Nb15V45Mo23,146.696393,23,15,0,30,45,0,15
6702,Zr15Ta15Ti30Nb53Mo15,146.133358,15,53,15,30,0,0,15
2356,Zr15Ta45Ti30Nb23W15,155.2055,0,23,45,30,0,15,15
9578,Zr23Ta15V30W60,197.876388,0,0,15,0,30,60,23
10667,Zr30Ta15Ti45V15Mo23,126.289462,23,0,15,45,15,0,30
892,Zr60Ti23Nb15W30,119.327736,0,15,0,23,0,30,60
866,Ta30Nb23Mo15W60,244.169869,15,23,30,0,0,60,0
3042,Nb45Mo53W30,237.546399,53,45,0,0,0,30,0
8005,Zr15Ta30Ti15V38W30,172.498577,0,0,30,15,38,30,15
5517,Ti53V15Mo60,174.134387,60,0,0,53,15,0,0
9781,Ti30Nb15V23W60,205.899417,0,15,0,30,23,60,0
11587,Zr15Ta45Nb15V38W15,172.912317,0,15,45,0,38,15,15
11741,Ti15V38Mo15W60,230.604977,15,0,0,15,38,60,0
6392,Ta30Ti45Nb30Mo23,160.616302,23,30,30,45,0,0,0
11128,Zr23Ta45Nb45V15,153.062157,0,45,45,0,15,0,23
7885,Zr15Ta15Ti15Mo60W23,205.457316,60,0,15,15,0,23,15
7871,Zr83Ti30W15,98.487185,0,0,0,30,0,15,83
4293,Zr30Ta15Mo23W60,207.700464,23,0,15,0,0,60,30
1715,Zr23Ta15Mo75W15,209.237279,75,0,15,0,0,15,23
6530,Zr45Ta15Ti15Mo15W38,151.515239,15,0,15,15,0,38,45
9920,V83W45,221.418098,0,0,0,0,83,45,0
10832,Zr53Ta45V30,124.814543,0,0,45,0,30,0,53
10455,Ta23Ti15Mo30W60,240.765814,30,0,23,15,0,60,0
65,Zr15Nb53V45W15,163.881381,0,53,0,0,45,15,15
11914,Zr30Ti68Nb15W15,114.112041,0,15,0,68,0,15,30
2190,Zr30Ta15Ti23Mo45W15,164.057996,45,0,15,23,0,15,30
9183,Ta30Nb30V38W30,203.508059,0,30,30,0,38,30,0
1385,Ta53Ti30Nb15V15Mo15,169.747148,15,15,53,30,15,0,0
9775,Ta30Ti23Nb15V60,162.331222,0,15,30,23,60,0,0
9974,Ti53V15Mo15W45,185.361447,15,0,0,53,15,45,0
1940,Ta45Ti15Nb15V23Mo30,189.087439,30,15,45,15,23,0,0
11940,Ti30Nb53V45,151.696949,0,53,0,30,45,0,0
8495,Ta15Ti15V83Mo15,178.115446,15,0,15,15,83,0,0
8435,Ta23Ti30Nb45V15W15,168.040458,0,45,23,30,15,15,0
257,Zr30Ta38Nb15V45,142.34198,0,15,38,0,45,0,30
5725,Ta68Mo15W45,238.629073,15,0,68,0,0,45,0
8806,Ti30Nb23W75,220.854174,0,23,0,30,0,75,0
4258,Ta45Ti15Nb30Mo23W15,197.764226,23,30,45,15,0,15,0
6957,Ti53Nb30V15Mo30,153.713636,30,30,0,53,15,0,0
2993,Zr15Ta15Ti30V53Mo15,144.357594,15,0,15,30,53,0,15
5588,Ta45Ti15V30Mo38,194.541957,38,0,45,15,30,0,0
8237,Ta45V30Mo23W30,225.593112,23,0,45,0,30,30,0
3841,Zr23Ta45Nb30V15Mo15,160.539786,15,30,45,0,15,0,23
268,Ta23Ti30Nb45Mo30,175.129571,30,45,23,30,0,0,0
1518,Zr45Ta30V38Mo15,132.178749,15,0,30,0,38,0,45
4856,Ta60Ti15Nb15Mo38,197.354598,38,15,60,15,0,0,0
10658,Zr30Ta45Ti15Nb15Mo23,148.719882,23,15,45,15,0,0,30
3029,Ta38Ti60W30,162.41995,0,0,38,60,0,30,0
5984,Zr15Ti90W23,121.35134,0,0,0,90,0,23,15
7072,Ta23Ti15Nb30V30Mo30,185.124359,30,30,23,15,30,0,0
8607,Zr45Ta38Ti15Nb15W15,133.299362,0,15,38,15,0,15,45
6359,Ta53Nb15V45W15,195.872723,0,15,53,0,45,15,0
11117,Ta45V15Mo45W23,233.546891,45,0,45,0,15,23,0
2500,Zr15Ta60Ti23Mo15W15,171.218124,15,0,60,23,0,15,15
5528,Ti53Nb60W15,148.626064,0,60,0,53,0,15,0
1128,Zr30Ti23Mo15W60,182.360006,15,0,0,23,0,60,30
1587,Zr15Ta30Ti38Nb15V15W15,146.060093,0,15,30,38,15,15,15
2792,Ta23Ti30Nb30V30W15,166.655696,0,30,23,30,30,15,0
6903,Ta15Ti15Nb30V15Mo30W23,204.396476,30,30,15,15,15,23,0
9513,Zr30Ta15Nb60V23,139.82291,0,60,15,0,23,0,30
1914,Ta15Ti38V30W45,189.609247,0,0,15,38,30,45,0
5924,Ta15Ti15Nb15Mo23W60,235.581734,23,15,15,15,0,60,0
11518,Zr15Ta30Ti15Nb23V30W15,160.230347,0,23,30,15,30,15,15
5118,Zr53Ta45Ti15V15,116.964567,0,0,45,15,15,0,53
6769,Ta15V15Mo30W68,270.375982,30,0,15,0,15,68,0
7489,Zr23Ta30Ti15Nb15W45,177.939434,0,15,30,15,0,45,23
2302,Zr38Ta15V15W60,177.022794,0,0,15,0,15,60,38
11188,Zr15Ti15Nb45W53,188.313795,0,45,0,15,0,53,15
3089,Zr45Ti15Nb23Mo15W30,145.398399,15,23,0,15,0,30,45
3815,Zr30Ta15Ti38Nb45,122.886687,0,45,15,38,0,0,30
8263,Zr45Ta30Nb23V15Mo15,135.863705,15,23,30,0,15,0,45
4802,Ti30Nb53V30Mo15,161.005029,15,53,0,30,30,0,0
10866,Ta15Ti15Nb23V45Mo15W15,188.325,15,23,15,15,45,15,0
832,Zr45Ta15Ti30V23Mo15,120.597725,15,0,15,30,23,0,45
8051,Ta45Ti53V15Mo15,153.389849,15,0,45,53,15,0,0
3472,Zr15Ta15Ti15Nb30V53,144.862966,0,30,15,15,53,0,15
2759,Zr23Ta30Nb75,151.599348,0,75,30,0,0,0,23
2967,Ti15Nb15V60Mo15W23,194.795672,15,15,0,15,60,23,0
4465,Zr30Ta30Nb23W45,179.546797,0,23,30,0,0,45,30
7429,Zr45Ti23Nb45V15,115.213153,0,45,0,23,15,0,45
1325,Zr45Ta15Nb30V23Mo15,131.789205,15,30,15,0,23,0,45
7825,Zr15Ti15Nb45Mo15W38,185.473116,15,45,0,15,0,38,15
5970,Ti23Nb90V15,156.031649,0,90,0,23,15,0,0
10268,Ta15Ti38Nb30W45,187.311929,0,30,15,38,0,45,0
8297,Zr30Ta23Ti15Nb15W45,168.854446,0,15,23,15,0,45,30
9345,Ta15Ti30V30Mo15W38,199.015527,15,0,15,30,30,38,0
658,Ti30Nb30Mo45W23,201.267244,45,30,0,30,0,23,0
9177,Zr30Ti30V38Mo30,134.148539,30,0,0,30,38,0,30
10257,Ta15Ti38V45Mo30,166.828955,30,0,15,38,45,0,0
10859,Ta38Ti15Nb15V15Mo30W15,201.321824,30,15,38,15,15,15,0
10892,Zr53V15Mo30W30,154.292796,30,0,0,0,15,30,53
8461,Ta45Ti23Nb45V15,165.74306,0,45,45,23,15,0,0
4668,Zr15Ta30Nb38W45,197.941436,0,38,30,0,0,45,15
7019,Zr30Ta30Ti23V45,126.900097,0,0,30,23,45,0,30
2933,Nb30V30Mo30W38,229.216168,30,30,0,0,30,38,0
8899,Zr60Ta15V53,112.829314,0,0,15,0,53,0,60
4657,Zr15Ta30V45Mo38,181.506301,38,0,30,0,45,0,15
9721,Ti15Nb68Mo45,190.781849,45,68,0,15,0,0,0
9980,Zr45Ta53Ti15Nb15,126.202785,0,15,53,15,0,0,45
11527,Ta45Ti15Nb15V23Mo15W15,192.551752,15,15,45,15,23,15,0
7684,Ta15Ti45Nb30V15Mo23,156.869069,23,30,15,45,15,0,0
3640,Ti38V60Mo30,166.375858,30,0,0,38,60,0,0
3224,Ta15Ti68V15Mo15W15,150.929997,15,0,15,68,15,15,0
2598,Ti45Nb15Mo45W23,191.007262,45,15,0,45,0,23,0
9,Zr15Ta15Ti30Nb15Mo53,167.609799,53,15,15,30,0,0,15
8432,Zr15Ta23Ti30Mo45W15,179.423025,45,0,23,30,0,15,15
9170,Ta30Ti38V30Mo30,170.201074,30,0,30,38,30,0,0
8600,Ta38Ti15V15Mo15W45,221.162377,15,0,38,15,15,45,0
8290,Ta23Ti15V45Mo15W30,204.80794,15,0,23,15,45,30,0
4491,Zr15Nb38V15Mo15W45,202.617052,15,38,0,0,15,45,15
6756,Ta15Ti68Nb15Mo30,147.02256,30,15,15,68,0,0,0
667,Zr23Ta30V30Mo45,175.676651,45,0,30,0,30,0,23
9148,Zr23Nb45V30Mo15W15,163.73869,15,45,0,0,30,15,23
6100,Ti15V30Mo23W60,235.724686,23,0,0,15,30,60,0
8638,Zr15Ti23Nb75V15,139.202403,0,75,0,23,15,0,15
1117,Nb23V60Mo15W30,213.083097,15,23,0,0,60,30,0
3486,Zr15Nb15V23Mo30W45,213.987184,30,15,0,0,23,45,15
7214,Zr15Ta15Ti30Nb15V23Mo30,153.797528,30,15,15,30,23,0,15
4233,Zr15Ti83V30,111.609207,0,0,0,83,30,0,15
5543,Ta23Ti45Nb15Mo45,174.390388,45,15,23,45,0,0,0
7670,Ta30Ti23Nb45W30,188.227345,0,45,30,23,0,30,0
10401,Ta30Ti15Nb15V23Mo30W15,199.416213,30,15,30,15,23,15,0
6138,Zr45V15Mo23W45,168.184604,23,0,0,0,15,45,45
4001,Ta15Nb15V60Mo23W15,205.592357,23,15,15,0,60,15,0
5923,Ta15Ti15Nb15V60Mo23,180.186055,23,15,15,15,60,0,0
7026,Ta45Nb15V23Mo30W15,212.613985,30,15,45,0,23,15,0
3016,Zr30V60Mo38,155.253963,38,0,0,0,60,0,30
10861,Zr15Ta38Ti15Nb15Mo30W15,182.407786,30,15,38,15,0,15,15
4039,Ta15Ti75Nb23V15,128.232807,0,23,15,75,15,0,0
11385,Ta23Ti45Nb30V15Mo15,154.973573,15,30,23,45,15,0,0
2934,Zr38Nb30V30Mo30,144.162271,30,30,0,0,30,0,38
10065,Ta15Ti15Nb15Mo45W38,230.394821,45,15,15,15,0,38,0
6564,Zr23Ta15Nb15V45W30,170.336743,0,15,15,0,45,30,23
11947,Ta53Ti30W45,201.80157,0,0,53,30,0,45,0
693,Zr15Ta15Nb23Mo60W15,208.00707,60,23,15,0,0,15,15
10633,Zr23Ti15Nb15V60W15,142.806293,0,15,0,15,60,15,23
5127,Zr45Ta30Nb15Mo23W15,154.378467,23,15,30,0,0,15,45
7822,Zr15Ta15Nb45Mo15W38,199.460688,15,45,15,0,0,38,15
2108,Zr15Ti60Nb23V15Mo15,127.305526,15,23,0,60,15,0,15
1741,Zr15Ta15Ti15Nb30V15W38,178.726275,0,30,15,15,15,38,15
7442,Ti30Nb23Mo30W45,212.530023,30,23,0,30,0,45,0
1913,Zr45Nb15V38W30,140.870678,0,15,0,0,38,30,45
835,Zr45Ti15V30Mo15W23,137.92459,15,0,0,15,30,23,45
6904,Zr23Ta15Ti15Nb30V15Mo30,151.985811,30,30,15,15,15,0,23
5785,Ta75Ti15Mo23W15,204.580677,23,0,75,15,0,15,0
5315,Zr15Ta30Ti23Nb45W15,156.590668,0,45,30,23,0,15,15
1573,Zr60V23W45,139.870963,0,0,0,0,23,45,60
7648,Zr30Ta23Ti15Nb15V15W30,154.529409,0,15,23,15,15,30,30
10895,Zr53Ta15Ti30Nb30,108.285116,0,30,15,30,0,0,53
11715,Zr30Ta30Nb23V15W30,165.981122,0,23,30,0,15,30,30
455,Zr45V30Mo30W23,152.780394,30,0,0,0,30,23,45
6590,Zr45Ta15Ti15Nb15Mo38,137.11153,38,15,15,15,0,0,45
6332,Zr30Ta23Ti60V15,112.415527,0,0,23,60,15,0,30
31,Zr30Ta15Nb15V15Mo30W23,175.291123,30,15,15,0,15,23,30
203,Ti45Nb15Mo15W53,199.10194,15,15,0,45,0,53,0
5749,Ti15V68W45,207.615358,0,0,0,15,68,45,0
2766,Ta75Ti30V23,164.527285,0,0,75,30,23,0,0
11371,Zr15Ti15Nb30V53Mo15,149.83212,15,30,0,15,53,0,15
1779,Zr23Ta45Mo30W30,197.264308,30,0,45,0,0,30,23
2553,Ta30Nb60Mo15W23,208.565964,15,60,30,0,0,23,0
7445,Zr45Nb23V30Mo30,134.378345,30,23,0,0,30,0,45
6597,Zr45Nb15V15Mo38W15,153.916141,38,15,0,0,15,15,45
4805,Nb53V30Mo15W30,209.721977,15,53,0,0,30,30,0
36,Ta15Ti15Nb45Mo53,199.87365,53,45,15,15,0,0,0
7677,Zr30Ti30Nb45W23,138.160053,0,45,0,30,0,23,30
9342,Zr38Ti30Nb15V30Mo15,118.849313,15,15,0,30,30,0,38
4496,Zr15Ti38V15Mo15W45,175.698058,15,0,0,38,15,45,15
2761,Ti30Nb75W23,171.440205,0,75,0,30,0,23,0
10091,Zr23Ta30Nb15Mo45W15,191.517331,45,15,30,0,0,15,23
7213,Ta15Ti30Nb15V23Mo30W15,186.559866,30,15,15,30,23,15,0
10439,Ti90V15W23,132.498883,0,0,0,90,15,23,0
11144,Zr15Ta30Nb23Mo15W45,207.747167,15,23,30,0,0,45,15
5776,Ta15Nb75Mo23W15,205.193037,23,75,15,0,0,15,0
11520,Ta15Ti23Nb15V45Mo15W15,181.294022,15,15,15,23,45,15,0
9184,Zr30Ta30Nb30V38,140.063099,0,30,30,0,38,0,30
11712,Ta30Ti15Nb23V30W30,193.83667,0,23,30,15,30,30,0
3481,Zr15Ta23Nb15V45Mo30,173.911526,30,15,23,0,45,0,15
3678,Zr15Ta15Ti45Mo53,159.836163,53,0,15,45,0,0,15
2554,Zr23Ta30Nb60Mo15,159.97788,15,60,30,0,0,0,23
5312,Zr15Ti30V23Mo45W15,173.138411,45,0,0,30,23,15,15
9389,Zr60Ta38V15W15,124.663795,0,0,38,0,15,15,60
11143,Zr15Ta30Nb23V45Mo15,166.968711,15,23,30,0,45,0,15
7021,Zr30Ta30V23W45,176.60659,0,0,30,0,23,45,30
9514,Zr30Ta15Nb60W23,160.198113,0,60,15,0,0,23,30
9987,Zr45Nb15V53W15,128.156944,0,15,0,0,53,15,45
8056,Zr15Ta45Mo15W53,220.614542,15,0,45,0,0,53,15
5771,V15W113,288.757493,0,0,0,0,15,113,0
8264,Zr45Ta30Nb23Mo15W15,148.0533,15,23,30,0,0,15,45
499,Nb30V15Mo23W60,247.263537,23,30,0,0,15,60,0
8855,Ti38Nb15V15Mo30W30,191.271018,30,15,0,38,15,30,0
204,Zr53Ti45Nb15Mo15,106.833124,15,15,0,45,0,0,53
11978,Zr60Ta38Ti15Nb15,113.660227,0,15,38,15,0,0,60
8852,Ta38Nb15V15Mo30W30,228.188864,30,15,38,0,15,30,0
9726,Ta68V15Mo45,213.736169,45,0,68,0,15,0,0
660,Nb30V30Mo45W23,224.62162,45,30,0,0,30,23,0
2137,Ta53Ti45Nb30,151.820134,0,30,53,45,0,0,0
11376,Zr15Ta30Ti15Mo15W53,206.413985,15,0,30,15,0,53,15
8069,Zr15Ti45Nb15W53,168.975353,0,15,0,45,0,53,15
10096,Ta15Ti30V15Mo45W23,205.042814,45,0,15,30,15,23,0
11349,Zr15Ta15V15Mo38W45,223.259552,38,0,15,0,15,45,15
3812,Zr30V15Mo45W38,196.528761,45,0,0,0,15,38,30
5544,Ta23Nb15V45Mo45,206.929146,45,15,23,0,45,0,0
2130,Zr45Ta53Mo30,150.140753,30,0,53,0,0,0,45
5666,Zr15Ta38Ti30V15Mo30,158.481185,30,0,38,30,15,0,15
11054,Ta15Ti15Nb83V15,165.238896,0,83,15,15,15,0,0
3757,Zr30Ti15V15W68,183.531946,0,0,0,15,15,68,30
4572,Zr38V15W75,191.102082,0,0,0,0,15,75,38
2671,Zr15Nb23V75Mo15,160.553749,15,23,0,0,75,0,15
10340,Zr15Ta15Ti45Nb15Mo23W15,153.477975,23,15,15,45,0,15,15
10516,Ti15Nb75Mo38,185.972269,38,75,0,15,0,0,0
11292,V98Mo15W15,203.831359,15,0,0,0,98,15,0
4740,Ta15V23Mo15W75,265.077001,15,0,15,0,23,75,0
5692,Ti15V45Mo30W38,220.847035,30,0,0,15,45,38,0
11868,Ta15Nb15V30Mo38W30,230.797586,38,15,15,0,30,30,0
6017,Zr30Ta53Ti30V15,130.993421,0,0,53,30,15,0,30
9863,Nb60Mo23W45,228.003166,23,60,0,0,0,45,0
4324,Zr30Ta15Nb30V23Mo15W15,159.049266,15,30,15,0,23,15,30
3591,Zr30Ta23Ti30Nb30V15,125.072898,0,30,23,30,15,0,30
10186,Zr15Ta45Ti15Nb23V30,150.870779,0,23,45,15,30,0,15
2215,Ti15V30Mo38W45,231.770093,38,0,0,15,30,45,0
1232,Zr15Nb30V15Mo38W30,204.836909,38,30,0,0,15,30,15
10172,Zr15Ta15Ti30Nb45Mo23,150.483437,23,45,15,30,0,0,15
6679,Ta30Ti15Nb68W15,182.162939,0,68,30,15,0,15,0
11266,Zr15Ta15Ti38Nb15V30Mo15,141.340369,15,15,15,38,30,0,15
4586,Ta60V23Mo15W30,221.833468,15,0,60,0,23,30,0
11098,Zr45Nb15V45W23,133.787774,0,15,0,0,45,23,45
7599,Zr23Ta30Ti45Nb30,127.216501,0,30,30,45,0,0,23
542,Zr15Ta23Mo45W45,229.692129,45,0,23,0,0,45,15
314,Mo75W53,277.675854,75,0,0,0,0,53,0
3101,Zr45Ta15Ti23V15W30,132.892759,0,0,15,23,15,30,45
10378,Zr15Ta30V38W45,197.978842,0,0,30,0,38,45,15
6487,Ti30Nb53V15Mo30,169.598371,30,53,0,30,15,0,0
1656,Zr15Ta15Ti45V15Mo23W15,153.036143,23,0,15,45,15,15,15
9631,Zr53Nb30Mo30W15,142.847984,30,30,0,0,0,15,53
7767,Zr53Ta15Ti15V30W15,120.467251,0,0,15,15,30,15,53
8945,Zr15Ti30Nb15V45W23,151.405407,0,15,0,30,45,23,15
7131,Ta15Nb30V23Mo30W30,223.471924,30,30,15,0,23,30,0
11602,Ta30Ti30V15Mo53,191.008308,53,0,30,30,15,0,0
4116,Ti30Nb15V30Mo38W15,189.726609,38,15,0,30,30,15,0
4912,Ta15Ti15Nb38V15Mo30W15,196.961993,30,38,15,15,15,15,0
1000,Ta30Ti38V30W30,176.079724,0,0,30,38,30,30,0
8179,Zr30Ta15Ti15V45Mo23,142.003431,23,0,15,15,45,0,30
922,Ti30Mo98,216.384927,98,0,0,30,0,0,0
2685,Zr15Ta23Ti75Nb15,117.707199,0,15,23,75,0,0,15
9897,Zr15Ta15Ti15Nb30Mo38W15,182.43656,38,30,15,15,0,15,15
3565,Zr23Ta60Nb30W15,169.763433,0,30,60,0,0,15,23
2027,Zr83Nb15W30,114.81545,0,15,0,0,0,30,83
2443,Ta45Ti38Mo30W15,186.309845,30,0,45,38,0,15,0
6225,Ta68Nb15V15Mo30,203.047112,30,15,68,0,15,0,0
7303,Zr30Ta30Ti15Nb15V15W23,152.061826,0,15,30,15,15,23,30
6473,Ta23Ti90V15,122.247877,0,0,23,90,15,0,0
126,Zr45Ta15V15Mo23W30,159.29342,23,0,15,0,15,30,45
9299,Zr15Ta15Ti30V30W38,167.073096,0,0,15,30,30,38,15
3905,Zr15Ta38Nb15Mo45W15,202.604915,45,15,38,0,0,15,15
784,Zr15Ti23Nb30V45W15,148.17517,0,30,0,23,45,15,15
5454,Ta38Nb45Mo15W30,214.835647,15,45,38,0,0,30,0
9609,Zr30Ti30Nb15Mo30W23,154.962003,30,15,0,30,0,23,30
2649,Ta15Ti15Nb68W30,191.29336,0,68,15,15,0,30,0
10181,Zr15Ta45Ti15V30Mo23,163.733733,23,0,45,15,30,0,15
11430,Zr15Ta15Ti15Nb45W38,178.639787,0,45,15,15,0,38,15
2444,Zr15Ta45Ti38Mo30,155.455999,30,0,45,38,0,0,15
8717,Ta45Ti23Nb15V30W15,177.791214,0,15,45,23,30,15,0
8373,Zr15Nb15V15Mo15W68,226.604416,15,15,0,0,15,68,15
6813,Zr15Ta30Ti60Nb23,125.660795,0,23,30,60,0,0,15
10982,Zr15Ti30V83,132.552227,0,0,0,30,83,0,15
8387,Ta30Nb60Mo23W15,206.950158,23,60,30,0,0,15,0
5008,Zr38Ta15Ti15Mo60,158.072296,60,0,15,15,0,0,38
7555,Zr60Ta15Ti15V15W23,118.614581,0,0,15,15,15,23,60
8989,Zr30Ti45V15Mo15W23,136.596454,15,0,0,45,15,23,30
2823,Zr30Ti15Nb15V23Mo30W15,154.438327,30,15,0,15,23,15,30
8525,Zr23Ta30Ti30V15Mo15W15,151.534059,15,0,30,30,15,15,23
9067,Ta75V38W15,201.320351,0,0,75,0,38,15,0
5030,Zr38Ti60V15W15,111.537187,0,0,0,60,15,15,38
9093,Zr68V30Mo15W15,117.811249,15,0,0,0,30,15,68
1235,Zr15Ta30Ti15Mo38W30,199.658481,38,0,30,15,0,30,15
3139,Ta23Nb60Mo30W15,211.196434,30,60,23,0,0,15,0
9403,V15Mo60W53,270.595386,60,0,0,0,15,53,0
8141,Ta30Ti30Nb23V15W30,182.909686,0,23,30,30,15,30,0
10347,Ta45Nb38Mo30W15,212.426469,30,38,45,0,0,15,0
11408,Zr15Ta15Ti15Nb53Mo15W15,168.694687,15,53,15,15,0,15,15
5834,Zr15Ti75V23Mo15,116.941271,15,0,0,75,23,0,15
1038,Zr15Ta38V60W15,170.642922,0,0,38,0,60,15,15
5202,Ti68V30Mo30,145.295909,30,0,0,68,30,0,0
8942,Zr15Ta30Ti45Nb15V23,132.797371,0,15,30,45,23,0,15
7935,Zr30Ti30Nb15Mo53,147.804014,53,15,0,30,0,0,30
4581,Zr30Nb60V23Mo15,143.998432,15,60,0,0,23,0,30
7109,Ti15V23Mo75W15,227.987399,75,0,0,15,23,15,0
11053,Zr15V15Mo83W15,222.386383,83,0,0,0,15,15,15
1007,Ta15Nb60Mo38W15,214.814806,38,60,15,0,0,15,0
11295,Ta98Ti15Nb15,181.486264,0,15,98,15,0,0,0
5453,Ta38Nb45V30Mo15,188.977058,15,45,38,0,30,0,0
9890,Zr45Ta23W60,174.444844,0,0,23,0,0,60,45
10175,Zr15Ta15Nb45Mo23W30,197.40106,23,45,15,0,0,30,15
3596,Ta15Ti30Nb15V30Mo23W15,182.163505,23,15,15,30,30,15,0
11850,Ti30Nb30V30Mo15W23,181.428715,15,30,0,30,30,23,0
11437,Zr15Ta60Ti15Nb15Mo23,169.091343,23,15,60,15,0,0,15
2676,Ta23V75Mo15W15,203.528624,15,0,23,0,75,15,0
5661,Ti30Nb38V15Mo30W15,183.677556,30,38,0,30,15,15,0
748,Zr38Ta60Nb30,142.701188,0,30,60,0,0,0,38
1497,Zr45Ti15V23Mo30W15,141.157111,30,0,0,15,23,15,45
4575,Ta23Nb60Mo15W30,212.878515,15,60,23,0,0,30,0
3750,Zr30Ti15Nb15V68,124.257995,0,15,0,15,68,0,30
770,Zr15Ta45Nb23Mo30W15,194.524515,30,23,45,0,0,15,15
1490,Zr45Ti23Nb15V15Mo30,128.01001,30,15,0,23,15,0,45
9255,Zr75Ti30V23,95.390542,0,0,0,30,23,0,75
1723,Ta15Nb75V15W23,194.751604,0,75,15,0,15,23,0
6010,Zr30Ta30Nb53V15,143.32927,0,53,30,0,15,0,30
6506,Ta53Nb30V30W15,195.451655,0,30,53,0,30,15,0
6480,Zr15Ti23V90,138.984491,0,0,0,23,90,0,15
777,Zr15Ta23Ti45Mo30W15,159.193313,30,0,23,45,0,15,15
121,Zr45Ti15Nb15Mo23W30,150.685649,23,15,0,15,0,30,45
2394,Zr23Ta60V15W30,178.543529,0,0,60,0,15,30,23
3562,Zr23Ta60Ti15Nb30,147.88078,0,30,60,15,0,0,23
2020,Ta30Nb15W83,256.924229,0,15,30,0,0,83,0
10723,Zr38Ti15Mo75,163.49383,75,0,0,15,0,0,38
3334,Ta60V53Mo15,194.784218,15,0,60,0,53,0,0
6646,Zr30Ta23Ti15Nb15Mo15W30,164.417134,15,15,23,15,0,30,30
3106,Ti15Nb23V75Mo15,174.016501,15,23,0,15,75,0,0
8728,Zr15Ta15Ti30V30Mo23W15,162.065561,23,0,15,30,30,15,15
7136,Zr30Ti15Nb30Mo30W23,165.30513,30,30,0,15,0,23,30
6474,Ta23Ti90W15,130.957545,0,0,23,90,0,15,0
11605,Ta30V30Mo53W15,229.608779,53,0,30,0,30,15,0
7552,Zr60Ta15Ti15Nb15W23,123.932696,0,15,15,15,0,23,60
7304,Ta15Ti15Nb30V30Mo23W15,192.520659,23,30,15,15,30,15,0
10511,Zr90Ti15V23,92.267125,0,0,0,15,23,0,90
9864,Zr45Nb60Mo23,136.925418,23,60,0,0,0,0,45
7760,Zr53Ta15V30Mo15W15,134.125586,15,0,15,0,30,15,53
4323,Zr30Ta15Ti23Nb30Mo15W15,146.742764,15,30,15,23,0,15,30
1804,Zr38Ta15Ti15V15Mo30W15,149.572074,30,0,15,15,15,15,38
5498,Zr23Ta15Ti15V30Mo45,161.91522,45,0,15,15,30,0,23
2212,Ta15V30Mo38W45,246.843574,38,0,15,0,30,45,0
11783,Zr30Nb45V53,134.959943,0,45,0,0,53,0,30
5037,Zr15Ti15Nb68Mo30,162.575188,30,68,0,15,0,0,15
6734,Ta23V45Mo15W45,231.748143,15,0,23,0,45,45,0
10463,Zr60V23Mo30W15,133.764234,30,0,0,0,23,15,60
313,V53Mo75,227.345646,75,0,0,0,53,0,0
10949,Zr15Ta15Ti30Nb15V38W15,148.071299,0,15,15,30,38,15,15
545,Zr15Ti23Mo45W45,207.470861,45,0,0,23,0,45,15
5205,V68Mo30W30,227.664977,30,0,0,0,68,30,0
11261,Ti45V38W45,180.631324,0,0,0,45,38,45,0
7794,Zr15Ta15Ti15V15Mo23W45,200.321611,23,0,15,15,15,45,15
6222,Zr15Ta15V38W60,210.977575,0,0,15,0,38,60,15
783,Zr15Ta23Nb30V45W15,168.377124,0,30,23,0,45,15,15
2682,Zr15V23Mo15W75,233.293002,15,0,0,0,23,75,15
4251,Ta45Ti15Nb15V30W23,190.779843,0,15,45,15,30,23,0
10976,Ta30Ti83W15,135.358245,0,0,30,83,0,15,0
4778,Zr30Ta23Mo60W15,191.950477,60,0,23,0,0,15,30
9318,Zr38Ta45Nb45,139.227192,0,45,45,0,0,0,38
5145,Zr30Ta23Ti30Nb30Mo15,133.220372,15,30,23,30,0,0,30
8830,Ti60Mo68,174.170868,68,0,0,60,0,0,0
9115,Zr23Ta15Ti30Nb15V30W15,139.165658,0,15,15,30,30,15,23
3848,Zr23Ta30Ti45V15Mo15,131.240796,15,0,30,45,15,0,23
6350,Zr15Ta53V45Mo15,170.042039,15,0,53,0,45,0,15
6961,Zr15Nb30V53Mo30,169.772954,30,30,0,0,53,0,15
4063,Zr23Nb45Mo15W45,192.842378,15,45,0,0,0,45,23
4097,Zr30Ti15Nb30Mo15W38,168.207175,15,30,0,15,0,38,30
1511,Nb30V38Mo15W45,225.592335,15,30,0,0,38,45,0
1949,Zr23Nb15V45Mo30W15,170.975151,30,15,0,0,45,15,23
5979,Ta90V23W15,204.328971,0,0,90,0,23,15,0
7420,Zr45Ti23Mo45W15,144.805274,45,0,0,23,0,15,45
2360,Zr15Ta15Ti15Nb15V15Mo30W23,183.604679,30,15,15,15,15,23,15
8468,Zr15Ti45Nb45V23,125.752872,0,45,0,45,23,0,15
437,Ta23Nb30V45Mo30,196.962076,30,30,23,0,45,0,0
1651,Ta45Ti15Nb15V15Mo23W15,197.202044,23,15,45,15,15,15,0
1463,Ta15Ti23Nb15Mo30W45,221.082623,30,15,15,23,0,45,0
5383,Zr30Ti53Nb15Mo15W15,127.294039,15,15,0,53,0,15,30
9788,Zr60Ta15V30W23,128.309926,0,0,15,0,30,23,60
7878,Zr15Ta15Nb15Mo60W23,215.535181,60,15,15,0,0,23,15
5377,Zr30Ta53Ti15Nb15Mo15,146.398249,15,15,53,15,0,0,30
9058,Ti38Nb75V15,146.557098,0,75,0,38,15,0,0
10497,Zr90Ta23Nb15,100.346597,0,15,23,0,0,0,90
3622,Zr30Ti38Nb15V30W15,124.917644,0,15,0,38,30,15,30
4111,Ta30Ti30Nb15Mo38W15,193.691768,38,15,30,30,0,15,0
3074,Ta15Ti15Nb15V15Mo38W30,217.767895,38,15,15,15,15,30,0
5695,Zr38V15Mo30W45,183.891014,30,0,0,0,15,45,38
10651,Zr15Ta15Ti23Nb15V60,140.106088,0,15,15,23,60,0,15
3246,Zr15Nb23V15Mo45W30,208.493625,45,23,0,0,15,30,15
4747,Ta15Ti23Nb15V75,159.91933,0,15,15,23,75,0,0
6196,Nb38V60Mo15W15,196.339401,15,38,0,0,60,15,0
11748,Ta15Nb15V38W60,233.803879,0,15,15,0,38,60,0
5348,Zr38Ta15Ti15Nb30V15Mo15,132.485526,15,30,15,15,15,0,38
4894,Ta30Nb15V15Mo53W15,227.530225,53,15,30,0,15,15,0
2951,Zr38Ta30Nb30W30,159.180314,0,30,30,0,0,30,38
2199,Ta30Ti45Nb15Mo38,170.787238,38,15,30,45,0,0,0
8691,Zr15Ta15Nb15V30Mo15W38,198.591128,15,15,15,0,30,38,15
8033,Zr38Ti30Nb15V45,112.430015,0,15,0,30,45,0,38
5946,Zr45Ta15Ti15Nb23Mo15W15,137.56378,15,23,15,15,0,15,45
9327,Zr38Ta45Ti45,117.51012,0,0,45,45,0,0,38
6162,Zr60Nb15V23Mo30,122.465143,30,15,0,0,23,0,60
10804,Ti53Nb30Mo45,163.005685,45,30,0,53,0,0,0
11777,Ta53Nb45W30,207.016352,0,45,53,0,0,30,0
3877,Zr53V45Mo15W15,130.623508,15,0,0,0,45,15,53
605,Ta30Ti30Nb23Mo15W30,192.824997,15,23,30,30,0,30,0
3080,Zr30Ta15Ti15Nb38V15W15,140.683749,0,38,15,15,15,15,30
295,Zr30Ti45Nb30V23,115.097392,0,30,0,45,23,0,30
1976,Ta15Ti38Nb15V45W15,160.699787,0,15,15,38,45,15,0
3410,Zr15Ta30Ti15V15Mo30W23,187.032348,30,0,30,15,15,23,15
3279,Zr38Ti30Nb60,117.659624,0,60,0,30,0,0,38
8665,Zr30Ti23Nb30V15W30,144.151518,0,30,0,23,15,30,30
4860,Ti60Nb15V15Mo38,154.537953,38,15,0,60,15,0,0
5521,Zr15V53Mo60,192.929066,60,0,0,0,53,0,15
1181,Ti90V38,118.164164,0,0,0,90,38,0,0
1175,Nb90W38,207.534572,0,90,0,0,0,38,0
7847,Ti15V83Mo30,186.826035,30,0,0,15,83,0,0
850,Zr15Ti15Nb38Mo30W30,188.214363,30,38,0,15,0,30,15
4407,Nb15V60Mo53,210.500678,53,15,0,0,60,0,0
9585,Zr45Ta15Nb30Mo23W15,150.262153,23,30,15,0,0,15,45
4438,Zr60Ti53W15,101.59118,0,0,0,53,0,15,60
261,Zr30Ti38Nb15W45,150.100593,0,15,0,38,0,45,30
11922,Ti45Nb30Mo53,174.853515,53,30,0,45,0,0,0
9916,Zr45Ta83,137.993792,0,0,83,0,0,0,45
2367,Zr23Ti30Nb15Mo60,161.742649,60,15,0,30,0,0,23
98,Ti23Nb15V30Mo45W15,200.298151,45,15,0,23,30,15,0
7615,Ti98Mo30,129.060894,30,0,0,98,0,0,0
2152,Zr45Ta30W53,168.287282,0,0,30,0,0,53,45
1982,Ta23Ti45Nb15V30Mo15,154.168794,15,15,23,45,30,0,0
7612,Zr15Ta15Ti23Nb15V15Mo15W30,175.164284,15,15,15,23,15,30,15
5713,Zr15Ta30Ti30Nb15Mo15W23,167.452678,15,15,30,30,0,23,15
1378,Ta30Ti23Nb15V30Mo15W15,183.742202,15,15,30,23,30,15,0
9929,Zr30Ti15Nb38Mo45,153.664654,45,38,0,15,0,0,30
4635,Zr75Ti15Nb23V15,97.93371,0,23,0,15,15,0,75
53,Zr15Ti45V15Mo53,155.75307,53,0,0,45,15,0,15
11545,Zr38Ta30Ti15V30Mo15,132.857679,15,0,30,15,30,0,38
3883,Zr53Ta45Nb15W15,135.920752,0,15,45,0,0,15,53
2704,Ti30Nb30Mo15W53,208.520464,15,30,0,30,0,53,0
10007,Zr38Ta15Ti15Nb15V15W30,144.908665,0,15,15,15,15,30,38
9743,Zr15Nb45V68,149.528038,0,45,0,0,68,0,15
7044,Ta53Ti15Nb15V15Mo30,190.543237,30,15,53,15,15,0,0
1347,Zr68Nb45Mo15,113.122139,15,45,0,0,0,0,68
11121,Zr23Ti45V15Mo45,142.367401,45,0,0,45,15,0,23
8457,Ti45V23Mo45W15,183.53321,45,0,0,45,23,15,0
11313,Zr15Ti15W98,234.391773,0,0,0,15,0,98,15
408,Zr38Ta60V15Mo15,147.119444,15,0,60,0,15,0,38
7276,Ta15Ti15Nb30V30Mo15W23,194.492989,15,30,15,15,30,23,0
6539,Ta30Ti15Nb15V30Mo15W23,197.62104,15,15,30,15,30,23,0
2536,Zr15Ta53Ti60,128.424914,0,0,53,60,0,0,15
10235,Nb113W15,181.470137,0,113,0,0,0,15,0
7282,Zr23Ta30Ti15Nb15V15W30,162.869166,0,15,30,15,15,30,23
11314,Zr15V15W98,247.347523,0,0,0,0,15,98,15
292,Zr30Ta45Nb30V23,145.979861,0,30,45,0,23,0,30
1186,Zr38W90,207.884152,0,0,0,0,0,90,38
7427,Zr45Ta23Nb45W15,140.142192,0,45,23,0,0,15,45
868,Ti30Nb23V60Mo15,160.562125,15,23,0,30,60,0,0
3417,Zr30Ta15Ti15V15Mo23W30,166.422402,23,0,15,15,15,30,30
8201,V23Mo60W45,264.874724,60,0,0,0,23,45,0
4632,Zr75Ta15Nb23V15,105.41033,0,23,15,0,15,0,75
602,Zr53Ti30W45,133.193176,0,0,0,30,0,45,53
9571,Ti30Nb15V60W23,173.545544,0,15,0,30,60,23,0
11770,Ti53Mo45W30,191.644304,45,0,0,53,0,30,0
1340,Zr45Ti30Nb15V15W23,123.695685,0,15,0,30,15,23,45
2703,Ti30Nb30V53Mo15,161.162917,15,30,0,30,53,0,0
2509,Ta15Nb60Mo53,212.217275,53,60,15,0,0,0,0
10038,Zr15Ta98W15,186.272298,0,0,98,0,0,15,15
5526,Zr15Ta53Nb60,166.73441,0,60,53,0,0,0,15
10490,Zr90Ti23Mo15,97.036643,15,0,0,23,0,0,90
3625,Zr23Ta15Ti30Nb15V15Mo30,145.373934,30,15,15,30,15,0,23
10000,Zr30Ta23Ti15Nb15V30W15,141.831236,0,15,23,15,30,15,30
266,Zr30Ta15V38W45,173.445231,0,0,15,0,38,45,30
6995,Nb23V45Mo30W30,221.569711,30,23,0,0,45,30,0
5142,Zr45Ta23Ti15V30W15,126.344559,0,0,23,15,30,15,45
7043,Zr15Ta30Ti15V45W23,167.050356,0,0,30,15,45,23,15
7285,Zr30Ta15Ti30Nb15Mo23W15,146.131332,23,15,15,30,0,15,30
11126,Zr23Ta45Ti15Nb45,145.131432,0,45,45,15,0,0,23
10464,Ta23Ti15Nb30V60,167.211832,0,30,23,15,60,0,0
4269,Zr15Ta30Ti45Mo23W15,156.386076,23,0,30,45,0,15,15
7840,Nb15V83Mo30,197.186115,30,15,0,0,83,0,0
5519,Zr15Ti53Mo60,156.072697,60,0,0,53,0,0,15
10232,Ta15Nb113,171.698228,0,113,15,0,0,0,0
6501,Zr15Ti53Mo30W30,162.821829,30,0,0,53,0,30,15
9582,Zr45Ta15Ti15Nb30Mo23,130.903157,23,30,15,15,0,0,45
54,Zr15Ti45Mo53W15,169.225416,53,0,0,45,0,15,15
11925,Zr45Nb30Mo53,152.799413,53,30,0,0,0,0,45
259,Ti38Nb15V45W30,172.199859,0,15,0,38,45,30,0
5714,Zr15Ta30Nb15V30Mo15W23,187.525102,15,15,30,0,30,23,15
6992,Ti45Nb23V30Mo30,160.009387,30,23,0,45,30,0,0
8239,Zr30Ta45Mo23W30,186.372058,23,0,45,0,0,30,30
2956,Ta30Ti30V30W38,191.210571,0,0,30,30,30,38,0
2969,Zr23Ti15Nb15Mo15W60,195.918825,15,15,0,15,0,60,23
1985,Ta23Nb15V45Mo15W30,215.546476,15,15,23,0,45,30,0
9911,Nb83W45,214.676939,0,83,0,0,0,45,0
6165,Ta15Ti23Mo30W60,234.761266,30,0,15,23,0,60,0
8837,Nb68W60,226.885258,0,68,0,0,0,60,0
6959,Zr15Ti53Nb30Mo30,138.456358,30,30,0,53,0,0,15
2155,Zr45Ti30W53,143.350943,0,0,0,30,0,53,45
8034,Zr38Ti30Nb15W45,145.600748,0,15,0,30,0,45,38
7271,Zr15Ta23Ti15Nb15V60,145.30152,0,15,23,15,60,0,15
6191,Ta60Nb38Mo15W15,205.289588,15,38,60,0,0,15,0
8206,Ta23Nb60W45,216.863226,0,60,23,0,0,45,0
4893,Zr15Ta30Ti15Nb15Mo53,182.536752,53,15,30,15,0,0,15
3073,Zr30V53W45,172.122286,0,0,0,0,53,45,30
1516,Zr45Ta30Ti38Mo15,118.337337,15,0,30,38,0,0,45
11542,Zr38Ti15Nb30Mo15W30,150.827899,15,30,0,15,0,30,38
6357,Ta53Ti45Nb15W15,163.304115,0,15,53,45,0,15,0
5370,Zr30Ta15Ti45Nb15V23,117.645391,0,15,15,45,23,0,30
3087,Ti15Nb23V30Mo15W45,214.188286,15,23,0,15,30,45,0
8662,Zr30Ta23Ti15Nb30V30,131.502075,0,30,23,15,30,0,30
9576,Zr23Ta15Ti30V60,128.705198,0,0,15,30,60,0,23
4090,Ta15Ti38Nb30Mo15W30,184.40611,15,30,15,38,0,30,0
2531,Nb53V60W15,185.906367,0,53,0,0,60,15,0
430,Zr30Ta15Ti15Nb15V38Mo15,136.802054,15,15,15,15,38,0,30
8450,Zr15Nb45Mo45W23,203.542365,45,45,0,0,0,23,15
7249,Zr15Nb60V30W23,170.860673,0,60,0,0,30,23,15
7418,Ti23V15Mo45W45,229.54722,45,0,0,23,15,45,0
857,Ta38Ti15Nb30V30W15,181.88429,0,30,38,15,30,15,0
7849,Zr83Ti15Mo30,104.651756,30,0,0,15,0,0,83
3870,Zr53Ta45Ti15Mo15,124.711066,15,0,45,15,0,0,53
1529,Zr45Ta30Nb15W38,159.332527,0,15,30,0,0,38,45
4256,Zr23Ta15Ti45V15W30,144.199676,0,0,15,45,15,30,23
4858,Ta60Nb15Mo38W15,221.769775,38,15,60,0,0,15,0
6395,Zr45Ta30Nb30Mo23,142.59477,23,30,30,0,0,0,45
3428,Nb30V68Mo15W15,198.982979,15,30,0,0,68,15,0
634,Zr30Nb15V15Mo30W38,186.649997,30,15,0,0,15,38,30
11119,Zr23Ta45Mo45W15,193.370085,45,0,45,0,0,15,23
3884,Ti45Nb15V15W53,187.989917,0,15,0,45,15,53,0
4064,Ta45Ti45V23Mo15,158.665067,15,0,45,45,23,0,0
10669,Zr30Ta15V45Mo23W15,162.868326,23,0,15,0,45,15,30
5941,Zr60Ta15Nb23V15W15,124.307452,0,23,15,0,15,15,60
6733,Zr45Ta23Ti45Mo15,115.126386,15,0,23,45,0,0,45
5174,Ta30Ti15V15Mo38W30,221.768683,38,0,30,15,15,30,0
8808,Nb23V30W75,243.636898,0,23,0,0,30,75,0
11784,Zr30Nb45W53,181.529775,0,45,0,0,0,53,30
5948,Zr45Ti15Nb23V15Mo15W15,134.084655,15,23,0,15,15,15,45
6966,Ta30V53Mo30W15,213.888932,30,0,30,0,53,15,0
1724,Zr23Ta15Nb75V15,147.506187,0,75,15,0,15,0,23
2351,Zr15Ta45Ti30Mo23W15,168.878956,23,0,45,30,0,15,15
5384,Zr30Nb15V53Mo15W15,152.656171,15,15,0,0,53,15,30
10803,Ta53Nb30Mo45,210.428335,45,30,53,0,0,0,0
4400,Zr60Ta38W30,139.187746,0,0,38,0,0,30,60
10656,Ta45Ti15Nb15V30Mo23,183.902575,23,15,45,15,30,0,0
2735,Zr15Ta23Ti15Nb15V30Mo30,164.991409,30,15,23,15,30,0,15
5510,Nb53V15Mo60,211.653553,60,53,0,0,15,0,0
2393,Zr23Ta60Ti15W30,168.771999,0,0,60,15,0,30,23
11110,Zr23Ti15Nb45Mo45,161.121591,45,45,0,15,0,0,23
7247,Zr15Ti30Nb60V23,134.235146,0,60,0,30,23,0,15
2358,Zr15Ti45Nb23V30W15,135.663115,0,23,0,45,30,15,15
9549,Ti60Nb30V23Mo15,141.977032,15,30,0,60,23,0,0
3241,Zr15Ta15Nb23V30Mo45,183.995338,45,23,15,0,30,0,15
1172,Ta38Nb90,180.559696,0,90,38,0,0,0,0
2507,Zr15Ti60Nb15V23W15,129.340965,0,15,0,60,23,15,15
11746,Ta15Ti38Nb15W60,201.814132,0,15,15,38,0,60,0
7411,Zr45Nb23Mo45W15,159.837996,45,23,0,0,0,15,45
6368,Zr15Ta15Ti53W45,158.504326,0,0,15,53,0,45,15
9112,Zr23Ta30Nb15V30Mo15W15,169.347811,15,15,30,0,30,15,23
7075,Ta23Nb30V15Mo30W30,223.87918,30,30,23,0,15,30,0
1971,Ta15Ti38V45Mo15W15,171.108814,15,0,15,38,45,15,0
10694,Zr30Ti15V45Mo38,146.313166,38,0,0,15,45,0,30
3283,Ta60Ti30V38,162.662908,0,0,60,30,38,0,0
2163,Ti15Nb15V23Mo45W30,220.001871,45,15,0,15,23,30,0
9320,Ti45Nb45W38,173.449137,0,45,0,45,0,38,0
406,Zr38Ta60Ti15Mo15,140.188981,15,0,60,15,0,0,38
8696,Zr30Ta38Ti15Nb15V15Mo15,141.204569,15,15,38,15,15,0,30
5189,Zr15Ti30Nb30V15Mo15W23,161.296389,15,30,0,30,15,23,15
62,Ti45Nb53V15W15,153.284331,0,53,0,45,15,15,0
11322,Ti68Nb60,130.170403,0,60,0,68,0,0,0
8801,Ta30Ti75Nb23,129.29541,0,23,30,75,0,0,0
8459,Zr15Ti45Mo45W23,170.654499,45,0,0,45,0,23,15
7088,Zr30Ta30Ti23Nb30V15,131.407094,0,30,30,23,15,0,30
4294,Ti15V60Mo23W30,207.64983,23,0,0,15,60,30,0
1382,Zr15Ti30Nb15V23Mo15W30,165.478236,15,15,0,30,23,30,15
9744,Zr15Nb45W68,214.44113,0,45,0,0,0,68,15
5722,Zr45Nb68Mo15,132.016321,15,68,0,0,0,0,45
7623,Zr98Nb30,93.45103,0,30,0,0,0,0,98
4867,Ta15Ti60Mo38W15,171.000892,38,0,15,60,0,15,0
250,Zr30Ti38V45Mo15,122.142839,15,0,0,38,45,0,30
7702,Zr15Ta30Nb23V15W45,197.855344,0,23,30,0,15,45,15
527,Ta45Ti15Nb23Mo45,198.675948,45,23,45,15,0,0,0
1257,Zr15Ta38V45Mo15W15,180.592348,15,0,38,0,45,15,15
10587,Ta38Ti15Nb15Mo15W45,221.263828,15,15,38,15,0,45,0
4725,Zr45Ta15Ti23V15Mo15W15,131.151427,15,0,15,23,15,15,45
2841,Zr75Mo38W15,127.443023,38,0,0,0,0,15,75
8578,Zr15Nb45V15Mo38W15,191.521705,38,45,0,0,15,15,15
11455,Zr15Ta23Ti15V60W15,157.523802,0,0,23,15,60,15,15
2284,Zr38Ta15Mo15W60,190.31302,15,0,15,0,0,60,38
4517,Zr15Ta15V30Mo68,200.64987,68,0,15,0,30,0,15
1859,Ta15Ti53V30Mo30,156.905327,30,0,15,53,30,0,0
11832,Zr68Nb45V15,106.900778,0,45,0,0,15,0,68
6240,Ti15V68Mo30W15,199.504957,30,0,0,15,68,15,0
3356,Ta15V60W53,229.35144,0,0,15,0,60,53,0
9208,Zr38Ta15V45Mo15W15,146.331021,15,0,15,0,45,15,38
8547,Zr15Ta45Ti38V15W15,148.921043,0,0,45,38,15,15,15
3164,Zr15Ti60Nb30V23,120.214051,0,30,0,60,23,0,15
10325,Zr23Ta30Ti15Nb60,142.486817,0,60,30,15,0,0,23
7530,Zr60Ta15Ti23Nb15V15,105.655585,0,15,15,23,15,0,60
1401,Zr15Ta15Ti53Nb15V30,124.661928,0,15,15,53,30,0,15
3732,Zr30Nb15Mo15W68,207.468058,15,15,0,0,0,68,30
10741,Zr38Ta75V15,142.675021,0,0,75,0,15,0,38
3500,Zr15Ta15Ti45Nb15Mo15W23,153.561042,15,15,15,45,0,23,15
9806,Ti38V15Mo30W45,207.727065,30,0,0,38,15,45,0
1633,Ta23Nb15V30Mo30W30,225.85057,30,15,23,0,30,30,0
6072,Ta15Ti45V30W38,175.630577,0,0,15,45,30,38,0
5293,Zr15Ta38Ti15Nb15Mo15W30,185.531418,15,15,38,15,0,30,15
4173,Nb83V15Mo15W15,194.608228,15,83,0,0,15,15,0
3190,Zr23Ta15Nb60V15W15,158.372259,0,60,15,0,15,15,23
10573,Zr15Nb68V45,151.677294,0,68,0,0,45,0,15
4341,Zr30Ti30Nb23Mo45,144.123643,45,23,0,30,0,0,30
715,Zr53Ta15Ti15Nb15V15W15,121.107331,0,15,15,15,15,15,53
11693,Zr15Ta60Ti15V38,153.328828,0,0,60,15,38,0,15
6416,Zr45Ta30Nb23V30,127.30077,0,23,30,0,30,0,45
7392,Zr15Ta68Ti15V15Mo15,165.43887,15,0,68,15,15,0,15
385,Zr15Ti15Nb15V45W38,174.638833,0,15,0,15,45,38,15
2042,Zr30Nb30Mo68,180.178889,68,30,0,0,0,0,30
3958,Zr38Nb45Mo30W15,158.052223,30,45,0,0,0,15,38
10117,Zr45Ta15Nb15Mo53,155.81083,53,15,15,0,0,0,45
9495,Zr30Ti23Nb15Mo60,157.752763,60,15,0,23,0,0,30
5869,Zr15Ta30Ti30Nb23W30,164.803781,0,23,30,30,0,30,15
3993,Zr30Ta15Ti15Nb38Mo15W15,152.355865,15,38,15,15,0,15,30
5267,Zr30Ti53Mo30W15,134.213222,30,0,0,53,0,15,30
6624,Zr23Ta75Mo15W15,180.785109,15,0,75,0,0,15,23
6885,Ta15Nb30V15Mo30W38,230.926785,30,30,15,0,15,38,0
9435,Zr60Nb23V15Mo15W15,127.039891,15,23,0,0,15,15,60
7769,Ta30Ti15Nb30Mo15W38,210.727288,15,30,30,15,0,38,0
2640,Zr30Ta15Ti15Mo68,170.856767,68,0,15,15,0,0,30
6825,Zr15Ti23V30W60,189.858457,0,0,0,23,30,60,15
518,Ti30Nb23V15W60,205.359711,0,23,0,30,15,60,0
188,Zr30Ta30Ti30Mo15W23,150.87776,15,0,30,30,0,23,30
9461,Nb45V15Mo23W45,229.526163,23,45,0,0,15,45,0
8721,Zr15Ti45Nb15V23W30,147.505626,0,15,0,45,23,30,15
8775,Zr15Ta23Nb45V15Mo15W15,178.09073,15,45,23,0,15,15,15
9237,Zr75Mo30W23,129.835343,30,0,0,0,0,23,75
7957,Zr30Ti15Nb53W30,151.723649,0,53,0,15,0,30,30
128,Ta15Ti15Nb23V30W45,205.64997,0,23,15,15,30,45,0
1892,Zr45Nb38V30Mo15,129.358081,15,38,0,0,30,0,45
5465,Ta45V38Mo15W30,219.421507,15,0,45,0,38,30,0
7359,Zr23V45Mo60,180.987406,60,0,0,0,45,0,23
11859,Ta30Ti30Nb15V30W23,176.276782,0,15,30,30,30,23,0
6489,Zr15Ti30Nb53Mo30,152.280761,30,53,0,30,0,0,15
3933,Zr38Ta15Ti30Mo30W15,142.788806,30,0,15,30,0,15,38
10518,Nb75Mo38W15,214.355877,38,75,0,0,0,15,0
5802,Zr15Ti75Nb23W15,122.252651,0,23,0,75,0,15,15
4984,Zr68Nb30V30,106.189008,0,30,0,0,30,0,68
8123,Zr15Ta30Ti23W60,197.007371,0,0,30,23,0,60,15
8311,Ta15Ti30V15Mo38W30,207.020404,38,0,15,30,15,30,0
741,Zr38Ti60Mo30,117.150589,30,0,0,60,0,0,38
2419,Zr30Ta30Ti30Nb38,128.16704,0,38,30,30,0,0,30
2089,Zr30Ta15Ti15Nb15V53,129.816051,0,15,15,15,53,0,30
9005,Zr38Ti15Nb15Mo30W30,162.18788,30,15,0,15,0,30,38
10128,Zr45Ta15V15Mo53,152.290261,53,0,15,0,15,0,45
9263,Zr15Ta38Nb30Mo15W30,196.104567,15,30,38,0,0,30,15
11658,Zr38Ta45Ti30V15,122.328736,0,0,45,30,15,0,38
5856,Zr15Ta30Nb30V30Mo23,172.512465,23,30,30,0,30,0,15
1866,Zr30Ti15V53Mo30,141.784933,30,0,0,15,53,0,30
4970,Ti30V68Mo30,172.822767,30,0,0,30,68,0,0
11892,Zr30Ti15Nb68Mo15,137.494638,15,68,0,15,0,0,30
4924,Ta15Ti30Mo83,207.962414,83,0,15,30,0,0,0
3369,Zr23Ta30Ti15Nb15V30W15,151.211853,0,15,30,15,30,15,23
3967,Zr38Ti45Mo30W15,131.180235,30,0,0,45,0,15,38
8177,Zr30Nb15V15Mo23W45,188.992714,23,15,0,0,15,45,30
11257,Zr45Ta45Ti38,115.729917,0,0,45,38,0,0,45
8781,Zr30Ta23Ti15Nb30Mo15W15,153.098678,15,30,23,15,0,15,30
4528,Zr15Ta15Nb68W30,182.143904,0,68,15,0,0,30,15
9839,Zr23Mo30W75,233.295439,30,0,0,0,0,75,23
10914,Zr38Ti30Nb15Mo45,138.379326,45,15,0,30,0,0,38
1268,Nb15Mo15W98,280.547602,15,15,0,0,0,98,0
6871,Zr15Ta45Ti23Nb30W15,160.035017,0,30,45,23,0,15,15
6429,Zr15Ta30Ti15Nb30Mo38,172.287617,38,30,30,15,0,0,15
940,Zr30W98,225.297536,0,0,0,0,0,98,30
9653,Zr53Ta30Ti30V15,109.218501,0,0,30,30,15,0,53
1065,Zr15Ta38Nb60W15,175.751753,0,60,38,0,0,15,15
5258,Zr30Nb53Mo30W15,165.993599,30,53,0,0,0,15,30
2029,Ta15Ti30W83,231.667382,0,0,15,30,0,83,0
11866,Ta15Ti30Nb15Mo38W30,205.840206,38,15,15,30,0,30,0
8345,Ti15V53Mo15W45,217.222704,15,0,0,15,53,45,0
5491,Zr23Ta15Nb15V30Mo45,172.619851,45,15,15,0,30,0,23
10371,Ti38Nb30V45W15,158.217665,0,30,0,38,45,15,0
6670,Zr15Ta30Ti15Mo68,191.538805,68,0,30,15,0,0,15
117,Zr45Ta15Nb15V30Mo23,135.902457,23,15,15,0,30,0,45
3766,Zr15Nb38V30Mo45,181.917374,45,38,0,0,30,0,15
3302,Zr68Nb15Mo15W30,132.69119,15,15,0,0,0,30,68
7903,Zr15Nb45Mo23W45,209.107672,23,45,0,0,0,45,15
10715,Nb15Mo75W38,265.344864,75,15,0,0,0,38,0
10940,Zr38Ta45Ti15W30,150.616325,0,0,45,15,0,30,38
11065,Zr15Ta83Ti15V15,156.296546,0,0,83,15,15,0,15
5668,Zr15Ta38V30Mo30W15,190.8775,30,0,38,0,30,15,15
4588,Zr30Ta60Mo15W23,176.096275,15,0,60,0,0,23,30
7332,Zr45Ti45Nb38,106.939014,0,38,0,45,0,0,45
3792,Zr15Ti45V38W30,147.546794,0,0,0,45,38,30,15
4127,Zr15Ta15Ti30Nb38W30,161.455122,0,38,15,30,0,30,15
587,Zr53Ta45Nb30,126.644259,0,30,45,0,0,0,53
1455,Zr38Ti45V15Mo15W15,122.266178,15,0,0,45,15,15,38
9051,V38Mo75W15,241.268578,75,0,0,0,38,15,0
10188,Zr15Ta45Nb23V15W30,186.536428,0,23,45,0,15,30,15
7590,Ta30V45Mo30W23,221.819278,30,0,30,0,45,23,0
11268,Zr15Ta15Nb15V38Mo15W30,190.84004,15,15,15,0,38,30,15
8183,Ta15Ti15Nb23V45W30,191.44679,0,23,15,15,45,30,0
1658,Ta30Nb23Mo75,228.483393,75,23,30,0,0,0,0
2472,Zr15Ta15Nb60Mo15W23,186.713836,15,60,15,0,0,23,15
3759,Ta30Nb38V15Mo45,208.25797,45,38,30,0,15,0,0
4118,Zr15Ti30Nb15Mo38W30,182.75602,38,15,0,30,0,30,15
5001,Ti15Nb15Mo60W38,237.671498,60,15,0,15,0,38,0
11401,Zr15Ta30Ti23Nb15V45,142.893296,0,15,30,23,45,0,15
1667,Ti23V30Mo75,206.56776,75,0,0,23,30,0,0
8513,Zr83Ti15Nb15W15,101.803068,0,15,0,15,0,15,83
914,Ta38Ti30Nb15V30W15,170.7516,0,15,38,30,30,15,0
10385,Zr15Ta30Nb30Mo30W23,197.996115,30,30,30,0,0,23,15
7564,Zr15Ti45Nb15Mo23W30,162.637735,23,15,0,45,0,30,15
8148,Ta30Ti45Nb15Mo15W23,175.437619,15,15,30,45,0,23,0
9899,Zr15Ti15Nb30V15Mo38W15,178.919671,38,30,0,15,15,15,15
2224,Zr45Ta15Nb38W30,148.922069,0,38,15,0,0,30,45
1031,Ti60Nb38V15W15,143.780039,0,38,0,60,15,15,0
9297,Zr15Ta30Nb15V30W38,191.215657,0,15,30,0,30,38,15
1832,Zr45Ta15Ti15V15Mo23W15,139.741951,23,0,15,15,15,15,45
9607,Ti30Nb15V23Mo30W30,198.079626,30,15,0,30,23,30,0
8980,Zr30Ta15Nb45Mo15W23,167.845045,15,45,15,0,0,23,30
10143,Zr45Nb53V15W15,133.533381,0,53,0,0,15,15,45
8974,Zr15Ta45Ti15Nb15V23W15,162.940744,0,15,45,15,23,15,15
6019,Zr30Ta53V30W15,156.173461,0,0,53,0,30,15,30
2815,Zr53Ta15Ti15Nb15W30,132.961625,0,15,15,15,0,30,53
4785,Zr30Ta23Ti15Nb60,135.673903,0,60,23,15,0,0,30
3130,Zr75Ti23Nb15W15,105.148088,0,15,0,23,0,15,75
1693,Ta30Ti15Nb15V15Mo15W38,211.074144,15,15,30,15,15,38,0
10527,V75Mo38W15,217.589506,38,0,0,0,75,15,0
11633,Zr38Ti15Nb30Mo45,144.993373,45,30,0,15,0,0,38
2016,Zr83V30Mo15,101.936655,15,0,0,0,30,0,83
9852,Zr23Ta30Ti75,111.922377,0,0,30,75,0,0,23
5657,Zr15Ta30Ti15Nb38Mo30,167.295824,30,38,30,15,0,0,15
5233,Zr15Ta15Nb60Mo23W15,183.827235,23,60,15,0,0,15,15
9638,Ti30V15Mo30W53,221.786021,30,0,0,30,15,53,0
6684,Ti30Nb68V15W15,164.193781,0,68,0,30,15,15,0
4315,Zr15Ta45Ti23Nb15Mo15W15,168.47822,15,15,45,23,0,15,15
6442,Ta30Ti30Nb38V15W15,168.47024,0,38,30,30,15,15,0
573,Zr53Nb45Mo30,132.884257,30,45,0,0,0,0,53
6214,Zr15Ta38Nb15W60,215.39462,0,15,38,0,0,60,15
7756,Zr53Nb15V30Mo15W15,132.810018,15,15,0,0,30,15,53
4543,Ta75Ti38Mo15,168.829701,15,0,75,38,0,0,0
325,Ti75V53,124.336946,0,0,0,75,53,0,0
7100,Nb15V23Mo75W15,236.73034,75,15,0,0,23,15,0
3761,Zr15Ta30Nb38Mo45,188.484632,45,38,30,0,0,0,15
8389,Ti30Nb60V15Mo23,165.161571,23,60,0,30,15,0,0
5462,Ta45Ti38V30Mo15,163.344092,15,0,45,38,30,0,0
1204,Ta23Nb45V60,178.124543,0,45,23,0,60,0,0
3553,Ta60V15Mo30W23,225.880463,30,0,60,0,15,23,0
4776,Ta23V15Mo60W30,247.448964,60,0,23,0,15,30,0
7138,Ta30Ti15V23Mo30W30,216.434177,30,0,30,15,23,30,0
9290,Zr15Ta30Ti30V38Mo15,147.245969,15,0,30,30,38,0,15
8170,Zr30Ta15Ti45Nb15Mo23,129.566202,23,15,15,45,0,0,30
8726,Zr15Ta30Nb15V30Mo23W15,184.985293,23,15,30,0,30,15,15
3108,Zr75Ti15Nb23Mo15,104.199232,15,23,0,15,0,0,75
913,Zr15Ti38V30Mo15W30,162.706273,15,0,0,38,30,30,15
11091,Zr45Ta45Ti23Nb15,121.708563,0,15,45,23,0,0,45
6445,Zr15Ta30Nb38V30W15,170.708722,0,38,30,0,30,15,15
9432,Ti15Nb23V15Mo15W60,229.21422,15,23,0,15,15,60,0
1660,Nb23V30Mo75,224.359581,75,23,0,0,30,0,0
5006,Ta15Ti15V38Mo60,205.129129,60,0,15,15,38,0,0
4771,Zr30Nb23V15Mo60,172.538586,60,23,0,0,15,0,30
6683,Zr15Ta30Nb68W15,173.768621,0,68,30,0,0,15,15
580,Zr53Ti45Mo30,109.264264,30,0,0,45,0,0,53
10376,Zr15Ta30Ti38V45,133.885774,0,0,30,38,45,0,15
3598,Zr15Ta15Ti30Nb15Mo23W30,175.688391,23,15,15,30,0,30,15
4923,Zr30Nb15Mo83,190.993173,83,15,0,0,0,0,30
10349,Ti45Nb38V15Mo30,158.344851,30,38,0,45,15,0,0
11439,Zr15Ta60Nb15V15Mo23,178.928722,23,15,60,0,15,0,15
1803,Zr38Ti15Nb15V15Mo30W15,146.985213,30,15,0,15,15,15,38
10712,Ta38Nb15Mo75,230.196523,75,15,38,0,0,0,0
8184,Zr30Ta15Ti15Nb23V45,129.871395,0,23,15,15,45,0,30
9855,Zr23Ta30W75,218.49833,0,0,30,0,0,75,23
11634,Nb30V15Mo45W38,240.978186,45,30,0,0,15,38,0
5039,Zr15Nb68V15Mo30,170.797213,30,68,0,0,15,0,15
7904,Ta45Ti45V15Mo23,163.263045,23,0,45,45,15,0,0
6213,Zr15Ta38Nb15V60,159.197766,0,15,38,0,60,0,15
6021,Ta15Ti45Nb15V38Mo15,152.10985,15,15,15,45,38,0,0
11895,Zr30Nb68Mo15W15,158.277079,15,68,0,0,0,15,30
10978,Ta30V83W15,196.534492,0,0,30,0,83,15,0
8987,Zr30Ta45Ti15Mo15W23,162.088299,15,0,45,15,0,23,30
7597,Ta30Ti45Nb30V23,148.090262,0,30,30,45,23,0,0
4749,Zr75Ta15Ti23Nb15,98.212982,0,15,15,23,0,0,75
6026,Zr38Ta15Nb15Mo15W45,176.241475,15,15,15,0,0,45,38
5805,Zr15Ta23Ti75V15,117.603642,0,0,23,75,15,0,15
8514,Zr83Nb15V15W15,105.597816,0,15,0,0,15,15,83
6648,Zr30Ti23Nb15V15Mo15W30,153.723381,15,15,0,23,15,30,30
8342,Ta15V53Mo15W45,231.406955,15,0,15,0,53,45,0
2223,Zr45Ta15Nb38V30,125.06557,0,38,15,0,30,0,45
1203,Ta23Ti60Nb45,137.596633,0,45,23,60,0,0,0
10520,Ta75Ti15Mo38,199.612388,38,0,75,15,0,0,0
9069,Zr15Ta75W38,201.210213,0,0,75,0,0,38,15
5496,Zr23Nb15V15Mo45W30,198.986233,45,15,0,0,15,30,23
1452,Zr38Ta45Ti15V15Mo15,135.810167,15,0,45,15,15,0,38
2481,Zr15Ti60V15Mo15W23,142.541742,15,0,0,60,15,23,15
1835,Ta15Ti38Nb30V15Mo15W15,170.492277,15,30,15,38,15,15,0
4544,Ta75V38Mo15,196.963101,15,0,75,0,38,0,0
4312,Zr30Ti23V15W60,171.482856,0,0,0,23,15,60,30
2812,Zr53Ti15V15Mo15W30,133.711261,15,0,0,15,15,30,53
1499,Zr45Ta15Ti23Nb30V15,117.034289,0,30,15,23,15,0,45
779,Zr15Ti23V45Mo30W15,168.453579,30,0,0,23,45,15,15
2486,Zr15Ti60Nb15V15W23,134.249498,0,15,0,60,15,23,15
574,Ta45Ti53Mo30,162.741997,30,0,45,53,0,0,0
6677,Zr15V30Mo68W15,212.374168,68,0,0,0,30,15,15
3305,Zr68Ta15Ti30Mo15,106.973996,15,0,15,30,0,0,68
9056,Ta38Nb75W15,193.463908,0,75,38,0,0,15,0
3554,Zr23Ta60V15Mo30,173.375379,30,0,60,0,15,0,23
6822,Zr15Ta23Ti30V60,136.96889,0,0,23,30,60,0,15
11861,Zr23Ta30Ti30Nb15W30,155.81354,0,15,30,30,0,30,23
9264,Ti38Nb30V30Mo15W15,167.740787,15,30,0,38,30,15,0
9600,Zr45Ta23Ti30V15W15,121.555245,0,0,23,30,15,15,45
10947,Zr15Ti30Nb15V38Mo15W15,154.110579,15,15,0,30,38,15,15
2678,Zr15Ta23Mo15W75,235.870934,15,0,23,0,0,75,15
4120,Ta15Ti30V30Mo38W15,192.820089,38,0,15,30,30,15,0
3934,Zr38Ta15V30Mo30W15,156.384601,30,0,15,0,30,15,38
3137,Ta23Ti15Nb60Mo30,185.688322,30,60,23,15,0,0,0
1009,Ti15Nb60V15Mo38,185.716953,38,60,0,15,15,0,0
1036,Zr15Ta38Ti60V15,125.500401,0,0,38,60,15,0,15
2647,Zr30V15Mo68W15,190.57875,68,0,0,0,15,15,30
8719,Zr15Ta45Ti23Nb15W30,171.695839,0,15,45,23,0,30,15
2011,Zr83Ta30Mo15,109.417487,15,0,30,0,0,0,83
7563,Zr15Ti45Nb15V30Mo23,136.831175,23,15,0,45,30,0,15
7335,Zr45Nb38W45,159.125627,0,38,0,0,0,45,45
8973,Zr15Ta45Ti15V23Mo15W15,171.873092,15,0,45,15,23,15,15
3768,Ta38Ti30V15Mo45,187.041638,45,0,38,30,15,0,0
746,Ta60Nb30V38,185.713079,0,30,60,0,38,0,0
5650,Ta15Ti68V30W15,141.36255,0,0,15,68,30,15,0
2475,Zr15Ti15Nb60Mo15W23,173.363685,15,60,0,15,0,23,15
7107,Zr15Ta15V23Mo75,204.261955,75,0,15,0,23,0,15
1694,Zr38Ta30Ti15Nb15V15Mo15,133.344661,15,15,30,15,15,0,38
11406,Ta15Ti15Nb53V15Mo15W15,187.118517,15,53,15,15,15,15,0
9252,Zr75Ta30V23,106.763134,0,0,30,0,23,0,75
7751,Zr53Ta30Nb15V15Mo15,131.829073,15,15,30,0,15,0,53
4782,Zr30V23Mo60W15,185.369457,60,0,0,0,23,15,30
110,Zr15Ta15Nb45V23W30,181.681888,0,45,15,0,23,30,15
322,Ta75V53,188.861809,0,0,75,0,53,0,0
10382,Zr15Ta30Ti23Nb30Mo30,162.60826,30,30,30,23,0,0,15
11062,Zr15Ti15Nb83W15,156.076363,0,83,0,15,0,15,15
11250,Ti38Nb45W45,184.325277,0,45,0,38,0,45,0
3795,Ta38Nb15Mo45W30,238.940613,45,15,38,0,0,30,0
5234,Ti15Nb60V15Mo23W15,189.955278,23,60,0,15,15,15,0
11096,Zr45Ti45Nb15V23,100.432033,0,15,0,45,23,0,45
10144,Ta53Ti15V15W45,213.73956,0,0,53,15,15,45,0
9094,Ta30Ti15Nb15V68,168.410221,0,15,30,15,68,0,0
4129,Zr15Ti15Nb38V30W30,165.277119,0,38,0,15,30,30,15
9636,Zr53Ta30V15Mo30,134.222065,30,0,30,0,15,0,53
8380,Zr15Ta15Ti15Nb15V68,145.04792,0,15,15,15,68,0,15
7932,Zr30Ta30Nb15Mo53,174.436681,53,15,30,0,0,0,30
4915,Zr15Ta15Nb38V15Mo30W15,187.845275,30,38,15,0,15,15,15
9060,Zr15Ti38Nb75,131.806338,0,75,0,38,0,0,15
11259,Zr45Ta45V38,128.932572,0,0,45,0,38,0,45
10971,Zr15Ti83Nb30,112.325995,0,30,0,83,0,0,15
2018,Ta30Ti83Nb15,127.470711,0,15,30,83,0,0,0
10985,Ta15Ti15Nb30V38Mo15W15,187.799569,15,30,15,15,38,15,0
1464,Zr45Ta15Ti23Nb15Mo30,130.481504,30,15,15,23,0,0,45
2488,Ta23Ti15Nb60V15Mo15,175.310968,15,60,23,15,15,0,0
10724,V15Mo75W38,266.626499,75,0,0,0,15,38,0
589,Ti45Nb30W53,187.88387,0,30,0,45,0,53,0
6814,Ta30Nb23V60W15,192.512642,0,23,30,0,60,15,0
119,Ti15Nb15V30Mo23W45,220.979432,23,15,0,15,30,45,0
3333,Ta60Ti53Mo15,156.213408,15,0,60,53,0,0,0
9404,Zr53V15Mo60,146.616938,60,0,0,0,15,0,53
5833,Ti75V23Mo15W15,144.955474,15,0,0,75,23,15,0
10529,Zr15Mo38W75,252.031286,38,0,0,0,0,75,15
8522,Zr23Ta30Ti15Nb30Mo15W15,163.240806,15,30,30,15,0,15,23
2824,Zr30Ta15Ti15V23Mo30W15,157.287926,30,0,15,15,23,15,30
8710,Zr15Ti23Nb45Mo15W30,172.197359,15,45,0,23,0,30,15
5659,Zr15Ta30Nb38V15Mo30,177.252639,30,38,30,0,15,0,15
1669,Zr30Ti23Mo75,166.267918,75,0,0,23,0,0,30
6028,Zr38Ti15Nb15V45Mo15,125.239653,15,15,0,15,45,0,38
8146,Zr30Ta23Ti30V30W15,131.827918,0,0,23,30,30,15,30
6641,Zr23Ta15Ti75W15,116.437241,0,0,15,75,0,15,23
11857,Zr23Ta30V30Mo15W30,183.278226,15,0,30,0,30,30,23
7758,Zr53Ta15Ti30V15Mo15,114.397418,15,0,15,30,15,0,53
8374,Ta15Ti15V68Mo15W15,191.351571,15,0,15,15,68,15,0
7793,Zr15Ti15Nb15V15Mo23W45,196.846545,23,15,0,15,15,45,15
3902,Zr15Ta38Ti15Nb15Mo45,178.338652,45,15,38,15,0,0,15
925,Zr30Mo98,198.09615,98,0,0,0,0,0,30
511,Zr60V30Mo23W15,126.501186,23,0,0,0,30,15,60
11651,Zr38Ta30Nb45V15,135.468197,0,45,30,0,15,0,38
11235,Ta38Ti45Mo45,176.245521,45,0,38,45,0,0,0
5251,Ta15Nb53Mo30W30,220.995997,30,53,15,0,0,30,0
11007,Ta15Ti15Nb30V45W23,185.026667,0,30,15,15,45,23,0
8571,Zr15Ta15Ti15Nb45Mo38,169.9097,38,45,15,15,0,0,15
949,Zr23Ti15Nb30Mo30W30,178.965182,30,30,0,15,0,30,23
2246,Zr53Ta15Ti15Mo30W15,136.663619,30,0,15,15,0,15,53
2279,Ta15Ti60V38Mo15,144.531009,15,0,15,60,38,0,0
7196,Zr15Ta15Nb15V15Mo68,200.618661,68,15,15,0,15,0,15
2848,Zr75Ti15Nb38,99.341577,0,38,0,15,0,0,75
347,Ti30V15Mo38W45,219.705242,38,0,0,30,15,45,0
7350,Zr23Nb45Mo60,183.45903,60,45,0,0,0,0,23
5407,Zr23Ti90Mo15,109.495004,15,0,0,90,0,0,23
175,Zr15Ta30Ti15Nb15V30W23,167.506863,0,15,30,15,30,23,15
723,Ta15Ti15Nb38V30Mo15W15,186.827369,15,38,15,15,30,15,0
3536,Ti23V15W90,242.661313,0,0,0,23,15,90,0
8318,Zr30Ta15Ti30Nb38W15,135.579501,0,38,15,30,0,15,30
10121,Nb15V15Mo53W45,252.545273,53,15,0,0,15,45,0
8916,Zr15Ta30Ti53V15Mo15,135.314922,15,0,30,53,15,0,15
181,Zr30Ta30Nb30Mo15W23,171.085229,15,30,30,0,0,23,30
6044,Ta30Nb45Mo15W38,222.1846,15,45,30,0,0,38,0
7734,Zr53Ti15Nb30Mo15W15,129.750866,15,30,0,15,0,15,53
7162,Ta75Ti30Mo23,180.213375,23,0,75,30,0,0,0
2410,Ta30V30Mo38W30,233.462131,38,0,30,0,30,30,0
9830,Ta75Ti23Mo30,190.072671,30,0,75,23,0,0,0
6276,Ti15Mo68W45,254.865466,68,0,0,15,0,45,0
1295,Zr98Ta15W15,101.168288,0,0,15,0,0,15,98
2074,Ta15Ti53Nb15Mo15W30,173.914367,15,15,15,53,0,30,0
7506,Zr23Ta60V15Mo15W15,176.285856,15,0,60,0,15,15,23
4713,Ta30Ti23Nb15V15Mo15W30,198.210917,15,15,30,23,15,30,0
3394,Zr23Ta15Nb30V60,144.646759,0,30,15,0,60,0,23
2622,Zr23Nb45V15W45,182.064644,0,45,0,0,15,45,23
6282,Ta15Nb68V45,175.100146,0,68,15,0,45,0,0
9691,Ta53V15Mo45W15,227.357191,45,0,53,0,15,15,0
1261,Zr15Ta38Ti45Nb15W15,143.165407,0,15,38,45,0,15,15
10783,Ta45Ti15Nb23Mo15W30,205.772551,15,23,45,15,0,30,0
11463,Nb45V30Mo38W15,211.720497,38,45,0,0,30,15,0
5635,Zr15Ta68Mo15W30,202.316712,15,0,68,0,0,30,15
4383,Zr60V30Mo38,126.249369,38,0,0,0,30,0,60
6878,Zr45Ta15Nb15V23Mo15W15,140.908297,15,15,15,0,23,15,45
740,Ti60Mo30W38,184.932964,30,0,0,60,0,38,0
5438,Ti105Nb23,112.963311,0,23,0,105,0,0,0
3704,Ti23Mo105,226.782436,105,0,0,23,0,0,0
8327,Zr15Ta30Ti30V15Mo23W15,164.948696,23,0,30,30,15,15,15
11804,Zr30Ta30Ti15Nb15Mo15W23,160.824952,15,15,30,15,0,23,30
4377,Ta30Mo38W60,268.339844,38,0,30,0,0,60,0
10545,Zr15Ta38W75,230.982794,0,0,38,0,0,75,15
1605,Ti38Mo60W30,214.287476,60,0,0,38,0,30,0
9457,Zr45Ta15Nb45Mo23,139.724414,23,45,15,0,0,0,45
2087,Zr30Ti15V15Mo15W53,179.423488,15,0,0,15,15,53,30
9033,Ta15Ti23Nb15V30W45,199.506827,0,15,15,23,30,45,0
9201,Ti45Nb15V15Mo15W38,183.288892,15,15,0,45,15,38,0
1850,Ta53Nb15V30Mo30,200.863345,30,15,53,0,30,0,0
6249,Zr15Ta15Nb30W68,218.499815,0,30,15,0,0,68,15
3509,Zr90Nb15Mo23,105.206639,23,15,0,0,0,0,90
10922,Zr38Ta15V30Mo45,156.385773,45,0,15,0,30,0,38
4526,Ta15Nb68V30W15,187.921635,0,68,15,0,30,15,0
4946,Zr30Ta83Ti15,143.852835,0,0,83,15,0,0,30
11490,Zr15Ti38V45W30,151.799858,0,0,0,38,45,30,15
8585,Zr15Ta45Ti15Nb38V15,152.1465,0,38,45,15,15,0,15
10542,Zr15Ta38Ti75,120.108014,0,0,38,75,0,0,15
4370,Ta60Nb30Mo38,206.914492,38,30,60,0,0,0,0
10770,Ta60Nb15V38W15,197.240446,0,15,60,0,38,15,0
5894,Ta30Ti15Nb30V23Mo30,186.569261,30,30,30,15,23,0,0
6847,Zr15Ti45V15Mo30W23,160.645482,30,0,0,45,15,23,15
3969,Ta45Ti15Nb30V38,170.497622,0,30,45,15,38,0,0
1430,Zr75Nb15W38,123.41639,0,15,0,0,0,38,75
9665,Zr30Ti30Nb15Mo23W30,155.868196,23,15,0,30,0,30,30
982,Zr30Ta38Ti30Mo30,142.086245,30,0,38,30,0,0,30
2883,Ta38Ti30Nb15V30Mo15,166.91099,15,15,38,30,30,0,0
6427,Ta30Ti15Nb30V15Mo38,192.02989,38,30,30,15,15,0,0
5090,Zr53Ta15Nb15Mo45,141.770509,45,15,15,0,0,0,53
3199,Ti15Nb30V15Mo45W23,212.023331,45,30,0,15,15,23,0
7961,Zr30Ta53Ti15W30,161.57948,0,0,53,15,0,30,30
6420,Zr45Ti30Nb23W30,128.479976,0,23,0,30,0,30,45
10777,Ta15Ti60V38W15,147.446247,0,0,15,60,38,15,0
4348,Ta23V30Mo45W30,236.164426,45,0,23,0,30,30,0
976,Zr30Ti30Nb38Mo30,136.05046,30,38,0,30,0,0,30
7539,Zr60Ta15Nb15V23Mo15,120.853135,15,15,15,0,23,0,60
3152,Zr15Ta60Mo30W23,204.103025,30,0,60,0,0,23,15
2877,Ta15Ti15Nb53V15W30,190.244462,0,53,15,15,15,30,0
378,Zr15Ta15Ti45Mo15W38,168.334466,15,0,15,45,0,38,15
5860,Zr15Ti30Nb30Mo23W30,173.418757,23,30,0,30,0,30,15
10313,Ta30Ti15V23Mo60,206.972252,60,0,30,15,23,0,0
4145,Zr15Ta15V83Mo15,163.762669,15,0,15,0,83,0,15
4521,Zr15Ti15Mo68W30,215.8786,68,0,0,15,0,30,15
8929,Ta45Nb30V23Mo15W15,203.058223,15,30,45,0,23,15,0
11038,Ti15Nb15V15Mo83,215.906535,83,15,0,15,15,0,0
11497,Ti38Nb30V15Mo15W30,181.611636,15,30,0,38,15,30,0
8788,Nb30V75Mo23,190.46654,23,30,0,0,75,0,0
2080,Zr30Ti15Nb15V53Mo15,134.681722,15,15,0,15,53,0,30
6612,Zr23Ta15Nb75Mo15,157.057132,15,75,15,0,0,0,23
8743,Zr15Ta30V15Mo53W15,205.939782,53,0,30,0,15,15,15
1053,Ta38V15Mo60W15,234.930405,60,0,38,0,15,15,0
9468,Zr45Ta45V15Mo23,143.471149,23,0,45,0,15,0,45
1437,Ti15V38W75,234.827102,0,0,0,15,38,75,0
1098,Zr30Nb15V83,133.423891,0,15,0,0,83,0,30
8115,Zr15Ta23Nb30V60,154.739631,0,30,23,0,60,0,15
3360,Zr53Ti15V60,107.501194,0,0,0,15,60,0,53
5097,Ta15Ti15V53Mo45,196.297512,45,0,15,15,53,0,0
4979,Zr68Ta30Nb30,113.792514,0,30,30,0,0,0,68
3367,Zr23Ti15Nb30V30Mo15W15,155.045807,15,30,0,15,30,15,23
6615,Zr23Ti15Nb75Mo15,145.089311,15,75,0,15,0,0,23
6840,Zr15Ti15Nb45V23Mo30,160.325831,30,45,0,15,23,0,15
5400,Zr23Nb90Mo15,152.654194,15,90,0,0,0,0,23
5632,Zr15Ta68Ti30Mo15,156.38118,15,0,68,30,0,0,15
11000,Zr23Ti15Nb15Mo30W45,192.395183,30,15,0,15,0,45,23
3393,Ta15Nb30V60W23,196.89361,0,30,15,0,60,23,0
1054,Zr15Ta38V15Mo60,198.974483,60,0,38,0,15,0,15
7357,Zr23Ti45Mo60,151.477695,60,0,0,45,0,0,23
7733,Zr53Ti15Nb30V15Mo15,118.091043,15,30,0,15,15,0,53
7165,Zr30Ta75Mo23,165.493183,23,0,75,0,0,0,30
1259,Ta38Ti45Nb15V15W15,159.886115,0,15,38,45,15,15,0
4384,Zr60Mo38W30,153.13897,38,0,0,0,0,30,60
11656,Zr38Nb45V30W15,139.215836,0,45,0,0,30,15,38
1868,Zr30V15Mo30W53,202.871527,30,0,0,0,15,53,30
2241,Zr53Ti15Nb15V15Mo30,123.982402,30,15,0,15,15,0,53
10314,Ta30Ti15Mo60W23,228.93165,60,0,30,15,0,23,0
8911,Ti53Nb30V15Mo15W15,157.446872,15,30,0,53,15,15,0
7995,Ta15Ti38V30Mo30W15,181.258861,30,0,15,38,30,15,0
5858,Ti30Nb30V30Mo23W15,179.41407,23,30,0,30,30,15,0
3155,Zr15Ti60Mo30W23,152.996616,30,0,0,60,0,23,15
172,Zr15Ta15Nb30V30Mo15W23,184.339442,15,30,15,0,30,23,15
10925,Zr38Ti15V30Mo45,143.910922,45,0,0,15,30,0,38
9034,Zr45Ta15Ti23Nb15V30,109.841598,0,15,15,23,30,0,45
8549,Ta15Ti15Nb23Mo30W45,226.86092,30,23,15,15,0,45,0
1292,Zr98Ta15Ti15,93.218215,0,0,15,15,0,0,98
1602,Ta38Mo60W30,249.055314,60,0,38,0,0,30,0
9837,V75Mo30W23,220.446672,30,0,0,0,75,23,0
3951,Ta15Nb45Mo30W38,230.424541,30,45,15,0,0,38,0
4142,Ta15Ti83Mo15W15,141.408993,15,0,15,83,0,15,0
6285,Ti15Nb68V45,161.374128,0,68,0,15,45,0,0
9206,Zr38Ta15Ti45V15Mo15,118.072696,15,0,15,45,15,0,38
724,Zr15Ta15Ti15Nb38V30Mo15,154.577907,15,38,15,15,30,0,15
5064,Zr15Ta30V68W15,170.16555,0,0,30,0,68,15,15
186,Ta30Ti30V23Mo15W30,193.648556,15,0,30,30,23,30,0
6043,Ta30Nb45V38Mo15,187.709152,15,45,30,0,38,0,0
3703,Ta23Mo105,247.499556,105,0,23,0,0,0,0
10784,Zr30Ta45Ti15Nb23Mo15,144.529628,15,23,45,15,0,0,30
10126,Zr45Ta15Ti15Mo53,146.550531,53,0,15,15,0,0,45
7501,Zr23Ti15Nb60Mo15W15,156.419956,15,60,0,15,0,15,23
516,Zr60Ta30Nb23V15,118.14988,0,23,30,0,15,0,60
7191,Zr30V23W75,200.926184,0,0,0,0,23,75,30
10748,Ta38Nb60V15Mo15,188.899622,15,60,38,0,15,0,0
4519,Ti15V30Mo68W15,222.849719,68,0,0,15,30,15,0
340,Zr45Nb30Mo38W15,155.297605,38,30,0,0,0,15,45
1408,Nb38V75Mo15,184.773264,15,38,0,0,75,0,0
7966,Zr15Ta30Ti38Nb15Mo30,152.342946,30,15,30,38,0,0,15
7959,Ta53Ti15V30W30,198.787861,0,0,53,15,30,30,0
1857,Zr30Nb15V53Mo30,150.121198,30,15,0,0,53,0,30
2428,Zr30Ta38Ti30V30,128.123865,0,0,38,30,30,0,30
11464,Zr15Nb45V30Mo38,176.771535,38,45,0,0,30,0,15
2625,Zr23Ta45Ti15W45,182.076066,0,0,45,15,0,45,23
11803,Zr30Ta30Ti15Nb15V23Mo15,140.339817,15,15,30,15,23,0,30
4714,Zr30Ta30Ti23Nb15V15Mo15,136.806604,15,15,30,23,15,0,30
9662,Zr30Ta30Nb15Mo23W30,180.703129,23,15,30,0,0,30,30
971,Ta30Nb38V30Mo30,196.865793,30,38,30,0,30,0,0
8112,Ta23Ti60Nb30W15,147.791409,0,30,23,60,0,15,0
2870,Zr30Ti15Nb15Mo53W15,171.147214,53,15,0,15,0,15,30
2417,Ta30Ti30Nb38V30,157.333286,0,38,30,30,30,0,0
6088,Ti30Nb15V60Mo23,168.510536,23,15,0,30,60,0,0
529,Ta45Nb23Mo45W15,224.325419,45,23,45,0,0,15,0
3531,Ta23Ti15W90,251.735466,0,0,23,15,0,90,0
10322,Zr23V30Mo60W15,194.719272,60,0,0,0,30,15,23
11232,Nb38V45Mo45,203.22421,45,38,0,0,45,0,0
9696,Zr15Ti53Mo45W15,157.903233,45,0,0,53,0,15,15
4941,Nb83V15W30,198.281829,0,83,0,0,15,30,0
8744,Zr15Ti30V15Mo53W15,178.358406,53,0,0,30,15,15,15
6247,Ta15Nb30V68W15,190.656617,0,30,15,0,68,15,0
2073,Ta15Ti53Nb15V30Mo15,148.906871,15,15,15,53,30,0,0
5256,Nb53V15Mo30W30,218.04612,30,53,0,0,15,30,0
1266,Ti98Nb15Mo15,122.594875,15,15,0,98,0,0,0
5893,Zr15Ta30Ti30V23W30,162.714271,0,0,30,30,23,30,15
985,Zr30Ta38Mo30W30,186.738965,30,0,38,0,0,30,30
7368,Nb60V45W23,192.443079,0,60,0,0,45,23,0
2884,Ta38Ti30Nb15Mo15W30,193.940276,15,15,38,30,0,30,0
8582,Zr15Ta45V15Mo38W15,197.957685,38,0,45,0,15,15,15
4189,Ta83Nb15V15W15,202.202,0,15,83,0,15,15,0
7395,Zr15Ti68V15Mo15W15,132.648905,15,0,0,68,15,15,15
9450,Zr15Ta15Nb15V15Mo15W53,214.304385,15,15,15,0,15,53,15
3358,Zr53Ta15W60,164.597351,0,0,15,0,0,60,53
11669,Nb15V38Mo60W15,230.303483,60,15,0,0,38,15,0
3735,Zr30Ta15Ti68Mo15,113.839467,15,0,15,68,0,0,30
8576,Zr15Ti15Nb45V15Mo38,166.453853,38,45,0,15,15,0,15
7992,Zr15Ti38Nb15V30Mo30,145.65823,30,15,0,38,30,0,15
8320,Zr30Ti15Nb38V30W15,138.985525,0,38,0,15,30,15,30
10119,Ti15Nb15Mo53W45,239.861711,53,15,0,15,0,45,0
6271,Ta15Ti45Mo68,188.180167,68,0,15,45,0,0,0
9239,Ta23Nb30V75,178.770934,0,30,23,0,75,0,0
382,Zr15Ta15Ti45Nb15V38,128.091446,0,15,15,45,38,0,15
1062,Zr15Ta38Ti15Nb60,152.619275,0,60,38,15,0,0,15
10110,Zr23Ta15Nb15V30Mo15W30,181.092741,15,15,15,0,30,30,23
11660,Zr38Ta45V30W15,146.770337,0,0,45,0,30,15,38
2045,Ta30Mo68W30,253.727499,68,0,30,0,0,30,0
3956,Nb45V15Mo30W38,227.153055,30,45,0,0,15,38,0
11452,Zr15Ta15Ti60Nb23W15,131.786022,0,23,15,60,0,15,15
712,Zr53Ta15Nb15V15Mo15W15,136.415282,15,15,15,0,15,15,53
520,Zr60Ti30Nb23W15,109.508252,0,23,0,30,0,15,60
2879,Zr30Ta15Ti15Nb53W15,142.409934,0,53,15,15,0,15,30
10746,Zr38V75W15,134.906806,0,0,0,0,75,15,38
5867,Ta30Ti30Nb23V30W15,169.398915,0,23,30,30,30,15,0
3163,Ti60Nb30V23W15,143.873077,0,30,0,60,23,15,0
12011,Zr15Ta30Ti53V15W15,138.435314,0,0,30,53,15,15,15
9801,Ta38Ti15Mo30W45,231.780203,30,0,38,15,0,45,0
6623,Zr23Ta75V15Mo15,166.41566,15,0,75,0,15,0,23
6418,Ti30Nb23V30W45,191.475921,0,23,0,30,30,45,0
4174,Zr15Nb83V15Mo15,161.047096,15,83,0,0,15,0,15
2283,Zr38Ta15V60Mo15,134.28538,15,0,15,0,60,0,38
10589,Ta38Nb15V15Mo15W45,233.798742,15,15,38,0,15,45,0
1406,Ta75Nb38Mo15,196.771449,15,38,75,0,0,0,0
4948,Zr30Ta83V15,151.01822,0,0,83,0,15,0,30
5052,Ta68Ti15Nb30W15,188.261593,0,30,68,15,0,15,0
5260,Ta53Ti15Mo30W30,219.483629,30,0,53,15,0,30,0
6849,Zr15Ta45Ti15Nb30V23,152.279109,0,30,45,15,23,0,15
7537,Zr60Ta15Ti23Nb15Mo15,113.915978,15,15,15,23,0,0,60
9459,Ti15Nb45Mo23W45,218.03395,23,45,0,15,0,45,0
7705,Ta15Ti15Nb53V30Mo15,174.299309,15,53,15,15,30,0,0
9808,Zr45Ti38Mo30W15,129.475564,30,0,0,38,0,15,45
3507,Nb15V90Mo23,192.50873,23,15,0,0,90,0,0
3351,Zr53Nb15V60,109.054524,0,15,0,0,60,0,53
4346,Ta23Ti30Mo45W30,213.692851,45,0,23,30,0,30,0
6411,Zr45V30Mo23W30,155.18121,23,0,0,0,30,30,45
3197,Zr23Ta15Nb30V15Mo45,172.90709,45,30,15,0,15,0,23
5269,Ta53Ti15Nb30V30,172.300917,0,30,53,15,30,0,0
5294,Zr15Ta38Nb15V15Mo15W30,195.262438,15,15,38,0,15,30,15
376,Ta15Ti45V38Mo15W15,166.193976,15,0,15,45,38,15,0
2277,Zr38Nb15V60Mo15,131.792161,15,15,0,0,60,0,38
9466,Zr45Ta45Ti15Mo23,136.052241,23,0,45,15,0,0,45
10574,Zr15Nb68W45,193.097995,0,68,0,0,0,45,15
9002,Zr38Ta15Nb15Mo30W30,174.243127,30,15,15,0,0,30,38
4722,Zr45Ta23Ti15Nb15Mo15W15,138.421811,15,15,23,15,0,15,45
10580,Zr15Ta68W45,206.752894,0,0,68,0,0,45,15
11694,Zr15Ta60Ti15W38,188.102728,0,0,60,15,0,38,15
1250,Ti45Nb38V15Mo15W15,162.714787,15,38,0,45,15,15,0
1861,Zr30Ta15Ti53Mo30,128.08672,30,0,15,53,0,0,30
6075,Zr38Ta15V45W30,150.795129,0,0,15,0,45,30,38
1634,Zr30Ta23Nb15V30Mo30,155.515778,30,15,23,0,30,0,30
4510,Nb15V30Mo68W15,235.513173,68,15,0,0,30,15,0
1096,Zr30Ti83Nb15,103.623441,0,15,0,83,0,0,30
5055,Zr15Ta68Nb30V15,166.88728,0,30,68,0,15,0,15
7361,Ta45Ti23Nb60,166.051433,0,60,45,23,0,0,0
8316,Ta15Ti30Nb38V15W30,179.765302,0,38,15,30,15,30,0
8540,Zr15Ta38V15Mo45W15,201.449706,45,0,38,0,15,15,15
11203,Zr30Nb30V53Mo15,142.809698,15,30,0,0,53,0,30
11835,Ta45Ti15W68,233.037136,0,0,45,15,0,68,0
144,Ta30Ti38V15Mo45,179.566148,45,0,30,38,15,0,0
5436,Zr105Mo23,97.919618,23,0,0,0,0,0,105
5604,Ti45Nb38V15W30,165.048853,0,38,0,45,15,30,0
9230,Ta23Mo30W75,278.142282,30,0,23,0,0,75,0
11031,V53W75,247.981952,0,0,0,0,53,75,0
2614,Ta15Ti45Nb45W23,162.838988,0,45,15,45,0,23,0
8927,Ta45Ti23Nb30Mo15W15,187.024417,15,30,45,23,0,15,0
10779,Zr15Ta15Ti60W38,149.322957,0,0,15,60,0,38,15
7154,Zr23Ti15Nb15V45Mo15W15,154.679145,15,15,0,15,45,15,23
8786,Ta75Nb30Mo23,200.880702,23,30,75,0,0,0,0
8918,Zr15Ta30V53Mo15W15,178.750801,15,0,30,0,53,15,15
8329,Ta53Ti45Nb15Mo15,160.399251,15,15,53,45,0,0,0
7968,Zr15Ta30Nb15V38Mo30,177.200867,30,15,30,0,38,0,15
7153,Zr23Ta15Nb15V45Mo15W15,165.064191,15,15,15,0,45,15,23
1895,Ta38Ti30Mo15W45,209.527502,15,0,38,30,0,45,0
11204,Zr30Nb30Mo15W53,192.428932,15,30,0,0,0,53,30
7198,Ti15Nb15V15Mo68W15,221.082226,68,15,0,15,15,15,0
6876,Zr45Ta15Ti23Nb15V15Mo15,121.296005,15,15,15,23,15,0,45
9654,Zr53Ta30Ti30W15,116.614679,0,0,30,30,0,15,53
6086,Ta30Nb15Mo23W60,250.903981,23,15,30,0,0,60,0
2426,Zr30Nb38V30W30,158.630509,0,38,0,0,30,30,30
8920,Ta30Ti53Nb15V15W15,153.825514,0,15,30,53,15,15,0
7508,Ta60Ti15Nb15V15W23,193.701987,0,15,60,15,15,23,0
1439,Zr75Ti15W38,116.101644,0,0,0,15,0,38,75
1091,Ta83Nb15V30,190.764237,0,15,83,0,30,0,0
9698,Ta53Ti15Nb45V15,173.280196,0,45,53,15,15,0,0
3960,Ta45Ti15Mo30W38,226.177344,30,0,45,15,0,38,0
371,Zr15Ta45Nb15Mo15W38,204.187517,15,15,45,0,0,38,15
10913,Ti30Nb15Mo45W38,216.511998,45,15,0,30,0,38,0
9492,Zr30Ta23Nb15Mo60,179.929319,60,15,23,0,0,0,30
5851,Zr15Ti15V75W23,162.530647,0,0,0,15,75,23,15
4977,Ta30Nb30V68,180.448536,0,30,30,0,68,0,0
4983,Nb30V30W68,238.332768,0,30,0,0,30,68,0
4187,Ta83Ti15Nb15W15,191.412902,0,15,83,15,0,15,0
3994,Zr30Ta15Nb38V15Mo15W15,160.654039,15,38,15,0,15,15,30
8772,Ta23Ti15Nb45V15Mo15W15,188.217679,15,45,23,15,15,15,0
3538,Zr90Ti23W15,96.797194,0,0,0,23,0,15,90
2248,Zr53Ti15V15Mo30W15,133.400672,30,0,0,15,15,15,53
349,Zr45Ti30Mo38W15,135.795049,38,0,0,30,0,15,45
11009,Zr23Ta15Ti15Nb30W45,175.16587,0,30,15,15,0,45,23
8124,Zr15Ta30V23W60,213.854817,0,0,30,0,23,60,15
6278,V15Mo68W45,268.520045,68,0,0,0,15,45,0
5431,Nb105Mo23,183.153932,23,105,0,0,0,0,0
11499,Zr30Ti38Nb30Mo15W15,134.87977,15,30,0,38,0,15,30
5099,Zr53Ta15Ti15Mo45,134.549583,45,0,15,15,0,0,53
2421,Zr30Ta30Nb38V30,141.959974,0,38,30,0,30,0,30
5603,Zr30Ta45Nb38W15,158.422666,0,38,45,0,0,15,30
4180,Zr15Ta83V15Mo15,179.136972,15,0,83,0,15,0,15
11036,Ta15Nb15Mo83W15,241.269175,83,15,15,0,0,15,0
7366,Ti45Nb60W23,160.935655,0,60,0,45,0,23,0
4379,Ti30V60Mo38,179.088617,38,0,0,30,60,0,0
5409,Zr23V90Mo15,151.173107,15,0,0,0,90,0,23
947,Ti15Nb30V30Mo30W23,201.725478,30,30,0,15,30,23,0
2613,Ta15Ti45Nb45V23,145.63745,0,45,15,45,23,0,0
978,Zr30Nb38V30Mo30,150.559673,30,38,0,0,30,0,30
143,Zr15Nb30Mo45W38,216.862478,45,30,0,0,0,38,15
2270,Ta60Nb15V38Mo15,193.728269,15,15,60,0,38,0,0
11667,Ti38Nb15Mo60W15,197.372287,60,15,0,38,0,15,0
2846,Ti15Nb38V75,162.327052,0,38,0,15,75,0,0
6081,Zr30Ti23Nb15V15Mo30W15,149.758657,30,15,0,23,15,15,30
7950,Ta15Ti30Nb53W30,180.166761,0,53,15,30,0,30,0
6882,Ta15Ti15Nb30V38Mo30,184.202201,30,30,15,15,38,0,0
10983,Zr15Ti30W83,208.530871,0,0,0,30,0,83,15
3563,Ta60Nb30V15W23,202.740756,0,30,60,0,15,23,0
11851,Zr23Ti30Nb30V30Mo15,135.597389,15,30,0,30,30,0,23
8716,Zr15Ti45V23Mo15W30,155.577388,15,0,0,45,23,30,15
6678,Ta30Ti15Nb68V15,168.930799,0,68,30,15,15,0,0
8372,Zr15Ti15Nb15Mo15W68,215.816066,15,15,0,15,0,68,15
10977,Zr15Ta30Ti83,115.257947,0,0,30,83,0,0,15
312,Ti53Mo75,183.521473,75,0,0,53,0,0,0
4746,Zr75V15Mo15W23,120.055963,15,0,0,0,15,23,75
11409,Zr15Ta15Nb53V15Mo15W15,176.881852,15,53,15,0,15,15,15
4913,Zr15Ta15Ti15Nb38V15Mo30,164.221156,30,38,15,15,15,0,15
11099,Ta15Ti45V23W45,182.995369,0,0,15,45,23,45,0
5499,Zr23Ta15Ti15Mo45W30,190.972135,45,0,15,15,0,30,23
749,Ti60Nb30V38,133.795048,0,30,0,60,38,0,0
1805,Zr38Ta15Ti15Nb30V15W15,133.932486,0,30,15,15,15,15,38
10510,Ti15V23W90,250.201924,0,0,0,15,23,90,0
8140,Zr30Ti30V30Mo23W15,140.82076,23,0,0,30,30,15,30
8386,Ta30Nb60V15Mo23,191.893557,23,60,30,0,15,0,0
7598,Ta30Ti45Nb30W23,165.870142,0,30,30,45,0,23,0
2648,Ta15Ti15Nb68V30,164.618453,0,68,15,15,30,0,0
2822,Zr30Ta15Nb15V23Mo30W15,167.653833,30,15,15,0,23,15,30
1462,Ta15Ti23Nb15V45Mo30,179.569938,30,15,15,23,45,0,0
6011,Zr30Ta30Nb53W15,156.314421,0,53,30,0,0,15,30
2445,Ta45V38Mo30W15,214.88076,30,0,45,0,38,15,0
5694,Zr38Ti15Mo30W45,174.50084,30,0,0,15,0,45,38
1234,Zr15Ta30Ti15V30Mo38,169.413246,38,0,30,15,30,0,15
5009,Ta15V15Mo60W38,255.536188,60,0,15,0,15,38,0
10948,Zr15Ta15Ti30V38Mo15W15,156.276145,15,0,15,30,38,15,15
544,Zr15Ti23V45Mo45,164.644537,45,0,0,23,45,0,15
3335,Ta60Mo15W53,242.015841,15,0,60,0,0,53,0
9092,Zr68Ti30Mo15W15,109.265253,15,0,0,30,0,15,68
11436,Ta60Ti15Nb15Mo23W15,200.50585,23,15,60,15,0,15,0
8988,Zr30Ta45V15Mo15W23,171.93202,15,0,45,0,15,23,30
1496,Zr45Ta15V23Mo30W15,151.753971,30,0,15,0,23,15,45
4322,Zr30Ta15Ti23Nb30V15Mo15,134.644697,15,30,15,23,15,0,30
5204,Zr30Ti68Mo30,115.645399,30,0,0,68,0,0,30
9254,Ti30V23W75,222.1458,0,0,0,30,23,75,0
3904,Zr15Ta38Nb15V15Mo45,188.240404,45,15,38,0,15,0,15
10346,Ta45Nb38V15Mo30,199.710207,30,38,45,0,15,0,0
7934,Ti30Nb15Mo53W30,213.423693,53,15,0,30,0,30,0
10379,Zr15Ti30V38W45,170.7452,0,0,0,30,38,45,15
6812,Ta30Ti60Nb23W15,149.316489,0,23,30,60,0,15,0
6481,Zr15Ti23W90,220.025971,0,0,0,23,0,90,15
7795,Zr15Ta15Ti15Nb23V15W45,185.163522,0,23,15,15,15,45,15
1039,Zr15Ti38V60W15,139.840522,0,0,0,38,60,15,15
9402,Zr53Ti15Mo60,138.301182,60,0,0,15,0,0,53
4574,Ta23Nb60V30Mo15,185.569415,15,60,23,0,30,0,0
4779,Ti23V15Mo60W30,225.585161,60,0,0,23,15,30,0
8524,Zr23Ti30Nb30V15Mo15W15,145.73602,15,30,0,30,15,15,23
9066,Zr15Ta75Ti38,143.540429,0,0,75,38,0,0,15
9630,Zr53Nb30V15Mo30,129.856875,30,30,0,0,15,0,53
5835,Zr15Ti75Mo15W23,134.375902,15,0,0,75,0,23,15
923,V30Mo98,239.17103,98,0,0,0,30,0,0
9059,Ti38Nb75W15,158.55074,0,75,0,38,0,15,0
9865,Ta60Ti45Mo23,165.61833,23,0,60,45,0,0,0
7108,Zr15Ta15Mo75W23,227.283106,75,0,15,0,0,23,15
8570,Ta15Ti15Nb45Mo38W15,202.794396,38,45,15,15,0,15,0
3138,Ta23Nb60V15Mo30,196.248306,30,60,23,0,15,0,0
11260,Zr45Ta45W38,159.951839,0,0,45,0,0,38,45
2213,Zr45Ta15V30Mo38,141.88867,38,0,15,0,30,0,45
5658,Ta30Nb38V15Mo30W15,210.372723,30,38,30,0,15,15,0
9253,Zr75Ta30W23,120.818658,0,0,30,0,0,23,75
8147,Ta30Ti45Nb15V23Mo15,156.026909,15,15,30,45,23,0,0
9637,Zr53Ta30Mo30W15,148.427359,30,0,30,0,0,15,53
7933,Ti30Nb15V30Mo53,185.721678,53,15,0,30,30,0,0
3903,Ta38Nb15V15Mo45W15,223.012717,45,15,38,0,15,15,0
9095,Ta30Ti15Nb15W68,232.124743,0,15,30,15,0,68,0
776,Zr15Ta23Ti45V15Mo30,146.926145,30,0,23,45,15,0,15
8523,Zr23Ta30Nb30V15Mo15W15,172.392553,15,30,30,0,15,15,23
2677,Zr15Ta23V75Mo15,165.033841,15,0,23,0,75,0,15
11856,Zr23Ta30Ti30Mo15W30,164.525421,15,0,30,30,0,30,23
2021,Zr83Ta30Nb15,103.697528,0,15,30,0,0,0,83
11294,Zr15Mo15W98,262.841292,15,0,0,0,0,98,15
118,Zr45Ta15Nb15Mo23W30,163.145231,23,15,15,0,0,30,45
5036,Ti15Nb68Mo30W15,194.94079,30,68,0,15,0,15,0
10970,Ti83Nb30W15,131.829141,0,30,0,83,0,15,0
924,Mo98W30,271.818589,98,0,0,0,0,30,0
6475,Zr15Ta23Ti90,104.23028,0,0,23,90,0,0,15
3597,Zr15Ta15Ti30Nb15V30Mo23,148.346357,23,15,15,30,30,0,15
2019,Ta30Nb15V83,181.571232,0,15,30,0,83,0,0
8711,Zr15Nb45V23Mo15W30,186.584227,15,45,0,0,23,30,15
3769,Ta38Ti30Mo45W15,201.349901,45,0,38,30,0,15,0
8729,Zr15Ta15Ti30Nb23V30W15,148.48843,0,23,15,30,30,15,15
6647,Zr30Ta23Nb15V15Mo15W30,172.498265,15,15,23,0,15,30,30
4914,Zr15Ta15Ti15Nb38Mo30W15,178.640722,30,38,15,15,0,15,15
11604,Zr15Ta30Ti30Mo53,170.931421,53,0,30,30,0,0,15
11052,Zr15Ti15Mo83W15,210.366193,83,0,0,15,0,15,15
1006,Ta15Nb60V15Mo38,201.110173,38,60,15,0,15,0,0
4110,Ta30Ti30Nb15V15Mo38,179.602459,38,15,30,30,15,0,0
2670,Nb23V75Mo15W15,198.732558,15,23,0,0,75,15,0
4580,Nb60V23Mo15W30,209.174706,15,60,0,0,23,30,0
9405,Zr53Mo60W15,161.631604,60,0,0,0,0,15,53
588,Ti45Nb30V53,142.38309,0,30,0,45,53,0,0
7761,Zr53Ti15V30Mo15W15,124.462143,15,0,0,15,30,15,53
10722,Ti15Mo75W38,251.213667,75,0,0,15,0,38,0
5452,Ta38Ti30Nb45Mo15,168.470906,15,45,38,30,0,0,0
9298,Zr15Ti30Nb15V30W38,164.034856,0,15,0,30,30,38,15
7759,Zr53Ta15Ti30Mo15W15,123.312561,15,0,15,30,0,15,53
10528,Zr15V75Mo38,176.035538,38,0,0,0,75,0,15
7305,Zr15Ta15Ti15Nb30V30Mo23,158.650352,23,30,15,15,30,0,15
5832,Zr15Ta75Mo15W23,197.672931,15,0,75,0,0,23,15
2825,Zr30Ta15Ti15Nb30V23W15,141.776968,0,30,15,15,23,15,30
9061,Nb75V38W15,183.712645,0,75,0,0,38,15,0
6223,Zr15Ti15V38W60,196.410141,0,0,0,15,38,60,15
8375,Zr15Ta15Ti15V68Mo15,153.443718,15,0,15,15,68,0,15
7553,Zr60Ta15Nb15V15W23,128.279565,0,15,15,0,15,23,60
7137,Zr30Nb30V15Mo30W23,173.390698,30,30,0,0,15,23,30
6815,Zr15Ta30Nb23V60,155.753032,0,23,30,0,60,0,15
11258,Ta45V38W45,223.931354,0,0,45,0,38,45,0
4128,Zr15Ta15Nb38V30W30,178.604412,0,38,15,0,30,30,15
3751,Zr30Ti15Nb15W68,184.370548,0,15,0,15,0,68,30
2683,Ta23Ti75Nb15V15,128.340443,0,15,23,75,15,0,0
2489,Ta23Ti15Nb60Mo15W15,189.264486,15,60,23,15,0,15,0
3107,Ti15Nb23Mo15W75,240.81064,15,23,0,15,0,75,0
5660,Zr15Ta30Nb38Mo30W15,191.276174,30,38,30,0,0,15,15
1650,Zr30Ta30Ti15V23W30,154.706088,0,0,30,15,23,30,30
1668,Ti23Mo75W30,235.23114,75,0,0,23,0,30,0
782,Zr15Ta23Ti45Nb30W15,142.333043,0,30,23,45,0,15,15
1802,Zr38Ta15Nb15V15Mo30W15,159.10384,30,15,15,0,15,15,38
10984,Zr15V30W83,231.419829,0,0,0,0,30,83,15
120,Zr45Ti15Nb15V30Mo23,123.935583,23,15,0,15,30,0,45
8381,Zr15Ta15Ti15Nb15W68,207.028298,0,15,15,15,0,68,15
6029,Zr38Ti15Nb15Mo15W45,162.941175,15,15,0,15,0,45,38
10174,Zr15Ta15Nb45V30Mo23,167.348957,23,45,15,0,30,0,15
10725,Zr38V15Mo75,173.194658,75,0,0,0,15,0,38
3756,Zr30Ta15V15W68,198.377735,0,0,15,0,15,68,30
1657,Zr15Ta15Ti45Nb23V15W15,140.675296,0,23,15,45,15,15,15
2026,Zr83Nb15V30,97.794109,0,15,0,0,30,0,83
11431,Zr15Ta15Nb45V15W38,187.631696,0,45,15,0,15,38,15
6472,Zr15Nb23W90,236.439314,0,23,0,0,0,90,15
3590,Ta23Ti30Nb30V15W30,181.340106,0,30,23,30,15,30,0
7792,Zr15Ta15Nb15V15Mo23W45,211.902788,23,15,15,0,15,45,15
5203,Ti68Mo30W30,170.104284,30,0,0,68,0,30,0
127,Zr45Ti15V15Mo23W30,147.052149,23,0,0,15,15,30,45
1465,Ta15Nb15V23Mo30W45,238.419268,30,15,15,0,23,45,0
5455,Zr30Ta38Nb45Mo15,154.78173,15,45,38,0,0,0,30
10517,Nb75V15Mo38,197.958496,38,75,0,0,15,0,0
6486,Zr15Ta30Nb53Mo30,177.560554,30,53,30,0,0,0,15
4587,Zr30Ta60V23Mo15,154.991069,15,0,60,0,23,0,30
2684,Ta23Ti75Nb15W15,138.220562,0,15,23,75,0,15,0
5031,Ta15Ti15Nb68Mo30,183.321732,30,68,15,15,0,0,0
7302,Zr30Ta30Ti15V15Mo15W23,160.484147,15,0,30,15,15,23,30
10187,Zr15Ta45Ti15Nb23W30,177.040803,0,23,45,15,0,30,15
7766,Zr53Ti15Nb15V30W15,117.497066,0,15,0,15,30,15,53
8178,Ta15Ti15V45Mo23W30,209.346867,23,0,15,15,45,30,0
3332,Zr53Nb60Mo15,125.809718,15,60,0,0,0,0,53
8944,Zr15Ta30Nb15V45W23,176.982438,0,15,30,0,45,23,15
315,Zr53Mo75,156.259567,75,0,0,0,0,0,53
5667,Zr15Ta38Ti30Mo30W15,171.677737,30,0,38,30,0,15,15
771,Ti45Nb23V15Mo30W15,172.615544,30,23,0,45,15,15,0
4117,Zr15Ti30Nb15V30Mo38,155.201973,38,15,0,30,30,0,15
7130,Zr30Ta15Ti23Nb30Mo30,144.850361,30,30,15,23,0,0,30
543,Ti23V45Mo45W15,202.879616,45,0,0,23,45,15,0
9896,Zr15Ta15Ti15Nb30V15Mo38,168.629652,38,30,15,15,15,0,15
8943,Zr15Ta30Ti45Nb15W23,149.752542,0,15,30,45,0,23,15
2442,Ta45Ti38V15Mo30,172.43602,30,0,45,38,15,0,0
7554,Zr60Ti15Nb15V15W23,118.865698,0,15,0,15,15,23,60
11869,Zr30Ta15Nb15V30Mo38,160.000278,38,15,15,0,30,0,30
9608,Zr30Ti30Nb15V23Mo30,135.266985,30,15,0,30,23,0,30
785,Zr15Ta30Ti23V45W15,152.680712,0,0,30,23,45,15,15
6224,Ta68Ti15Nb15Mo30,192.933326,30,15,68,15,0,0,0
6640,Zr23Ta15Ti75V15,111.562151,0,0,15,75,15,0,23
11603,Ta30Ti30Mo53W15,204.34521,53,0,30,30,0,15,0
3100,Zr45Ti23Nb15V15W30,130.406801,0,15,0,23,15,30,45
10180,Ta45Ti15V30Mo23W15,198.831094,23,0,45,15,30,15,0
9891,Ti23V60W45,199.997203,0,0,0,23,60,45,0
10341,Zr15Ta15Nb15V45Mo23W15,181.890458,23,15,15,0,45,15,15
7905,Ta45Ti45Mo23W15,176.229737,23,0,45,45,0,15,0
3599,Zr15Ta15Nb15V30Mo23W30,196.077304,23,15,15,0,30,30,15
4922,Nb15Mo83W30,262.649007,83,15,0,0,0,30,0
7139,Zr30Ta30Ti15V23Mo30,148.592813,30,0,30,15,23,0,30
1498,Ta15Ti23Nb30V15W45,198.827873,0,30,15,23,15,45,0
8343,Zr45Ta15V53Mo15,130.250025,15,0,15,0,53,0,45
9291,Zr15Ta30Ti30Mo15W38,180.871923,15,0,30,30,0,38,15
8171,Ta15Nb15V45Mo23W30,219.414262,23,15,15,0,45,30,0
4573,Ta23Ti30Nb60Mo15,165.497877,15,60,23,30,0,0,0
11293,Zr15V98Mo15,162.390425,15,0,0,0,98,0,15
1233,Ta30Ti15V30Mo38W15,205.906656,38,0,30,15,30,15,0
3109,Nb23V15Mo15W75,258.477927,15,23,0,0,15,75,0
4741,Zr75Ta15V23Mo15,109.830387,15,0,15,0,23,0,75
8515,Ta15Ti15V15W83,243.314494,0,0,15,15,15,83,0
6649,Zr30Ta15Ti23V15Mo15W30,157.158169,15,0,15,23,15,30,30
8727,Zr15Ti30Nb15V30Mo23W15,158.836985,23,15,0,30,30,15,15
2813,Ta15Ti15Nb15V30W53,214.289033,0,15,15,15,30,53,0
11055,Ta15Ti15Nb83W15,178.705357,0,83,15,15,0,15,0
9862,Nb60V45Mo23,186.327958,23,60,0,0,45,0,0
778,Zr15Ta23V45Mo30W15,188.686277,30,0,23,0,45,15,15
11860,Zr23Ta30Ti30Nb15V30,133.181387,0,15,30,30,30,0,23
2679,Ti23V75Mo15W15,181.177903,15,0,0,23,75,15,0
5038,Nb68V15Mo30W15,206.872291,30,68,0,0,15,15,0
9601,Ta30Ti23Nb15V30Mo30,179.9944,30,15,30,23,30,0,0
10173,Ta15Nb45V30Mo23W15,203.503944,23,45,15,0,30,15,0
6016,Ta53Ti30V15W30,188.018634,0,0,53,30,15,30,0
3935,Zr38Ti15V30Mo30W15,144.590991,30,0,0,15,30,15,38
3564,Zr23Ta60Nb30V15,156.268206,0,30,60,0,15,0,23
5804,Ta23Ti75V15W15,139.177952,0,0,23,75,15,15,0
912,Zr15Ta38V30Mo15W30,195.249017,15,0,38,0,30,30,15
1001,Zr30Ta30Ti38V30,121.119413,0,0,30,38,30,0,30
11438,Ta60Nb15V15Mo23W15,210.732417,23,15,60,0,15,15,0
4748,Ta15Ti23Nb15W75,229.125382,0,15,15,23,0,75,0
5693,Zr38Ti15V45Mo30,134.688219,30,0,0,15,45,0,38
4325,Zr30Ti15Nb30V23Mo15W15,144.738029,15,30,0,15,23,15,30
9433,Zr60Ti15Nb23V15Mo15,114.486645,15,23,0,15,15,0,60
2214,Zr45Ta15Mo38W30,169.858931,38,0,15,0,0,30,45
11267,Zr15Ta15Ti38Nb15Mo15W30,165.477097,15,15,15,38,0,30,15
1491,Zr45Ti23Nb15Mo30W15,139.300162,30,15,0,23,0,15,45
7750,Ta30Nb15V15Mo15W53,237.466607,15,15,30,0,15,53,0
3760,Ta30Nb38Mo45W15,219.853323,45,38,30,0,0,15,0
7562,Ti45Nb15V30Mo23W15,168.842488,23,15,0,45,30,15,0
323,Ta75W53,236.305448,0,0,75,0,0,53,0
11894,Zr30Nb68V15Mo15,144.837767,15,68,0,0,15,0,30
4783,Ta23Ti15Nb60V30,166.169648,0,60,23,15,30,0,0
10348,Zr15Ta45Nb38Mo30,181.156119,30,38,45,0,0,0,15
575,Ta45V53Mo30,201.970184,30,0,45,0,53,0,0
4545,Ta75Mo15W38,233.178947,15,0,75,0,0,38,0
6682,Zr15Ta30Nb68V15,160.642955,0,68,30,0,15,0,15
9265,Zr15Ti38Nb30V30Mo15,138.476857,15,30,0,38,30,0,15
3794,Ta38Nb15V30Mo45,208.240923,45,15,38,0,30,0,0
2646,Zr30Ti15Mo68W15,180.46656,68,0,0,15,0,15,30
10383,Ta30Nb30V23Mo30W15,209.7489,30,30,30,0,23,15,0
6823,Zr15Ta23Ti30W60,189.743623,0,0,23,30,0,60,15
7334,Zr45Nb38V45,121.58155,0,38,0,0,45,0,45
8972,Zr15Ti15Nb45V23Mo15W15,164.476776,15,45,0,15,23,15,15
9050,Zr15Ti38Mo75,174.240454,75,0,0,38,0,0,15
10941,Zr38Ta45V15W30,159.294537,0,0,45,0,15,30,38
7106,Ta15V23Mo75W15,240.842872,75,0,15,0,23,15,0
10519,Zr15Nb75Mo38,175.638216,38,75,0,0,0,0,15
9262,Zr15Ta38Nb30V30Mo15,168.517494,15,30,38,0,30,0,15
1695,Zr38Ta30Ti15Nb15Mo15W15,145.595099,15,15,30,15,0,15,38
8182,Zr30Ti15V15Mo23W45,177.803248,23,0,0,15,15,45,30
9057,Zr15Ta38Nb75,163.047384,0,75,38,0,0,0,15
1008,Zr15Ta15Nb60Mo38,179.852864,38,60,15,0,0,0,15
747,Ta60Nb30W38,215.850105,0,30,60,0,0,38,0
5235,Zr15Ti15Nb60V15Mo23,156.834428,23,60,0,15,15,0,15
111,Zr15Ti15Nb45V23W30,168.083299,0,45,0,15,23,30,15
8718,Zr15Ta45Ti23Nb15V30,146.612103,0,15,45,23,30,0,15
10713,Ti38Nb15Mo75,194.411807,75,15,0,38,0,0,0
1659,Ti30Nb23Mo75,199.515835,75,23,0,30,0,0,0
6824,Zr15Ta23V30W60,211.905676,0,0,23,0,30,60,15
2474,Zr15Ti15Nb60V23Mo15,150.980808,15,60,0,15,23,0,15
8185,Zr30Ta15Ti15Nb23W45,168.67889,0,23,15,15,0,45,30
5651,Zr15Ta15Ti68V30,118.535348,0,0,15,68,30,0,15
5007,Ta15Ti15Mo60W38,240.902653,60,0,15,15,0,38,0
2010,Ta30Mo15W83,277.896583,15,0,30,0,0,83,0
1834,Zr15Ta15Ti15Nb15V23Mo30W15,177.460224,30,15,15,15,23,15,15
2222,Ta15Nb38V30W45,215.499268,0,38,15,0,30,45,0
11407,Zr15Ta15Ti15Nb53V15Mo15,155.4273,15,53,15,15,15,0,15
10946,Zr15Ta30Nb15V38Mo15W15,179.552705,15,15,30,0,38,15,15
3136,Zr75Ti15V23W15,106.222882,0,0,0,15,23,15,75
11635,Zr38Nb30V15Mo45,153.033363,45,30,0,0,15,0,38
3932,Zr38Ta15Ti30V15Mo30,130.92011,30,0,15,30,15,0,38
5463,Ta45Ti38Mo15W30,190.369475,15,0,45,38,0,30,0
11893,Nb68V15Mo15W30,210.706129,15,68,0,0,15,30,0
11063,Zr15Nb83V15W15,164.021464,0,83,0,0,15,15,15
9434,Zr60Ti15Nb23Mo15W15,122.175722,15,23,0,15,0,15,60
11251,Zr45Ti38Nb45,110.125165,0,45,0,38,0,0,45
1833,Zr45Ta15Ti15Nb23V15W15,129.407027,0,23,15,15,15,15,45
6444,Zr15Ta30Ti30Nb38W15,152.404458,0,38,30,30,0,15,15
1453,Zr38Ta45Ti15Mo15W15,149.475259,15,0,45,15,0,15,38
3304,Ta15Ti30Mo15W68,227.70184,15,0,15,30,0,68,0
7596,Zr23V30Mo30W45,204.126827,30,0,0,0,30,45,23
4777,Zr30Ta23V15Mo60,176.852255,60,0,23,0,15,0,30
581,V45Mo30W53,248.68868,30,0,0,0,45,53,0
8986,Zr30Ta45Ti15V23Mo15,144.122576,15,0,45,15,23,0,30
6020,Zr30Ti53V30W15,119.428201,0,0,0,53,30,15,30
3552,Zr23Ta60Ti15Mo30,163.678734,30,0,60,15,0,0,23
11097,Zr45Ti45Nb15W23,116.95108,0,15,0,45,0,23,45
6018,Zr30Ta53Ti30W15,141.400849,0,0,53,30,0,15,30
6212,Ta38Nb15V60W15,194.270224,0,15,38,0,60,15,0
10979,Zr15Ta30V83,156.507209,0,0,30,0,83,0,15
8388,Zr15Ta30Nb60Mo23,173.618809,23,60,30,0,0,0,15
3758,Ta30Ti15Nb38Mo45,196.749638,45,38,30,15,0,0,0
5497,Ta15Ti15V30Mo45W23,217.390363,45,0,15,15,30,23,0
9068,Zr15Ta75V38,164.63052,0,0,75,0,38,0,15
4313,Ta45Ti23Nb15V15Mo15W15,187.420689,15,15,45,23,15,15,0
2480,Zr15Ta60V15Mo15W23,193.669585,15,0,60,0,15,23,15
1205,Ta23Nb45W60,233.868345,0,45,23,0,0,60,0
1661,Nb23Mo75W30,251.429984,75,23,0,0,0,30,0
9854,Zr23Ta30V75,147.147807,0,0,30,0,75,0,23
10521,Ta75V15Mo38,209.829931,38,0,75,0,15,0,0
10145,Zr45Ta53Ti15V15,125.446509,0,0,53,15,15,0,45
4121,Zr15Ta15Ti30V30Mo38,158.597573,38,0,15,30,30,0,15
6676,Zr15Ti30Mo68W15,189.599651,68,0,0,30,0,15,15
10377,Zr15Ta30Ti38W45,171.477673,0,0,30,38,0,45,15
1037,Zr15Ta38Ti60W15,135.156428,0,0,38,60,0,15,15
1692,Zr30V75W23,150.132352,0,0,0,0,75,23,30
5803,Zr15Nb23V75W15,164.907593,0,23,0,0,75,15,15
5669,Zr15Ti38V30Mo30W15,158.164055,30,0,0,38,30,15,15
2814,Zr53Ta15Ti15Nb15V30,114.987289,0,15,15,15,30,0,53
4589,Ti60V23Mo15W30,166.21358,15,0,0,60,23,30,0
4126,Zr15Ta15Ti30Nb38V30,136.541347,0,38,15,30,30,0,15
5490,Ta15Nb15V30Mo45W23,227.986236,45,15,15,0,30,23,0
7591,Zr23Ta30V45Mo30,166.80721,30,0,30,0,45,0,23
10714,Nb15V38Mo75,224.416186,75,15,0,0,38,0,0
10526,Zr15Ti75Mo38,131.361142,38,0,0,75,0,0,15
8975,Ta15Ti23Nb45V30Mo15,168.353096,15,45,15,23,30,0,0
3131,Zr75Nb15V23W15,111.551554,0,15,0,0,23,15,75
4314,Zr15Ta45Ti23Nb15V15Mo15,154.854053,15,15,45,23,15,0,15
324,Zr53Ta75,131.721846,0,0,75,0,0,0,53
11867,Zr30Ta15Ti30Nb15Mo38,144.89893,38,15,15,30,0,0,30
4770,Nb23V15Mo60W30,240.335432,60,23,0,0,15,30,0
5063,Zr15Ta30Ti68W15,128.850674,0,0,30,68,0,15,15
8176,Zr30Ti15Nb15Mo23W45,180.464079,23,15,0,15,0,45,30
6488,Ti30Nb53Mo30W15,183.724538,30,53,0,30,0,15,0
8344,Zr45Ta15Mo15W53,177.281498,15,0,15,0,0,53,45
2028,Ta15Ti30V83,155.479377,0,0,15,30,83,0,0
9639,Zr53Ti30V15Mo30,116.024595,30,0,0,30,15,0,53
4925,Ta15V30Mo83,233.495235,83,0,15,0,30,0,0
3303,Ta15Ti30V68Mo15,163.927838,15,0,15,30,68,0,0
7768,Ta30Ti15Nb30V38Mo15,177.198696,15,30,30,15,38,0,0
10189,Zr15Ti45Nb23V15W30,149.19577,0,23,0,45,15,30,15
5464,Zr30Ta45Ti38Mo15,132.541628,15,0,45,38,0,0,30
129,Zr45Ta15Ti15Nb23V30,118.267911,0,23,15,15,30,0,45
7902,Zr15Nb45V45Mo23,164.630393,23,45,0,0,45,0,15
4119,Zr15Nb15V30Mo38W30,204.463422,38,15,0,0,30,30,15
11064,Ta83Ti15V15W15,191.32733,0,0,83,15,15,15,0
11400,Ta30Ti23Nb15V45W15,174.754418,0,15,30,23,45,15,0
6215,Ti38Nb15V60W15,159.022515,0,15,0,38,60,15,0
2473,Ti15Nb60V23Mo15W15,183.336005,15,60,0,15,23,15,0
9296,Zr15Ta30Ti30Nb15W38,170.967694,0,15,30,30,0,38,15
1454,Zr38Ta45V15Mo15W15,156.441026,15,0,45,0,15,15,38
11269,Zr15Ti15Nb15V38Mo15W30,177.760248,15,15,0,15,38,30,15
8720,Zr15Ta45Nb15V23W30,185.428848,0,15,45,0,23,30,15
11090,Ta45Ti23Nb15W45,205.365056,0,15,45,23,0,45,0
8512,Zr83Ti15Nb15V15,96.704488,0,15,0,15,15,0,83
915,Zr15Ta38Ti30Nb15V30,139.445502,0,15,38,30,30,0,15
2487,Zr15Ta15Ti60V15W23,136.630227,0,0,15,60,15,23,15
9898,Zr15Ta15Nb30V15Mo38W15,192.975579,38,30,15,0,15,15,15
9606,Zr30Ta30Nb15Mo30W23,181.33028,30,15,30,0,0,23,30
1666,Zr30Ta23Mo75,187.493737,75,0,23,0,0,0,30
6671,Ta30V15Mo68W15,239.175894,68,0,30,0,15,15,0
586,Ta45Nb30W53,230.825776,0,30,45,0,0,53,0
2017,Zr83Mo15W30,121.071592,15,0,0,0,0,30,83
6443,Zr15Ta30Ti30Nb38V15,140.831346,0,38,30,30,15,0,15
3555,Zr23Ta60Mo30W15,187.494159,30,0,60,0,0,15,23
2641,Ta15V15Mo68W30,251.902706,68,0,15,0,15,30,0
1030,Zr15Ta60Nb38W15,180.07775,0,38,60,0,0,15,15
11858,Zr23Ti30V30Mo15W30,155.431409,15,0,0,30,30,30,23
10142,Zr45Ti15Nb53W15,127.767571,0,53,0,15,0,15,45
5232,Zr15Ta15Nb60V15Mo23,169.440522,23,60,15,0,15,0,15
6685,Zr15Ti30Nb68V15,136.85852,0,68,0,30,15,0,15
10370,Zr15Ta38Nb30W45,199.834744,0,30,38,0,0,45,15
11256,Ta45Ti38W45,193.882898,0,0,45,38,0,45,0
3767,Zr15Nb38Mo45W30,209.743978,45,38,0,0,0,30,15
572,Nb45Mo30W53,244.585935,30,45,0,0,0,53,0
1202,Zr60Mo45W23,150.399295,45,0,0,0,0,23,60
5000,Ti15Nb15V38Mo60,202.34961,60,15,0,15,38,0,0
4784,Ta23Ti15Nb60W30,192.703578,0,60,23,15,0,30,0
8981,Ti15Nb45V23Mo15W30,198.209989,15,45,0,15,23,30,0
116,Ta15Nb15V30Mo23W45,234.486227,23,15,15,0,30,45,0
10384,Zr15Ta30Nb30V23Mo30,176.532385,30,30,30,0,23,0,15
8149,Zr23Ta30Ti45Nb15Mo15,131.661785,15,15,30,45,0,0,23
11632,Ti15Nb30Mo45W38,227.028985,45,30,0,15,0,38,0
5656,Ta30Ti15Nb38Mo30W15,199.422206,30,38,30,15,0,15,0
4542,Zr38Nb75Mo15,139.671102,15,75,0,0,0,0,38
7101,Zr15Nb15V23Mo75,201.358044,75,15,0,0,23,0,15
9853,Ta30V75W23,202.942868,0,0,30,0,75,23,0
7333,Nb38V45W45,214.095265,0,38,0,0,45,45,0
7757,Ta15Ti30V15Mo15W53,213.517967,15,0,15,30,15,53,0
7565,Zr15Nb15V45Mo23W30,193.512545,23,15,0,0,45,30,15
2225,Ti15Nb38V30W45,202.050655,0,38,0,15,30,45,0
3793,Ta38Ti30Nb15Mo45,186.265853,45,15,38,30,0,0,0
6027,Ti15Nb15V45Mo15W38,207.924382,15,15,0,15,45,38,0
8780,Zr30Ta23Ti15Nb30V15Mo15,139.687075,15,30,23,15,15,0,30
11037,Zr15Ta15Nb15Mo83,209.297428,83,15,15,0,0,0,15
10581,Ti68V45W15,139.841315,0,0,0,68,45,15,0
3162,Zr15Ta60Nb30W23,185.91277,0,30,60,0,0,23,15
1407,Ti75Nb38Mo15,133.446582,15,38,0,75,0,0,0
5261,Zr30Ta53Ti15Mo30,155.452047,30,0,53,15,0,0,30
6080,Zr30Ta23Nb15V15Mo30W15,169.497262,30,15,23,0,15,15,30
4181,Zr15Ta83Mo15W15,192.551587,15,0,83,0,0,15,15
10575,Ta68Ti45V15,154.168584,0,0,68,45,15,0,0
8774,Zr15Ta23Ti15Nb45Mo15W15,169.436406,15,45,23,15,0,15,15
10747,Ta38Ti15Nb60Mo15,180.103849,15,60,38,15,0,0,0
6410,Zr45Ti30Mo23W30,140.297659,23,0,0,30,0,30,45
4949,Zr30Ta83W15,164.603752,0,0,83,0,0,15,30
941,Ta15Ti30Nb30V23Mo30,172.296022,30,30,15,30,23,0,0
2044,Ta30V30Mo68,224.804379,68,0,30,0,30,0,0
6246,Zr15Ta15Ti68Nb30,119.401835,0,30,15,68,0,0,15
519,Zr60Ti30Nb23V15,101.99096,0,23,0,30,15,0,60
5053,Zr15Ta68Ti15Nb30,157.728899,0,30,68,15,0,0,15
10323,Ta30Ti15Nb60V23,168.34892,0,60,30,15,23,0,0
7956,Zr30Ti15Nb53V30,128.691628,0,53,0,15,30,0,30
8546,Zr15Ti38Nb45V15W15,140.950505,0,45,0,38,15,15,15
11661,Zr38Ti45V30W15,115.646055,0,0,0,45,30,15,38
7536,Ta15Ti23Nb15Mo15W60,225.376869,15,15,15,23,0,60,0
3196,Ta15Nb30V15Mo45W23,225.862458,45,30,15,0,15,23,0
5259,Ta53Ti15V30Mo30,191.515129,30,0,53,15,30,0,0
1063,Ta38Nb60V15W15,192.949785,0,60,38,0,15,15,0
7358,V45Mo60W23,241.077272,60,0,0,0,45,23,0
1251,Zr15Ti45Nb38V15Mo15,133.434088,15,38,0,45,15,0,15
11659,Zr38Ta45Ti30W15,132.224311,0,0,45,30,0,15,38
2418,Ta30Ti30Nb38W30,183.68189,0,38,30,30,0,30,0
2276,Nb15V60Mo15W38,221.550792,15,15,0,0,60,38,0
9494,Ti23Nb15Mo60W30,224.225425,60,15,0,23,0,30,0
5857,Zr15Ta30Nb30Mo23W30,200.239638,23,30,30,0,0,30,15
521,Zr60Nb23V30W15,118.127176,0,23,0,0,30,15,60
3350,Nb15V60W53,226.246688,0,15,0,0,60,53,0
5295,Zr15Ti38Nb15V15Mo15W30,161.324242,15,15,0,38,15,30,15
11453,Zr15Ta15Nb23V60W15,165.668189,0,23,15,0,60,15,15
8310,Zr30Nb15V30Mo38W15,170.761598,38,15,0,0,30,15,30
5605,Zr30Ti45Nb38V15,116.359396,0,38,0,45,15,0,30
8122,Zr15Ta30Ti23V60,142.18757,0,0,30,23,60,0,15
1097,Nb15V83W30,204.459224,0,15,0,0,83,30,0
4511,Zr15Nb15V30Mo68,197.90412,68,15,0,0,30,0,15
145,Ta30Ti38Mo45W15,193.569772,45,0,30,38,0,15,0
2878,Zr30Ta15Ti15Nb53V15,132.181946,0,53,15,15,15,0,30
377,Zr15Ta15Ti45V38Mo15,135.03323,15,0,15,45,38,0,15
6884,Zr38Ta15Ti15Nb30Mo30,139.841869,30,30,15,15,0,0,38
3992,Zr30Ta15Ti15Nb38V15Mo15,140.195129,15,38,15,15,15,0,30
713,Zr53Ti15Nb15V15Mo15W15,126.666631,15,15,0,15,15,15,53
7704,Zr15Ta23Ti30V15W45,174.934148,0,0,23,30,15,45,15
979,Zr30Nb38Mo30W30,180.748533,30,38,0,0,0,30,30
4347,Zr30Ta23Ti30Mo45,148.329798,45,0,23,30,0,0,30
2612,Zr23V15Mo45W45,214.311979,45,0,0,0,15,45,23
1635,Zr30Ta23Nb15Mo30W30,185.12471,30,15,23,0,0,30,30
2840,Zr75V15Mo38,114.167954,38,0,0,0,15,0,75
6074,Zr38Ta15Ti45W30,128.47679,0,0,15,45,0,30,38
11833,Zr68Nb45W15,117.088593,0,45,0,0,0,15,68
1893,Zr45Nb38Mo15W30,156.04187,15,38,0,0,0,30,45
383,Zr15Ta15Ti45Nb15W38,157.945624,0,15,15,45,0,38,15
7360,Zr23Mo60W45,224.498267,60,0,0,0,0,45,23
6848,Ta45Ti15Nb30V23W15,183.294773,0,30,45,15,23,15,0
9458,Ti15Nb45V45Mo23,175.34959,23,45,0,15,45,0,0
7394,Zr15Ta68V15Mo15W15,187.847648,15,0,68,0,15,15,15
9800,Ta38Ti15V45Mo30,188.834451,30,0,38,15,45,0,0
11205,Ta30Ti53V30Mo15,150.068242,15,0,30,53,30,0,0
2282,Ta15V60Mo15W38,225.939249,15,0,15,0,60,38,0
3734,Ta15Ti68Mo15W30,163.263093,15,0,15,68,0,30,0
2420,Ta30Nb38V30W30,203.543769,0,38,30,0,30,30,0
9493,Ti23Nb15V30Mo60,196.559659,60,15,0,23,30,0,0
3506,Ti90Nb15Mo23,129.421179,23,15,0,90,0,0,0
6622,Ta75V15Mo15W23,217.393265,15,0,75,0,15,23,0
4723,Zr45Ta23Nb15V15Mo15W15,145.074774,15,15,23,0,15,15,45
4175,Zr15Nb83Mo15W15,174.882351,15,83,0,0,0,15,15
8328,Zr15Ta30Ti30Nb23V15W15,151.179854,0,23,30,30,15,15,15
5437,Ta105Nb23,197.82082,0,23,105,0,0,0,0
10111,Zr23Ti15Nb15V30Mo15W30,168.10677,15,15,0,15,30,30,23
11695,Zr15Ta60V15W38,197.606995,0,0,60,0,15,38,15
12010,Zr15Ti53Nb30V15W15,133.59555,0,30,0,53,15,15,15
7152,Zr23Ta15Ti45Nb15Mo15W15,140.977913,15,15,15,45,0,15,23
8926,Ta45Ti23Nb30V15Mo15,173.605004,15,30,45,23,15,0,0
5850,Zr15Ta15V75W23,175.802725,0,0,15,0,75,23,15
11498,Zr30Ti38Nb30V15Mo15,124.496399,15,30,0,38,15,0,30
5065,Zr15Ti30V68W15,145.236872,0,0,0,30,68,15,15
8773,Zr15Ta23Ti15Nb45V15Mo15,155.642107,15,45,23,15,15,0,15
7951,Zr30Ta15Ti30Nb53,125.63032,0,53,15,30,0,0,30
9655,Zr53Ta30V30W15,129.793796,0,0,30,0,30,15,53
946,Zr23Ta15Nb30Mo30W30,192.182436,30,30,15,0,0,30,23
9003,Ti15Nb15V30Mo30W38,217.877908,30,15,0,15,30,38,0
11008,Zr23Ta15Ti15Nb30V45,136.760991,0,30,15,15,45,0,23
3392,Zr23Ta15Ti60Nb30,114.911335,0,30,15,60,0,0,23
3961,Zr38Ta45Ti15Mo30,145.720418,30,0,45,15,0,0,38
2624,Zr23Ta45Ti15V45,140.496147,0,0,45,15,45,0,23
3154,Zr15Ti60V23Mo30,133.234001,30,0,0,60,23,0,15
3366,Zr23Ta15Nb30V30Mo15W15,166.558666,15,30,15,0,30,15,23
11834,Ta45Ti15V68,171.344576,0,0,45,15,68,0,0
6426,Zr45Ti23V30W30,127.490776,0,0,0,23,30,30,45
4976,Ta30Ti68Nb30,134.420907,0,30,30,68,0,0,0
5408,V90Mo15W23,211.435144,15,0,0,0,90,23,0
8125,Zr15Ti30V23W60,185.649145,0,0,0,30,23,60,15
6883,Ta15Ti15Nb30Mo30W38,219.226255,30,30,15,15,0,38,0
2240,Ti15Nb15V15Mo30W53,233.021743,30,15,0,15,15,53,0
8317,Zr30Ta15Ti30Nb38V15,124.649427,0,38,15,30,15,0,30
725,Zr15Ta15Ti15Nb38Mo15W30,180.482569,15,38,15,15,0,30,15
348,Zr45Ti30V15Mo38,125.826002,38,0,0,30,15,0,45
8541,Zr15Ti38V15Mo45W15,167.572478,45,0,0,38,15,15,15
1438,Zr75Ti15V38,98.683982,0,0,0,15,38,0,75
4378,Zr60Ta30Mo38,136.637794,38,0,30,0,0,0,60
10778,Zr15Ta15Ti60V38,121.582275,0,0,15,60,38,0,15
7509,Zr23Ta60Ti15Nb15V15,146.145413,0,15,60,15,15,0,23
1860,Ta15Ti53Mo30W30,183.579283,30,0,15,53,0,30,0
4982,Zr68Ti30Nb30,97.051641,0,30,0,30,0,0,68
10912,Ti30Nb15V38Mo45,180.28548,45,15,0,30,38,0,0
9467,Ta45V15Mo23W45,238.884527,23,0,45,0,15,45,0
2847,Ti15Nb38W75,233.039589,0,38,0,15,0,75,0
9231,Zr75Ta23Mo30,120.692571,30,0,23,0,0,0,75
3995,Zr30Ti15Nb38V15Mo15W15,148.056525,15,38,0,15,15,15,30
5098,Ta15Ti15Mo45W53,245.87225,45,0,15,15,0,53,0
2249,Ta15Ti15Nb30V15W53,212.657192,0,30,15,15,15,53,0
1894,Ta38Ti30V45Mo15,167.286885,15,0,38,30,45,0,0
6279,Zr45V15Mo68,160.36218,68,0,0,0,15,0,45
8919,Zr15Ti30V53Mo15W15,151.702203,15,0,0,30,53,15,15
8787,Ti75Nb30Mo23,138.076743,23,30,0,75,0,0,0
5091,Ti15Nb15V53Mo45,194.303712,45,15,0,15,53,0,0
1293,Ta15V15W98,280.92783,0,0,15,0,15,98,0
5401,Ta90Ti23Mo15,183.575513,15,0,90,23,0,0,0
11233,Nb38Mo45W45,242.788508,45,38,0,0,0,45,0
6284,Zr45Ta15Nb68,128.781089,0,68,15,0,0,0,45
3539,Zr90V23W15,100.532169,0,0,0,0,23,15,90
11465,Zr15Nb45Mo38W30,206.202289,38,45,0,0,0,30,15
6877,Zr45Ta15Ti23Nb15Mo15W15,131.131564,15,15,15,23,0,15,45
5633,Ta68V30Mo15W15,208.180224,15,0,68,0,30,15,0
10771,Zr15Ta60Nb15V38,163.134339,0,15,60,0,38,0,15
5859,Zr15Ti30Nb30V30Mo23,147.013303,23,30,0,30,30,0,15
7732,Ti15Nb30V15Mo15W53,221.738693,15,30,0,15,15,53,0
2072,Zr30V68W30,157.723093,0,0,0,0,68,30,30
173,Zr15Ti15Nb30V30Mo15W23,170.970956,15,30,0,15,30,23,15
11657,Ta45Ti30V15W38,193.595586,0,0,45,30,15,38,0
7958,Zr30Nb53V15W30,159.407912,0,53,0,0,15,30,30
7500,Zr23Ti15Nb60V15Mo15,143.797913,15,60,0,15,15,0,23
4385,Ta30Ti60Nb38,139.557429,0,38,30,60,0,0,0
1431,Ta15Ti38V75,149.482033,0,0,15,38,75,0,0
3968,Zr38V45Mo30W15,152.87475,30,0,0,0,45,15,38
517,Zr60Ta30Nb23W15,127.795264,0,23,30,0,0,15,60
341,Ta30Ti15V45Mo38,193.55356,38,0,30,15,45,0,0
11001,Zr23Nb15V15Mo30W45,203.465738,30,15,0,0,15,45,23
6614,Ti15Nb75Mo15W23,192.210784,15,75,0,15,0,23,0
4143,Zr15Ta15Ti83Mo15,119.142624,15,0,15,83,0,0,15
10543,Ta38V75W15,196.352112,0,0,38,0,75,15,0
8910,Zr15Ta53Nb30Mo15W15,184.857859,15,30,53,0,0,15,15
2416,Zr30V30Mo38W30,183.750447,38,0,0,0,30,30,30
5257,Zr30Nb53V15Mo30,152.374446,30,53,0,0,15,0,30
7356,Ti45Mo60W23,201.208668,60,0,0,45,0,23,0
8548,Ta15Ti15Nb23V45Mo30,184.307805,30,23,15,15,45,0,0
10785,Ta45Nb23V15Mo15W30,217.322113,15,23,45,0,15,30,0
7199,Zr15Ti15Nb15V15Mo68,187.795995,68,15,0,15,15,0,15
7164,Ta75Mo23W30,231.254824,23,0,75,0,0,30,0
7967,Ta30Nb15V38Mo30W15,210.782199,30,15,30,0,38,15,0
970,Ta30Ti30Nb38Mo30,176.3109,30,38,30,30,0,0,0
8113,Zr15Ta23Ti60Nb30,123.982152,0,30,23,60,0,0,15
3359,Ti15V60W53,214.846886,0,0,0,15,60,53,0
6089,Ti30Nb15Mo23W60,223.882294,23,15,0,30,0,60,0
10315,Zr23Ta30Ti15Mo60,177.050013,60,0,30,15,0,0,23
4518,Zr15Ta15Mo68W30,230.030751,68,0,15,0,0,30,15
9469,Zr45Ta45Mo23W15,156.271329,23,0,45,0,0,15,45
10118,Ti15Nb15V45Mo53,198.541366,53,15,0,15,45,0,0
10924,Ti15V30Mo45W38,229.425227,45,0,0,15,30,38,0
984,Zr30Ta38V30Mo30,157.465464,30,0,38,0,30,0,30
7190,Zr30Ti23W75,184.274079,0,0,0,23,0,75,30
7369,Zr23Nb60V45,141.701917,0,60,0,0,45,0,23
3530,Ta23Ti15V90,168.976254,0,0,23,15,90,0,0
8577,Zr15Ti15Nb45Mo38W15,180.110155,38,45,0,15,0,15,15
1052,Zr15Ta38Ti15Mo60,187.578883,60,0,38,15,0,0,15
9035,Zr45Ta15Ti23Nb15W30,135.524973,0,15,15,23,0,30,45
180,Zr30Ta30Nb30V23Mo15,149.905645,15,30,30,0,23,0,30
1267,Nb15V98Mo15,188.583233,15,15,0,0,98,0,0
10120,Zr45Ti15Nb15Mo53,143.678335,53,15,0,15,0,0,45
11668,Zr15Ti38Nb15Mo60,166.182819,60,15,0,38,0,0,15
5268,Zr30V53Mo30W15,163.824282,30,0,0,0,53,15,30
8321,Zr30Ta38Ti15V30W15,144.716259,0,0,38,15,30,15,30
4527,Zr15Ta15Nb68V30,154.953624,0,68,15,0,30,0,15
9697,Zr15V53Mo45W15,195.588903,45,0,0,0,53,15,15
4371,Ti60Nb30Mo38,154.964934,38,30,0,60,0,0,0
10588,Zr45Ta38Ti15Nb15Mo15,132.094138,15,15,38,15,0,0,45
9238,Ta23Ti75Nb30,129.142042,0,30,23,75,0,0,0
10127,Ta15V15Mo53W45,259.428934,53,0,15,0,15,45,0
11802,Ta30Ti15Nb15V23Mo15W30,203.498638,15,15,30,15,23,30,0
6042,Ta30Ti38Nb45Mo15,160.745151,15,45,30,38,0,0,0
4188,Zr15Ta83Ti15Nb15,159.538938,0,15,83,15,0,0,15
9809,Zr45V38Mo30W15,146.222666,30,0,0,0,38,15,45
1856,Nb15V53Mo30W30,224.27451,30,15,0,0,53,30,0
5866,Zr15Ti30V30Mo23W30,173.962186,23,0,0,30,30,30,15
187,Zr30Ta30Ti30V23Mo15,132.400866,15,0,30,30,23,0,30
6277,Zr45Ti15Mo68,152.01908,68,0,0,15,0,0,45
528,Ta45Nb23V15Mo45,209.284994,45,23,45,0,15,0,0
2871,Zr30Nb15V15Mo53W15,180.52016,53,15,0,0,15,15,30
8745,Ta30Ti15Nb53V15W15,180.123546,0,53,30,15,15,15,0
10544,Zr15Ta38V75,156.509476,0,0,38,0,75,0,15
4712,Zr23Ti15V15W75,199.350097,0,0,0,15,15,75,23
2885,Zr30Ta38Ti30Nb15Mo15,136.251236,15,15,38,30,0,0,30
9836,Zr23Ti75Mo30,121.883791,30,0,0,75,0,0,23
3702,Nb23Mo105,242.406165,105,23,0,0,0,0,0
1258,Zr15Ti38V45Mo15W15,147.714656,15,0,0,38,45,15,15
2429,Zr30Ta38Ti30W30,148.39838,0,0,38,30,0,30,30
4715,Zr30Ta30Ti23Nb15Mo15W15,148.340776,15,15,30,23,0,15,30
6270,Zr45Nb15Mo68,162.040377,68,15,0,0,0,0,45
1869,Ta15Ti53Nb30V30,140.390439,0,30,15,53,30,0,0
1603,Zr30Ta38Mo60,180.409276,60,0,38,0,0,0,30
1055,Zr15Ta38Mo60W15,213.941974,60,0,38,0,0,15,15
4940,Zr30Ti15Nb83,131.219093,0,83,0,15,0,0,30
10312,Zr23Nb30Mo60W15,197.744392,60,30,0,0,0,15,23
9831,Ta75V23Mo30,205.193376,30,0,75,0,23,0,0
11491,Ta38Ti15Nb30V30Mo15,177.936457,15,30,38,15,30,0,0
2086,Zr30Ta15V15Mo15W53,192.675203,15,0,15,0,15,53,30
9207,Zr38Ta15Ti45Mo15W15,127.939677,15,0,15,45,0,15,38
6419,Zr45Ti30Nb23V30,108.274757,0,23,0,30,30,0,45
9663,Ti30Nb15V30Mo23W30,192.773272,23,15,0,30,30,30,0
2623,Ta45Ti15V45W23,191.989814,0,0,45,15,45,23,0
7351,Ta45Ti23Mo60,203.039667,60,0,45,23,0,0,0
7197,Zr15Ta15Nb15Mo68W15,213.505579,68,15,15,0,0,15,15
7163,Ta75V30Mo23,201.175167,23,0,75,0,30,0,0
1260,Zr15Ta38Ti45Nb15V15,132.55467,0,15,38,45,15,0,15
4520,Zr15Ti15V30Mo68,185.492904,68,0,0,15,30,0,15
3957,Zr38Nb45V15Mo30,144.58942,30,45,0,0,15,0,38
2081,Zr30Ti15Nb15Mo15W53,180.490711,15,15,0,15,0,53,30
6879,Zr45Ti15Nb15V23Mo15W15,131.341809,15,15,0,15,23,15,45
8583,Zr15Ti45V15Mo38W15,157.995734,38,0,0,45,15,15,15
6841,Zr15Ti15Nb45Mo30W23,182.469728,30,45,0,15,0,23,15
3537,Zr90Ti23V15,91.755677,0,0,0,23,15,0,90
6045,Zr38Ta30Nb45Mo15,142.757882,15,45,30,0,0,0,38
5892,Zr15Ti30Nb30V23W30,157.260031,0,30,0,30,23,30,15
3153,Ti60V23Mo30W15,162.158967,30,0,0,60,23,15,0
6421,Zr45Nb23V30W30,141.811644,0,23,0,0,30,30,45
3705,V23Mo105,245.325598,105,0,0,0,23,0,0
2849,Nb38V15W75,244.010159,0,38,0,0,15,75,0
11496,Zr30Ta38Nb30Mo15W15,166.133366,15,30,38,0,0,15,30
722,Zr15Ta45Ti15Nb15V15W23,169.615461,0,15,45,15,15,23,15
9451,Zr15Ti15Nb15V15Mo15W53,199.304862,15,15,0,15,15,53,15
7993,Zr15Ti38Nb15Mo30W30,172.990011,30,15,0,38,0,30,15
8917,Zr15Ta30Ti53Mo15W15,146.664686,15,0,30,53,0,15,15
11462,Zr15Ti30Nb45Mo38,157.098711,38,45,0,30,0,0,15
3361,Zr53Ti15W60,153.061538,0,0,0,15,0,60,53
7960,Zr30Ta53Ti15V30,137.20519,0,0,53,15,30,0,30
11039,Ti15Nb15Mo83W15,231.760898,83,15,0,15,0,15,0
5439,Nb23V105,178.225238,0,23,0,0,105,0,0
6283,Ta15Nb68W45,215.854154,0,68,15,0,0,45,0
7538,Ta15Nb15V23Mo15W60,241.461766,15,15,15,0,23,60,0
7735,Zr53Nb30V15Mo15W15,136.330396,15,30,0,0,15,15,53
2882,Zr30Ta53Ti15V15W15,146.673518,0,0,53,15,15,15,30
8928,Zr15Ta45Ti23Nb30Mo15,157.117726,15,30,45,23,0,0,15
1851,Ta53Nb15Mo30W30,232.196244,30,15,53,0,0,30,0
11234,Zr45Nb38Mo45,147.952693,45,38,0,0,0,0,45
4349,Zr30Ta23V30Mo45,165.878684,45,0,23,0,30,0,30
1099,Zr30Nb15W83,210.811481,0,15,0,0,0,83,30
9664,Zr30Ti30Nb15V30Mo23,130.746713,23,15,0,30,30,0,30
9456,Ta15Nb45Mo23W45,232.884088,23,45,15,0,0,45,0
9200,Zr38Ta45Nb15Mo15W15,157.428715,15,15,45,0,0,15,38
8584,Ta45Ti15Nb38V15W15,183.793057,0,38,45,15,15,15,0
174,Zr15Ta30Ti15V30Mo15W23,176.982546,15,0,30,15,30,23,15
6248,Zr15Ta15Nb30V68,154.365407,0,30,15,0,68,0,15
983,Ta38V30Mo30W30,229.858021,30,0,38,0,30,30,0
2876,Zr30Ti15V15Mo53W15,169.186472,53,0,0,15,15,15,30
9032,Zr45Ti15V23Mo15W30,141.071993,15,0,0,15,23,30,45
5406,Ti90Mo15W23,141.114317,15,0,0,90,0,23,0
9690,Zr15Ta53Ti15Mo45,180.300319,45,0,53,15,0,0,15
8114,Ta23Nb30V60W15,191.042374,0,30,23,0,60,15,0
977,Nb38V30Mo30W30,219.653535,30,38,0,0,30,30,0
11805,Zr30Ta30Nb15V15Mo15W23,169.882165,15,15,30,0,15,23,30
4382,V30Mo38W60,265.782309,38,0,0,0,30,60,0
4978,Ta30Nb30W68,243.258267,0,30,30,0,0,68,0
2247,Zr53Ta15V15Mo30W15,144.274692,30,0,15,0,15,15,53
1294,Zr98Ta15V15,96.184185,0,0,15,0,15,0,98
10923,Zr38Ta15Mo45W30,184.734894,45,0,15,0,0,30,38
4947,Ta83V15W30,215.953548,0,0,83,0,15,30,0
5895,Ta30Ti15Nb30Mo30W23,206.743547,30,30,30,15,0,23,0
5861,Zr15Nb30V30Mo23W30,193.893262,23,30,0,0,30,30,15
3198,Zr23Ta15Nb30Mo45W15,189.88414,45,30,15,0,0,15,23
5250,Ta15Nb53V30Mo30,193.946511,30,53,15,0,30,0,0
11650,Ta30Nb45V15W38,210.168015,0,45,30,0,15,38,0
3508,Nb15Mo23W90,277.87429,23,15,0,0,0,90,0
6846,Zr15Ta45V15Mo30W23,199.890605,30,0,45,0,15,23,15
6613,Ti15Nb75V23Mo15,170.107864,15,75,0,15,23,0,0
510,Zr60Ti30Mo23W15,118.041759,23,0,0,30,0,15,60
2411,Zr30Ta30V30Mo38,162.89378,38,0,30,0,30,0,30
8742,Zr15Ta30Ti15Mo53W15,195.615707,53,0,30,15,0,15,15
1409,Nb38Mo15W75,255.450786,15,38,0,0,0,75,0
5096,Zr53Nb15Mo45W15,150.884898,45,15,0,0,0,15,53
1604,Ti38V30Mo60,185.382197,60,0,0,38,30,0,0
2278,Zr38Nb15Mo15W60,187.689784,15,15,0,0,0,60,38
8789,Nb30Mo23W75,262.27629,23,30,0,0,0,75,0
1436,Zr75Ta15W38,126.03857,0,0,15,0,0,38,75
5062,Zr15Ta30Ti68V15,121.823282,0,0,30,68,15,0,15
3950,Ta15Nb45V38Mo30,195.157215,30,45,15,0,38,0,0
3395,Zr23Ta15Nb30W60,199.850254,0,30,15,0,0,60,23
10749,Ta38Nb60Mo15W15,202.717104,15,60,38,0,0,15,0
11006,Zr23Ti15V15Mo30W45,191.711542,30,0,0,15,15,45,23
7507,Zr23Ti60V15Mo15W15,128.679175,15,0,0,60,15,15,23
10776,Zr15Nb15V60W38,185.284336,0,15,0,0,60,38,15
4144,Ta15V83Mo15W15,204.051145,15,0,15,0,83,15,0
10782,Ta45Ti15Nb23V30Mo15,179.667184,15,23,45,15,30,0,0
8326,Zr15Ti30Nb30V15Mo23W15,159.086904,23,30,0,30,15,15,15
948,Zr23Ti15Nb30V30Mo30,150.802628,30,30,0,15,30,0,23
2075,Zr30Ta15Ti53Nb15Mo15,120.371449,15,15,15,53,0,0,30
8319,Zr30Ta15Nb38V30W15,150.929118,0,38,15,0,30,15,30
379,Zr15Ta15V45Mo15W38,198.348066,15,0,15,0,45,38,15
7994,Zr15Nb15V38Mo30W30,198.679961,30,15,0,0,38,30,15
4376,Ta30V60Mo38,204.456441,38,0,30,0,60,0,0
5634,Zr15Ta68V30Mo15,173.885896,15,0,68,0,30,0,15
346,Zr45Ta30Mo38W15,161.280227,38,0,30,0,0,15,45
1632,Zr30Ta23Ti30Nb15Mo30,141.161514,30,15,23,30,0,0,30
7393,Zr15Ta68Ti15Mo15W15,178.81148,15,0,68,15,0,15,15
4172,Zr15Ti15Nb83Mo15,152.784474,15,83,0,15,0,0,15
9807,Zr45Ti38V15Mo30,117.826764,30,0,0,38,15,0,45
384,Zr15Ta15Nb15V45W38,187.184009,0,15,15,0,45,38,15
11202,Nb30V53Mo15W30,210.889856,15,30,0,0,53,30,0
5292,Zr15Ta38Ti15Nb15V30Mo15,157.176221,15,15,38,15,30,0,15
3733,Ta15Ti68V30Mo15,139.42457,15,0,15,68,30,0,0
10572,Nb68V45W15,184.120891,0,68,0,0,45,15,0
1256,Zr15Ta38Ti45Mo15W15,151.815299,15,0,38,45,0,15,15
4516,Ta15V30Mo68W15,237.905408,68,0,15,0,30,15,0
2615,Zr23Ta15Ti45Nb45,124.22107,0,45,15,45,0,0,23
9209,Zr38Ti15V45Mo15W15,136.158903,15,0,0,15,45,15,38
4724,Zr45Ti23Nb15V15Mo15W15,128.797822,15,15,0,23,15,15,45
3501,Zr15Ta15Nb15V45Mo15W23,184.242177,15,15,15,0,45,23,15
5602,Zr30Ta45Nb38V15,145.424297,0,38,45,0,15,0,30
11692,Ta60Ti15V38W15,186.241042,0,0,60,15,38,15,0
1090,Ta83Ti30Nb15,166.896256,0,15,83,30,0,0,0
6417,Zr45Ta30Nb23W30,151.624688,0,23,30,0,0,30,45
3959,Ta45Ti15V38Mo30,190.285673,30,0,45,15,38,0,0
10740,Ta75V15W38,221.687963,0,0,75,0,15,38,0
1858,Zr30Nb15Mo30W53,203.084332,30,15,0,0,0,53,30
5430,Zr23V15W90,225.703142,0,0,0,0,15,90,23
370,Zr15Ta45Nb15V38Mo15,168.88958,15,15,45,0,38,0,15
6625,Ti75V15Mo15W23,150.873816,15,0,0,75,15,23,0
142,Zr15Nb30V38Mo45,180.868678,45,30,0,0,38,0,15
10116,Ta15Nb15Mo53W45,254.031535,53,15,15,0,0,45,0
6073,Zr38Ta15Ti45V30,109.899456,0,0,15,45,30,0,38
1400,Ta15Ti53Nb15V30W15,150.31621,0,15,15,53,30,15,0
6241,Zr15Ti15V68Mo30,159.829122,30,0,0,15,68,0,15
10324,Ta30Ti15Nb60W23,188.335238,0,60,30,15,0,23,0
1064,Zr15Ta38Nb60V15,161.442867,0,60,38,0,15,0,15
2285,Ti15V60Mo15W38,210.740124,15,0,0,15,60,38,0
4340,Ti30Nb23Mo45W30,207.700312,45,23,0,30,0,30,0
3165,Zr15Ti60Nb30W23,135.650037,0,30,0,60,0,23,15
7367,Zr23Ti45Nb60,121.76723,0,60,0,45,0,0,23
3357,Zr53Ta15V60,112.207303,0,0,15,0,60,0,53
7155,Zr23Ta15Ti15V45Mo15W15,157.894407,15,0,15,15,45,15,23
3368,Zr23Ta30Ti15V30Mo15W15,159.941159,15,0,30,15,30,15,23
4985,Zr68Nb30W30,126.303606,0,30,0,0,0,30,68
4529,Ti15Nb68V30W15,174.516117,0,68,0,15,30,15,0
10586,Ta38Ti15Nb15V45Mo15,179.253354,15,15,38,15,45,0,0
714,Zr53Ta15Ti15V15Mo15W15,128.97229,15,0,15,15,15,15,53
10915,Nb15V30Mo45W38,242.130648,45,15,0,0,30,38,0
7531,Zr60Ta15Ti23Nb15W15,115.006766,0,15,15,23,0,15,60
2427,Ta38Ti30V30W30,184.549197,0,0,38,30,30,30,0
6870,Zr15Ta45Ti23Nb30V15,147.449271,0,30,45,23,15,0,15
3191,Zr23Ti15Nb60V15W15,146.150984,0,60,0,15,15,15,23
4971,Ti30Mo30W68,234.895682,30,0,0,30,0,68,0
1269,Zr98Nb15Mo15,97.355754,15,15,0,0,0,0,98
8579,Ta45Ti15V15Mo38W15,207.807722,38,0,45,15,15,15,0
9838,Zr23V75Mo30,159.945535,30,0,0,0,75,0,23
8921,Zr15Ta30Ti53Nb15V15,129.389416,0,15,30,53,15,0,15
3966,Zr38Ti45V15Mo30,120.065456,30,0,0,45,15,0,38
5266,Zr30Ti53V15Mo30,122.081864,30,0,0,53,15,0,30
4186,Ta83Ti15Nb15V15,178.194279,0,15,83,15,15,0,0
1867,Zr30Ti15Mo30W53,191.88248,30,0,0,15,0,53,30
5054,Ta68Nb30V15W15,198.675616,0,30,68,0,15,15,0
11030,Zr75Ti53,86.042791,0,0,0,53,0,0,75
7703,Zr15Ti30Nb23V15W45,170.958048,0,23,0,30,15,45,15
7969,Zr15Ta30Nb15Mo30W38,213.124883,30,15,30,0,0,38,15
6428,Ta30Ti15Nb30Mo38W15,204.979274,38,30,30,15,0,15,0
11666,Ti38Nb15V15Mo60,184.732711,60,15,0,38,15,0,0
2271,Ta60Nb15Mo15W38,229.686576,15,15,60,0,0,38,0
10129,Zr45Ta15Mo53W15,168.534647,53,0,15,0,0,15,45
5868,Zr15Ta30Ti30Nb23V30,140.236176,0,23,30,30,30,0,15
9460,Zr45Ti15Nb45Mo23,128.840484,23,45,0,15,0,0,45
189,Zr30Ta30V30Mo15W23,168.582248,15,0,30,0,30,23,30
6087,Zr60Ta30Nb15Mo23,128.948965,23,15,30,0,0,0,60
9699,Ta53Ti15Nb45W15,186.411721,0,45,53,15,0,15,0
526,Zr60Ti23V30W15,108.333537,0,0,0,23,30,15,60
2088,Ta15Ti15Nb15V53W30,191.921165,0,15,15,15,53,30,0
9236,Zr75V23Mo30,112.339576,30,0,0,0,23,0,75
2043,Ta30Ti30Mo68,200.246079,68,0,30,30,0,0,0
9004,Zr38Ti15Nb15V30Mo30,134.596179,30,15,0,15,30,0,38
9652,Ta30Ti30V15W53,204.827402,0,0,30,30,15,53,0
11454,Zr15Ti15Nb23V60W15,153.897277,0,23,0,15,60,15,15
