"method","n","replication","full_mae1","full_rmse1","bound_mae1","bound_rmse1","inter_mae1","inter_rmse1","full_mae2","full_rmse2","bound_mae2","bound_rmse2","inter_mae2","inter_rmse2","runtime"
"Random",20,1,6.71610718576953,1.93308497227639,9.24474587713042,2.58241265668905,5.56267324576916,1.54899124681822,1.34087919430341,2.09970052571386,1.9979630757359,2.96000813980984,1.04115157688587,1.55665416613871,0
"Random",20,2,11.3371611890003,3.00687856411466,14.483876873366,3.81336785210564,9.90383675726378,2.55653459082437,1.66348005781647,2.84784088886034,2.37499702070641,4.11595263283944,1.33938511286414,2.02181848840154,0
"Random",20,3,13.2358921210307,3.99445277068373,19.9908008818394,5.6274342181875,10.1524572067776,2.96367679086252,2.48432777538548,3.97458892391126,3.56742846230479,5.44594641715797,1.98992132343235,3.07736789837796,0
"Random",20,4,11.0108081469125,3.44028466647588,16.0711868687465,4.8203618876005,8.70909742393777,2.57878346143391,2.83632935005799,4.90334470824026,4.02958155208165,6.88335259735995,2.29357918458903,3.66437222280031,0
"Random",20,5,12.6827779810476,5.04409038370186,17.3391680092315,6.72415315285816,10.5602869441042,4.05346625622568,1.47721619258754,2.24868885749249,1.82920244472485,2.79858088668212,1.3167726599868,1.94717366156581,0
"Random",20,6,9.54429578135327,2.84859838172583,12.4207343083192,3.66065900299178,8.23127864125386,2.38780980896716,2.40406509431688,3.73724080627813,3.22940233656626,4.9861702200371,2.0273207504776,2.99895441509886,0
"Random",20,7,8.94423167371937,2.61056915992874,11.9108049371435,3.61117650698469,7.59199847934732,1.99432502197197,2.10408007264844,3.79737828797201,3.29685848884295,5.58406718940241,1.56038388695335,2.60378520520181,0
"Random",20,8,5.69488566974604,1.85872086202125,8.4204590522169,2.68917727452593,4.45162032857879,1.31607316421435,2.25231005490078,3.74328800672892,3.01247291741206,5.2545043479067,1.90556314774321,2.79458040633502,0
"Random",20,9,7.48818108567921,2.37356533732827,11.8305464760957,3.54839376689913,5.50600759831276,1.56780028910391,1.22322028023094,1.96876228413374,1.73078370846199,2.68092641987781,0.991531170692433,1.53768859534881,0
"Random",20,10,5.80407526515336,1.62754866954724,7.53741330925981,2.07503659741231,5.01341626891287,1.37591423739299,1.8205893393037,2.99200941256507,2.50912156508808,3.91824172234616,1.50651661680799,2.45612395100645,0
"Random",20,11,7.16746871615888,2.26631193854232,10.4089712780374,3.15574562979708,5.68780962262283,1.71312580663775,1.35676546172562,2.07905533148139,1.9448310633337,2.87317548396031,1.08832926634872,1.58975288932868,0
"Random",20,12,5.98584990913499,1.95033294638712,8.44802774509455,2.70499749000317,4.86033002744467,1.48250656085031,1.76514492325803,2.85758601140756,2.63542867792455,4.08985797027317,1.36731757939863,2.06210996268445,0
"Random",20,13,8.37190846080177,2.74656145356812,9.95794412950115,3.36531754039538,7.64895645920589,2.41242294368386,1.06222861230103,2.03570118725067,1.58855154761156,2.94073725683004,0.822318358655456,1.44606940280172,0
"Random",20,14,4.77411191248458,1.43408421475685,6.97027349630318,2.0674245438697,3.77090883132966,1.02155767480325,1.75464934463272,2.5446622877596,2.53961167738095,3.45329364957543,1.3960798128616,1.99644346211948,0
"Random",20,15,6.16135354154798,1.88795043260756,9.51594014063704,2.68802827951206,4.63225483071822,1.37678041500406,3.02261125538614,5.13556635056298,4.42464774146879,7.19277893040762,2.38353036715168,3.84882307622078,0.000999999999999446
"Random",20,16,13.4783314227703,4.02041646160998,19.184817303686,5.42690785374217,10.880887693299,3.18050123039517,4.7829255808009,10.412877453564,7.34628475461023,14.1835812855229,3.6161512557017,8.13710459427909,0
"Random",20,17,4.85121051777744,1.53145120138326,6.06462141022197,2.10159912325941,4.29850361562002,1.18399069901002,1.37994607635071,2.24995769898401,1.76994679652509,2.89773808085688,1.20230131378189,1.88239606887599,0
"Random",20,18,13.6086774524397,3.83023949678821,16.2686470317804,4.73087302896659,12.3970651657983,3.34045613481835,4.00931797567472,7.76135450946667,5.67421482610336,10.923132613829,3.25095987427493,5.77317064878717,0
"Random",20,19,12.5995859380421,4.80889460968307,18.9782935550591,6.90445226112478,9.69409386711888,3.4561254093403,1.83243948493577,3.28514179526895,2.77267318789491,4.63324479497467,1.40416439650335,2.43511814228913,0
"Random",20,20,4.14179063288292,1.19891621869362,5.48603179140093,1.58119434755557,3.52992707254946,0.976551274128315,1.00859115484326,1.54471521611668,1.26697092263118,1.97918626158532,0.890983414866654,1.2997148477544,0
"Random",20,21,4.99858493058749,1.57870549647636,6.92234293256061,2.16114887066865,4.11918952414734,1.2233477664538,0.767887446167325,1.1852894443963,0.958393670848437,1.48340867703042,0.680802532830515,1.02040575356362,0
"Random",20,22,11.0393118245213,4.22606656512332,15.8185678604618,5.8618937175561,8.86546961419382,3.21770721389204,2.99228755431565,5.24344638434149,3.9933859347951,6.65416748359878,2.53693845817784,4.45639296425488,0
"Random",20,23,7.52276677878186,2.24702204938907,10.8457996709454,3.17863821289085,6.01236462382837,1.65880986257674,1.99753472615002,3.31178370684994,3.08554992543007,4.78287490025931,1.5030044115419,2.35699681902867,0
"Random",20,24,9.45220492006203,3.16551343567807,14.1749696655037,4.35266337915076,7.29485357619649,2.43792059874284,1.47381091276535,2.56331392907051,2.31189099275602,3.70530796805432,1.09097727944074,1.81672300390214,0
"Random",20,25,9.30726277245402,3.47004841620068,13.8880301577643,4.75843664316769,7.22072987020024,2.68556804973577,2.63597228586044,3.87871337234355,3.3673111095028,4.8805576937831,2.30284851207555,3.32373639383537,0
"Random",20,26,12.4657275619004,4.44203266264658,19.3126920959625,6.29714833393669,9.34027165293681,3.26153364684054,2.09640477606864,3.24512975192736,3.05170518128905,4.46590513765901,1.66033572948923,2.49677455249339,0
"Random",20,27,6.39977392497593,2.25000055704346,8.43105866664131,3.23182189738806,5.4758450792686,1.61691838371315,1.11757573005366,1.67748040776317,1.46894080928365,2.20631594822327,0.957757500036002,1.3710324172994,0
"Random",20,28,5.69266908590584,1.70624840967036,8.66786514943755,2.44988034330106,4.33747159276915,1.2261754050273,2.61240226485166,4.15275436651297,3.80792456015313,5.79568001178674,2.06784359275583,3.13056791674687,0.000999999999999446
"Random",20,29,8.22192496744052,2.30877638282754,8.90340251428457,2.70892997248539,7.91195524713687,2.10170820064322,1.79131221209398,2.62521283919902,2.18577706786237,3.20423914930563,1.61189007033979,2.31439855930186,0
"Random",20,30,6.11648546577565,1.87928744251133,8.88806846775097,2.72496498774274,4.85223292035332,1.3249948065401,2.12297256237039,4.10069977908693,3.066796972394,5.95711644992373,1.69244877435693,2.88075839890854,0
"Random",30,1,9.60720307446557,3.13008389175636,14.1633815094111,4.36765771591777,7.52723071493979,2.35826229507387,1.25162216141828,2.28775966401546,1.94309058141205,3.3348436179188,0.935955156359633,1.59567391990657,0
"Random",30,2,6.37554562722413,2.08036546385653,8.59323807915386,2.79435841254816,5.36529654110152,1.65602016159745,1.9243087182433,3.17113681714985,2.63819294232567,4.27541284791891,1.59910542670979,2.51200652077629,0
"Random",30,3,8.19698172521638,2.42838717904363,13.156275060018,3.54803795375686,5.93459511450332,1.68655148241778,4.40689694698914,7.52901436722008,6.87065367845087,10.4440319846035,3.28295249260528,5.72585337144371,0
"Random",30,4,8.4951172668816,3.49031016520834,11.930386531386,4.88442276140681,6.93244565192061,2.62131106630296,2.20150525547476,4.1724825030299,3.20437795968057,5.91665202158224,1.74530791325341,3.06672913293166,0
"Random",30,5,11.7768080915027,3.33106738438257,13.759401522375,4.06922387736925,10.8730113096078,2.93356592270771,1.12380988995915,1.80098221832803,1.52078312921133,2.42813157285592,0.942843318322404,1.42634152839567,0
"Random",30,6,10.1832712367477,2.98135905125718,14.3039125020174,3.98416007071138,8.29944418548145,2.38645486459094,3.37599712220662,5.57592135647139,4.92176909856051,7.78513857813736,2.66931899210881,4.19481079706328,0
"Random",30,7,5.53695274876149,1.60259001827386,6.82688960704782,2.05620707233735,4.94933405929638,1.34619360802385,1.6600147336589,2.61351911809484,2.49807919500905,3.71292042886153,1.27824229471946,1.91365150247847,0
"Random",30,8,6.13061845161491,1.7582547391334,8.53734539384605,2.38696163642033,5.03347365560338,1.37964330134092,2.24486610849325,4.01295052231335,3.39138537270475,5.86906922591815,1.72220704726611,2.78247861019699,0
"Random",30,9,7.68288503703036,2.71966412206332,12.0291647644366,4.10057469777713,5.70156422274908,1.76157994506776,1.3426287211674,2.09086285958277,1.74388873208002,2.68058336523616,1.15970795641618,1.7575502824197,0
"Random",30,10,7.37754208427981,2.09168350740971,10.0585413025147,2.73689492413446,6.15449349142833,1.71869044050382,1.70524289210187,2.60632735092966,2.39764615676272,3.5024172364329,1.38937452751251,2.07262107561546,0
"Random",30,11,5.45023218914627,1.5568470599723,7.45605622980244,2.02670398433014,4.53388636735277,1.28629748326739,3.31688150563232,5.4508785090896,4.48357994010807,6.94783076211287,2.78388398737786,4.60792277741097,0
"Random",30,12,10.6541899767724,3.23401631950785,16.1594980479074,4.48604610502984,8.13733699144472,2.45763845585433,1.56934007106391,2.54128285781195,2.46540538641217,3.70751481501371,1.15968730779578,1.76818607004346,0
"Random",30,13,6.27265113138972,1.82163195444317,7.92541694238174,2.33560124287,5.51921152146262,1.53111029491943,1.90582832631861,3.93866590619395,2.68722417187314,5.33900492387209,1.54961658890381,3.09685836568055,0
"Random",30,14,7.42271497362365,2.14118930726809,11.2024058938405,2.95245619827245,5.69845275454392,1.64303667349369,1.91942585706348,3.15760561491319,2.91489216728804,4.43763861660953,1.46530275935041,2.35272324090827,0
"Random",30,15,5.40435030827795,1.87485912928354,8.15565743607768,2.80938032957631,4.14833216498104,1.23153745071871,2.86656956265066,5.44055703567963,4.12313174804075,7.80647806727158,2.29292771544151,3.91046863702386,0
"Random",30,16,12.585000611628,3.91814262563212,15.9667752954606,4.58323378781068,11.0466631772897,3.57488513702934,2.92836106880381,5.09593530944781,4.03991743149228,6.61042473639061,2.42272455455718,4.2312798944808,0
"Random",30,17,10.0413035922948,2.91876719241856,12.327080856363,3.46949635368106,9.00152505569209,2.63036205162618,1.38879993984303,2.15362131664263,1.99232207423236,3.01636724038449,1.11426340841136,1.61526993607394,0
"Random",30,18,13.8088050174868,4.22381547939571,16.6851882207778,5.4304237943284,12.5003654049133,3.54141906882639,3.53224079540416,7.49074317190869,4.5712785075555,10.4763813740423,3.05959233188198,5.63110880895862,0
"Random",30,19,9.00701745839798,2.9132992797841,13.6715856227928,4.16964776153628,6.88059979239452,2.10492791261601,1.75560038449878,2.71697154679534,2.16546947646907,3.41235747880541,1.56875503307546,2.33214927397548,0
"Random",30,20,5.27755881345154,1.43994432819569,6.1292770059807,1.67671639814238,4.89039689338248,1.31833160881206,1.10662058345274,1.66401451831125,1.41557820174902,2.15783183692347,0.966179031577043,1.38240556235691,0
"Random",30,21,9.09980609635195,2.9583475276532,13.6747554879371,4.17102791857906,7.00828371737631,2.19073052120811,1.36937376386591,2.27867045529641,1.89691508141864,3.21861647722428,1.12819853392232,1.68228412735412,0
"Random",30,22,10.7411387276853,2.89468421702627,12.0182437889548,3.35740457102593,10.1593654435189,2.65731665869962,2.05191862753295,3.17401801681342,2.78268049201467,4.24734946794961,1.71902688453066,2.53884649818363,0
"Random",30,23,9.11439579286635,2.84911318261736,12.8351040107804,3.88746758470402,7.42308926648257,2.22211103568377,1.46409020114849,2.19930464939232,1.94274768075047,2.87755047253317,1.24650890432562,1.80878670197698,0
"Random",30,24,6.2784175903584,2.20671557650825,9.64744204753176,3.23474211390217,4.74040105971944,1.52179339838893,1.22048563963824,1.87692849818282,1.50149705947258,2.36895953093163,1.09219918327747,1.60285595622124,0
"Random",30,25,5.39198938373831,1.66464479239987,6.9555662559006,2.1361932954216,4.68124088815394,1.39868988794685,1.68472943445689,2.99177643038964,2.20439213106521,3.94969255538484,1.44850857035899,2.43478164748937,0
"Random",30,26,10.5090865572253,3.16821278674683,14.2877954985478,4.03596373747409,8.78404214448653,2.68024037719542,3.19045885379525,5.57454039990816,4.05114228027641,6.51612829048617,2.79754234208621,5.08707356761697,0
"Random",30,27,6.07856749603946,2.55953562124432,9.25343651591688,3.94723920933881,4.63125290373781,1.5604463313051,1.66529996872587,3.15968946742105,2.29117621935435,4.65008587579493,1.37998431480807,2.16275580775426,0
"Random",30,28,6.13986990038959,1.71348436010612,7.79250476141395,2.12325973716171,5.38810187629254,1.49025105467517,2.37383666273784,4.79030385665354,3.40010309405528,6.86093678570881,1.90699773451238,3.46014083281179,0
"Random",30,29,5.39147819832578,1.61546627364013,7.07364440260312,2.09161480246614,4.62682305389431,1.3443837385951,2.13156847671343,3.28843901570612,2.34667313303782,3.7775931771451,2.0337892670067,3.04017756381543,0
"Random",30,30,6.13497261768897,1.73147032855543,7.439466747349,2.16235946268131,5.53987370874036,1.49418459618474,1.76161991714269,3.15564105740471,2.66077058777943,4.68305143862825,1.35143517892865,2.12040967790221,0
"Random",40,1,7.99643959514823,2.33702994210669,11.8601598485016,3.27122054964749,6.23115643348174,1.75157031433607,1.37256455327084,2.29052037680006,1.87273506800519,3.20005107902295,1.14404319827464,1.72187746841057,0
"Random",40,2,6.95221614863822,2.17466513967257,10.8225081704514,3.15952514447406,5.18771640637467,1.5277708621109,1.41454517911624,2.38558252993355,2.04184315943855,3.34660596725558,1.12855458244736,1.78311779450799,0
"Random",40,3,7.03558785250827,2.11566303363468,10.9374359425525,3.08252249402186,5.25415743253512,1.47695462519773,2.8203604657713,5.14713443363392,4.27944471108678,7.46243940464007,2.15419996953344,3.62818132132507,0
"Random",40,4,11.2748261145375,3.90662256946735,16.0514713857406,5.25447640640712,9.10022362529848,3.10487744896062,2.32431778651566,5.43125832616786,3.87093929217964,8.36965033024294,1.62020710105119,3.32216131494925,0
"Random",40,5,11.3322636894134,3.46341469321372,12.7094112124053,4.0732933728039,10.7044101745669,3.14637367459028,2.08373618411737,3.11110289261863,2.12043573676284,3.24722180943726,2.0670045393683,3.04702766474644,0
"Random",40,6,6.75240059796759,1.77200979244661,8.43902109903077,2.22100972569775,5.98235599392195,1.52363604996789,1.40484660479046,2.627677844166,2.11689259666671,3.77075470902099,1.07975440205072,1.88824034179965,0
"Random",40,7,4.62717740897972,1.42914950939,6.36402872715302,1.97555577902292,3.83589764084349,1.09312561438888,2.09022778072064,3.68794652460565,3.20739755985761,5.3847695146037,1.58126432797442,2.56658235566452,0
"Random",40,8,5.6630697143633,1.62700625557075,7.4208632880649,2.10281785706437,4.86167635947742,1.35574744667993,1.48100625171282,2.99379688545596,2.19632900667998,4.55493493025438,1.15488439587841,1.89475925869123,0.00100000000000122
"Random",40,9,4.23930102911949,1.26990607438296,5.85169002912724,1.78938045909631,3.50524921367971,0.942951232822741,1.29009325364513,1.88784566783445,1.59616991046734,2.38083373581127,1.15074963023727,1.61428442896086,0
"Random",40,10,4.61530575403573,1.38787032392089,6.23273810213338,1.87661820845686,3.87737713853921,1.09464894093492,1.04038948332747,1.57913454581331,1.41121471842308,2.10908925770696,0.871206177053724,1.26566724946531,0
"Random",40,11,6.79505373618895,2.09777036145786,9.41991662939515,2.75234983194987,5.59664454692619,1.71789307384869,2.73150360720046,4.29071910151274,3.40489161544666,5.32461862939474,2.42406111978128,3.72444181655127,0
"Random",40,12,8.52313307298431,2.42721891808476,11.6271773484009,3.22778831792814,7.103922865519,1.95486163842037,1.67132301616266,3.02621409000332,2.48021419446655,4.28070264932045,1.30148724221143,2.22866601569258,0
"Random",40,13,7.58703973268303,2.43318023546881,9.49785637120249,2.99846447990754,6.71588183369823,2.12615461984684,1.24662648548381,2.0511903656218,1.49136994981749,2.63164526455737,1.13504581474797,1.72282976017636,0
"Random",40,14,7.69291229710502,2.14634897644114,11.0976989948002,2.98166383803131,6.13953076813644,1.62865912790092,1.78013258295883,2.74367889395622,2.51413749409293,3.80724587802111,1.44525413906108,2.08543254465245,0
"Random",40,15,7.35766033396554,2.02187707040276,9.77449098054874,2.70882670675107,6.2550185480384,1.61410534838064,2.69503163521393,5.29960171544875,3.7613724540927,7.67600581695464,2.2085300482708,3.74401565728264,0
"Random",40,16,7.696962504209,2.32261914031372,10.8228310670661,3.05456911248496,6.27287022540457,1.89775170560676,2.18655079571292,4.23864819596275,3.36265327883458,6.14043127091195,1.65073861051809,2.99557974062425,0
"Random",40,17,6.82066477524725,1.90409704610271,9.39550508652469,2.51665105731795,5.64845000266345,1.54685907831547,1.95515062849248,3.63962777152491,2.9618823451038,5.2667721358465,1.49682869486742,2.57862418154353,0
"Random",40,18,9.82408464712478,2.98342920759127,14.2132122797908,4.04008989858954,7.82733098914163,2.35044342186778,2.09523786849253,3.84678745669642,3.17082999784853,5.71053612438565,1.6059168237352,2.58733927416039,0
"Random",40,19,10.6074245508122,3.81857905593154,17.2097356111035,5.61290692370501,7.5973736041216,2.6203286315825,2.20999708974776,3.41111245215574,3.20291935848771,4.59191451134174,1.75731520491712,2.70690881437359,0
"Random",40,20,6.24336010298977,1.77333190700261,7.05040169503704,2.13381915280045,5.87621123288818,1.58238572683124,1.62116281542784,2.5144478787441,2.09438761734876,3.28805435111388,1.40587781271991,2.06889490066296,0
"Random",40,21,8.36201458004489,2.43917754547352,12.1058828453524,3.34893256116673,6.64904594958153,1.88156622642153,2.48697056890898,4.39906895310728,3.87732667244362,6.44379293052481,1.85082735505782,3.03444378633995,0
"Random",40,22,6.79421315404194,1.90125645345476,9.14824749011903,2.56634718913545,5.72022121830764,1.50304291846267,1.67304218241034,2.59731686044043,2.34771493098498,3.54262585804411,1.36523312452023,2.02435271512068,0
"Random",40,23,5.73008616246576,1.7859187596185,8.39026121639325,2.5715282581359,4.51902212784776,1.27712394068616,1.97219352694594,3.14601797740003,2.71506092674506,4.23984067859088,1.63399774202621,2.49389006005409,0
"Random",40,24,6.53888538727022,2.51407462239796,10.0940549235373,3.69202331478191,4.91805272268295,1.72848683895139,1.64880004005563,2.65461458331671,2.40590117871906,3.78366918907477,1.30363105629166,1.93207118359327,0
"Random",40,25,5.61593124809617,1.74180692730971,7.60800440954584,2.27305241671537,4.70967385369029,1.4365160385426,1.70050397721537,3.11001914998383,2.37141334536925,4.2037638913169,1.39528598239877,2.45622321264545,0
"Random",40,26,5.76073285396979,1.68777050029974,8.00435885998734,2.37133024868696,4.73784427423441,1.25840683177971,1.38524594050376,2.06563864246175,1.74616749849864,2.52973685130455,1.22069866798013,1.81508788414831,0
"Random",40,27,7.93020265436517,2.73038307630952,10.7139037385523,3.57072037157142,6.660181877653,2.24481751115181,1.73626154402608,2.65449776372601,2.1169333873541,3.31308898900971,1.56258587429192,2.29200021642124,0
"Random",40,28,4.53790543331872,1.27828773942423,6.60976633516351,1.77781090037244,3.59332605617954,0.968521022507924,1.45047554895958,2.35128149839706,2.1617289954848,3.33460027407796,1.12620892618162,1.72612965720551,0.00100000000000122
"Random",40,29,5.22074312453971,1.48807566657437,6.1209211321039,1.72495193118591,4.81180914032991,1.36697486785879,1.46328724211755,2.27038968905928,1.88883994139889,2.90472493965585,1.26996663292022,1.91399428455378,0
"Random",40,30,5.8539644555659,1.61775292722738,7.53614364084662,2.05047579208993,5.08484982358608,1.37527373073105,1.92849127346916,3.10903836921632,2.97578976179981,4.50999025189364,1.4496525156997,2.1876641380704,0
"Random",50,1,8.00437374574782,2.57961598298459,11.4961809998745,3.5955852453721,6.40885751051766,1.94620553108331,1.78034471419314,2.98988317520076,2.49026817172603,4.18714792812707,1.45595842370537,2.23899055507897,0
"Random",50,2,7.02349311755245,2.25142579500638,10.2245181463272,3.1975289142835,5.56189030109466,1.64772467977838,1.40958865511432,3.51792465556715,2.31450136549191,5.45559929874799,0.996401330976897,2.10629006795019,0
"Random",50,3,7.94035164398873,2.43819954911443,11.6186137894145,3.45776000153929,6.26084015529466,1.78886431581009,1.83411285498539,3.26997981108173,2.74242843441632,4.78285344285976,1.41937176511741,2.26494830502443,0.000999999999999446
"Random",50,4,8.7243228986072,3.00491766874468,11.1728554769,3.63704925411114,7.60791059996396,2.66742820364319,3.14949521259202,5.84298780632195,4.5996138701223,8.54739277986391,2.48831131897701,4.04920347701214,0
"Random",50,5,10.3840697902307,3.31003863921368,14.5017639663006,4.46506350112529,8.50256619295518,2.61780687559378,0.786592482901713,1.42081245450102,1.10715819532722,2.04054330471861,0.640115956160854,1.01908806463975,0
"Random",50,6,7.33627094695247,2.29348262914318,8.2912452871391,2.5075018352238,6.90022525136601,2.18881246493613,1.22590882261579,2.11059134633663,1.79215383461541,3.09517924662144,0.967358734158459,1.45404647944045,0
"Random",50,7,4.78550459104263,1.49614396882684,6.69111824086474,2.05679613831421,3.91725883799728,1.15362810804935,1.75422759832531,4.0238732533242,2.96745554682688,6.3156846413068,1.20145027441144,2.3226956541144,0
"Random",50,8,6.37206860410437,1.91930667737664,8.76878527808417,2.65434106898278,5.27849944904855,1.46622915977247,1.70044772111668,3.21947534835966,2.61420010241637,4.79765352076331,1.28352258749675,2.14289128149745,0.000999999999999446
"Random",50,9,4.23333046161711,1.25639862802358,5.67742606263645,1.67973455415532,3.57536399884876,1.00608581013831,1.31266094240838,1.99585696597543,1.90464720850893,2.73917833231859,1.04293703407525,1.54266074902901,0
"Random",50,10,5.58830248163289,1.80028607941516,8.29516287600643,2.64117430275805,4.35587130946908,1.2412057294375,1.02778370226438,1.66950517797823,1.42274848553599,2.31700851558975,0.847956581581448,1.26964270216364,0
"Random",50,11,9.04431393485989,2.81265833567903,13.9104947815403,4.07587699466216,6.82080330572397,1.98367216489752,2.67143298218204,3.94879150216752,3.43125898710573,5.04331800498449,2.32424465287976,3.33103425430067,0
"Random",50,12,9.52602618189307,2.9295467049625,13.4016718362734,3.94010941289419,7.75512214466276,2.32596789677381,1.62898273728599,2.57825655113106,2.42478672507767,3.62427963694162,1.26535493936503,1.91907216953982,0
"Random",50,13,9.02759487867501,2.58425403969422,12.1865204447983,3.35052202418861,7.58933882885145,2.14658740345996,1.74269830925995,3.39258473078284,2.40388632808539,4.66037786159553,1.44165998206898,2.61940050027648,0
"Random",50,14,6.05659845871239,2.04976697281655,9.52731001477105,3.11240753472662,4.47412203974282,1.30399609879677,1.83654756185428,2.94764134841333,2.61153456179136,4.2446762525757,1.48319101447207,2.1059819448544,0
"Random",50,15,5.83179989538151,1.82090384276607,8.91856804484217,2.6476964192735,4.4213587288379,1.27573887619172,2.13355788489829,4.06594041073178,3.08858384079987,6.01734445882782,1.69717657664986,2.7460940960881,0
"Random",50,16,6.94606013754814,2.30039548709098,9.89701566784981,3.11157608794481,5.60249266329922,1.81466716406006,1.53392149707105,2.58675984185323,2.08788569384326,3.57155026612333,1.28170208236319,1.98244772709086,0
"Random",50,17,5.82137053689804,1.5848624933569,6.8510910712136,1.9231285907802,5.35253967744717,1.40410665298781,2.14980645033398,3.50190836301043,3.02719675452156,4.80876493144985,1.75033141154634,2.70525840429939,0
"Random",50,18,7.56770946046915,2.22462560725817,9.73302876781621,2.91941767871549,6.58184147200193,1.82255358780032,1.89479031174007,3.57101752598987,3.03929898643747,5.43573260199013,1.37369651228117,2.25951476859046,0
"Random",50,19,7.91515948702012,2.8798342058201,12.0974713833986,4.14010480255979,6.01095653531924,2.06528529219066,1.45290761396728,2.37481514300011,2.13653970344562,3.2898654876005,1.14165052102083,1.81099931789425,0
"Random",50,20,7.92082035742854,2.19329774512582,10.1148441337535,2.71044118640499,6.92259851833443,1.91226883444592,1.67334510670837,2.48280414683046,2.15343958027086,3.19748695822405,1.45491502700286,2.07781246536311,0
"Random",50,21,10.6688220654538,3.39228610593181,16.0337670755086,4.86925352031627,8.2121469093345,2.433134983387,2.02887764651019,3.62093721737004,3.06553989449794,5.34636953355844,1.55417708850907,2.45482068444916,0.00100000000000122
"Random",50,22,6.85378685237456,1.97430119676113,8.81045077878608,2.59960582310726,5.96100409671371,1.61023947739706,1.72992120557974,2.60501724677375,2.20146053758376,3.18449645257049,1.51476816956445,2.29245423634598,0
"Random",50,23,5.57343957337825,1.89026737456783,8.71280226349618,2.80410313812677,4.14306656822143,1.27221511629169,1.60122685126534,2.57825952397187,2.32412728053791,3.55599997013847,1.27185514066221,1.97856317236679,0
"Random",50,24,6.45828086064848,2.33100120046387,9.7350102633222,3.43926047534656,4.9663888269866,1.58806588703548,1.77507316197016,2.97327287332042,2.56577535516144,4.17033771240316,1.4150671443666,2.22416783128621,0
"Random",50,25,7.14155230763943,2.30423171994521,9.80934675126035,3.04738220332101,5.9277775506963,1.87083696340339,2.37615333348006,4.64359488880164,3.42946810878522,6.29887644367398,1.89692342562952,3.64994576795552,0
"Random",50,26,6.81054246034065,2.08889869019935,10.1543721473644,3.0265856924911,5.28700912243851,1.47580126670963,1.30289693886972,2.16502297209744,1.6940496677071,2.99505498450014,1.12467786721432,1.65404588086357,0
"Random",50,27,7.21543729591323,2.28049595026496,9.84417204650206,3.03927977856559,6.01600339065576,1.83272153946958,1.68008212928616,2.61909247949561,2.29348017543197,3.54974480819527,1.40020207908286,2.05915850308899,0
"Random",50,28,5.05263362524828,1.50027009957591,6.88078475049233,1.99337588635364,4.22027801545756,1.21097055994055,1.28695907014691,1.99839012242578,1.74408815311663,2.66828848023699,1.07882859813381,1.60318645263811,0
"Random",50,29,5.68636186198738,1.89830863281846,8.11506344025347,2.65447125580778,4.58136793155312,1.42732831105725,1.72704373145891,2.76739047147745,2.56047325606351,3.8706610077179,1.3478557017833,2.08000578889811,0
"Random",50,30,5.45025013032352,1.53332031505096,7.5719575361206,2.06484138360332,4.48077548124127,1.21539727436741,2.1388055293799,3.65819857816211,3.11856259580084,5.25538057224131,1.69112380118352,2.62245383859706,0
"Random",60,1,6.25030109750916,1.85892893282686,8.1018838110197,2.36058171231505,5.40538394640801,1.57788071240495,1.23861146379756,1.88421416926244,1.72487801678563,2.55590062775411,1.01671754157171,1.47964371775034,0
"Random",60,2,8.17115747531113,3.18609962588733,11.6306810004198,4.04978361324932,6.5902383896964,2.70099093418443,1.40549485743017,2.8691177557351,2.22151278023801,4.28631873935006,1.03259428340384,1.89678264300825,0
"Random",60,3,6.52717034692756,1.95612052726254,9.50566184358829,2.72315990913135,5.16607133452407,1.47859152067695,2.16100348341782,3.87972402357585,3.46562481614042,5.83711980784016,1.56482289686248,2.52204453603676,0
"Random",60,4,9.82930092810794,3.42448174445791,13.2688829929258,4.32147195935522,8.2619941735445,2.92593148622934,2.44432588986064,3.96734903338587,3.62337942274876,5.67348472447658,1.90706917341554,2.87137154868473,0
"Random",60,5,11.8990267522318,3.79604354259388,15.4059844964627,4.94209544172909,10.2975790671417,3.13638355030226,0.816784171643384,1.33804640102676,1.13838103778641,1.8206753473644,0.669927381690827,1.04604567208722,0
"Random",60,6,7.89993181009209,2.62056319942373,10.7112558244732,3.47775261433584,6.61614436147647,2.11666263494691,1.39101000021847,2.3128109094111,1.93138137952545,3.17560939026224,1.1442501138458,1.78512737464122,0
"Random",60,7,5.6958910319511,1.70366209078788,8.46123234056728,2.42275139116762,4.4358140720205,1.24514248763101,1.85828829185993,3.02824846801515,2.8272594549053,4.38999939610602,1.4167593443892,2.13710580420992,0
"Random",60,8,8.14550820155569,2.75926487363711,11.0574985787285,3.70442935412166,6.81575158951787,2.19630591516062,2.93833020127414,5.93902301324852,3.91063555731456,7.49641847167828,2.49432822714337,5.07118743969962,0
"Random",60,9,4.56470830159423,1.38038693449846,6.89138777369813,1.98923806856528,3.50375499942918,0.984860163554331,1.35129313887818,2.10006584841361,1.89185745540745,2.90487365868341,1.10479872332565,1.60422059065978,0
"Random",60,10,4.75061604385373,1.36183284615593,5.70533463594106,1.67472053454451,4.31620516102826,1.19259350508783,0.97634814675745,1.48525651827093,1.2960670944653,1.90571222308861,0.830871362832938,1.24789779346979,0
"Random",60,11,8.04411574439752,2.79478206422227,12.5912457994499,4.07948721270508,5.96469784281738,1.94220843927282,2.48896400173651,3.84361696944192,3.09312087986514,4.76363155986293,2.21268102488443,3.33947602382207,0
"Random",60,12,6.14723909086826,1.73958864455853,8.1686195528283,2.23723636884291,5.2235168128124,1.45663542435618,1.27940376102126,2.04087990880819,1.83125969234871,2.80999776529719,1.02721886676826,1.56852182875832,0
"Random",60,13,2.30106010848366,0.633970626879581,2.56844196730394,0.733784537259134,2.17922280805602,0.582846924547281,1.71819878467732,3.00577860859238,2.25131501104187,4.15526775291503,1.47527489252915,2.29866376593105,0
"Random",60,14,6.1016805904003,1.9737218726349,9.1602857613169,2.8976153410851,4.70597304328542,1.35715093452112,1.60886398717677,2.75369289781652,2.23462982665368,3.95754879430102,1.323313529998,1.97383754387853,0
"Random",60,15,7.1982098047197,2.34378870690294,11.6270330905562,3.52058521602685,5.17434402997441,1.5295994698102,2.44485483697721,4.37786710239943,3.60248057572398,6.1878842918277,1.91584770316213,3.22899744848526,0
"Random",60,16,6.44749778293448,1.91918520351886,8.29561714127582,2.3917858132395,5.60778264052596,1.66059312640811,1.53845038848822,2.45249425845769,2.06476968974374,3.26971872166138,1.29931091678073,1.97230334823223,0
"Random",60,17,6.09700920370466,1.78566789425869,8.24160697515728,2.43002019829627,5.12258554706348,1.39799366519497,1.68817921244187,2.68820790663116,2.18877900484498,3.54175703035778,1.46072570730423,2.19325218525289,0
"Random",60,18,6.66956593120043,1.94341148742465,8.78328823147049,2.62010036903462,5.70779145847267,1.54004149437907,2.319307188519,4.36122375679209,3.45271230805207,6.50563408018776,1.80359132977699,2.90121816518566,0
"Random",60,19,5.80563298953355,1.94847960886995,8.83580290560679,2.86349371099446,4.42587204704866,1.33854218794917,1.26996103707471,2.01386868154923,1.71040440034617,2.67340381683444,1.06940906578257,1.62727257465665,0
"Random",60,20,6.47423549769328,1.8183522408172,7.4845860046414,2.08128346599256,6.01484104332274,1.68528831156784,1.44906137915609,2.24865098674988,1.87480397260019,2.88930129167998,1.25548124525945,1.88673411526154,0
"Random",60,21,6.23172195441789,2.07977639314174,8.91620374154246,2.82517933647699,5.00234034462184,1.62821864174966,1.71102729729212,3.27828169284284,2.76441101813303,5.05468709192036,1.22862112837284,1.99200715914145,0
"Random",60,22,6.80756552917733,2.06679787231592,8.71223850129663,2.71924622031675,5.93904491705915,1.68752583357734,1.33044322553008,2.06430035884305,1.83941936985378,2.79290527633433,1.09835284629312,1.62713809419834,0
"Random",60,23,4.79959772820896,2.31494936098461,6.77791841675076,3.69701711349857,3.89749415424661,1.25305881701317,2.48701989648397,5.44095622015401,3.97919487910247,8.52220631187101,1.80659614486786,3.15995163272648,0
"Random",60,24,7.5108528842153,2.48478914812515,10.7169693850695,3.53559154857411,6.05097622796905,1.81482348414461,1.35128393880736,2.21361597543983,2.04930321847762,3.22473246006943,1.03344706303293,1.54798716577295,0
"Random",60,25,5.34374863282618,1.58751782972236,7.62241020173543,2.21734842659614,4.30766810340065,1.1960720806714,1.50243666193978,2.54560858077408,1.97742335727933,3.35763898436983,1.28646581594309,2.07377004091786,0
"Random",60,26,5.51373188604313,1.7708618308428,7.55422186397424,2.52734815488477,4.58527918798518,1.28703334703424,1.99849482283986,3.95509804659256,2.73228076283249,5.89829341817087,1.66461151875527,2.63260458250673,0
"Random",60,27,7.61028152837503,2.4818435596342,9.99382582186292,3.26989534693307,6.52339817407016,2.02303613739679,2.08960919778216,3.09807327462459,2.79204141896554,4.03822646946837,1.76930388991879,2.55708664797603,0
"Random",60,28,4.63272015043442,1.34539420409517,6.18381839321099,1.75321375478025,3.92694782906334,1.11134871360852,1.59903555548104,2.41314440304086,2.21834255371915,3.22475970082718,1.31724183943284,1.93421973492633,0
"Random",60,29,6.03295494740315,1.9482547257788,8.20671577393856,2.63287205321491,5.04528070776181,1.53969883994613,1.62242718114072,2.55432889059235,2.3130704615023,3.52956988460872,1.3086251434613,1.95671791751055,0
"Random",60,30,5.11351419897563,1.54067577945249,7.33099539864888,2.16795768581281,4.10162967219905,1.14547553059283,1.73935157791165,2.72662772761666,2.35779762559427,3.58126872146017,1.45714129969673,2.23035313444065,0
"QMC",20,1,5.66852993252834,1.59168447274034,8.16286816402606,2.23948270162104,4.52830877132336,1.18277604259348,1.86482767886411,3.27441942096363,2.92758509944981,4.81330917288231,1.37901605761826,2.24330218869453,0.00799999999999912
"QMC",20,2,6.04797715462012,2.63475631149387,9.26066313411494,3.9800598636778,4.58147205906947,1.6970017794322,1.67302293828216,2.63095522647854,2.34824930339001,3.55708459519761,1.36480018903092,2.07506902519673,0.00399999999999778
"QMC",20,3,5.09529022445433,1.64750686351625,7.62851305567625,2.40824900062222,3.93646950559294,1.14143431456742,1.65211923666059,2.58655002164126,2.43212637227285,3.65695509545377,1.29530560839749,1.90606183537153,0.00399999999999778
"QMC",20,4,6.60281962614899,1.91289066051342,9.37759756955325,2.5879028442272,5.33530552206211,1.50710180290017,1.55869531442843,2.36611407934998,2.2364786121603,3.24464551505712,1.2490849935623,1.8294349123043,0.00400000000000134
"QMC",20,5,6.19598707332645,2.00794554994358,8.79029174448135,2.70791268824867,5.01175648124793,1.58904121847722,1.61446980345086,2.56193618937947,2.38690220144396,3.52789504023489,1.26187510392053,1.96934032489772,0.00400000000000134
"QMC",20,6,5.37937866421928,1.82090987664632,7.33335986805578,2.53356923943011,4.48553155556231,1.37699995610375,1.37061372488394,2.30231924630557,2.17089258868521,3.37574261988834,1.00452681108788,1.58509856194111,0.00400000000000134
"QMC",20,7,4.34528663518766,1.24025606839673,6.40212759254689,1.75337700783492,3.40505585365253,0.914357308469145,1.38006129067736,2.13749876053326,2.01820739279116,2.99075745560116,1.08834957316352,1.60270126855619,0.00399999999999778
"QMC",20,8,5.91996955874463,1.90151763325518,9.25868927865177,2.76575976351434,4.39376159388312,1.33112309180202,0.977823635249959,1.51461011079919,1.32998051456989,2.01105334300259,0.816844373979771,1.22226998413276,0.00400000000000134
"QMC",20,9,5.68222891574428,1.60806695582442,7.54398798416491,2.07693453552883,4.83238576955673,1.34059504706717,2.27187756495601,3.65945884084237,3.38000664306088,5.11667596465974,1.76604632283001,2.7484403811866,0.00400000000000134
"QMC",20,10,5.8734587707855,1.76538526330263,8.6789099467139,2.45551429831182,4.58828001980152,1.33497343706493,1.57686009441457,2.57044445030618,2.38961800802862,3.64562488046181,1.20453524013327,1.88295437713298,0.00399999999999778
"QMC",20,11,4.75839080415169,1.41568499691073,6.69248830890481,1.934456455138,3.87426896577972,1.09986467266241,1.65680338197315,3.22697287517125,2.50094890347326,4.63469237271193,1.27092444438702,2.31394833142292,0.00400000000000134
"QMC",20,12,5.70846792967644,1.68611741953915,8.27066117334552,2.36643846135797,4.53889534411767,1.25876029507842,1.19069591586529,1.94963100099723,1.82020698791973,2.80925245338685,0.903340973376145,1.39057647363117,0.00500000000000256
"QMC",20,13,8.53364402061545,2.98280359537952,12.8135364155235,4.28260467908995,6.57720370521198,2.14014727781095,1.98262594365104,3.26835963750304,2.97202959701354,4.65157940758114,1.53034606905679,2.38209508138957,0.004999999999999
"QMC",20,14,3.70680959038873,1.17516812757316,5.15305044829122,1.6713538246925,3.04616909133347,0.857809121648379,1.55827561264447,2.96273908149219,2.46258572201397,4.41052281119677,1.14518820836449,1.97523439394238,0.00399999999999778
"QMC",20,15,6.4270603030353,1.96424484738419,9.89566501947122,2.86050276430298,4.84034990337909,1.37118478337086,1.94491930482889,3.78676118662185,3.01894898721828,5.65824457086492,1.45360530225273,2.50072191904184,0.004999999999999
"QMC",20,16,4.9809616956546,2.28913658473106,7.82250575848096,3.4588551435304,3.68387294376176,1.47344282756656,1.82530632207248,4.42322433636539,2.8460615998628,6.53503462756003,1.35935887942043,3.00021967662863,0.00500000000000256
"QMC",20,17,3.72135140875834,1.22736052306184,5.34857047683014,1.8270110673763,2.9764515270606,0.817296679990657,1.16352812313984,1.85430426202202,1.67053688263915,2.59300890783363,0.931432290205507,1.39087714266968,0.00500000000000256
"QMC",20,18,6.04972577901291,1.89462552880136,8.85303357804406,2.62955061650749,4.76917928273748,1.4390215299986,1.6397232577599,2.57555095394633,2.31164938721557,3.4968163414319,1.33278848194693,2.01940905085041,0.00500000000000256
"QMC",20,19,6.4763330344386,1.79215839113662,9.80822563807948,2.54649679284755,4.9532459063339,1.30986667352899,1.06029819947071,1.67812720339336,1.52127934779839,2.30765725285229,0.849572783966749,1.29194013021261,0.00399999999999778
"QMC",20,20,5.73603104965606,2.57432528301234,9.19248401875169,3.89473686645385,4.15825285282557,1.65167688531489,0.905767730346322,1.69629556201111,1.26099811911409,2.40597084911763,0.743614572973546,1.24438684553175,0.00400000000000134
"QMC",20,21,4.77300824153809,1.48255345032279,6.94174748220151,2.10420541839149,3.78162610093112,1.08568356455038,2.39629614470768,5.13079005506609,3.71807036004931,7.30135141650398,1.79208180375094,3.74027384074043,0.00400000000000134
"QMC",20,22,5.92512329515125,1.74538478039734,9.02016380191927,2.46734252251741,4.50929953864893,1.28649796241727,1.10820442695714,1.76060850018686,1.5515657151216,2.41230373379727,0.905389167149053,1.3622497285304,0.00400000000000134
"QMC",20,23,5.92810786544022,2.06586016527225,9.91793189607982,3.20638766538156,4.10426467858911,1.23248840076979,2.21189670567016,4.17438390454698,3.21464080592581,6.05211779218923,1.75351859641975,2.9406623084935,0.00400000000000134
"QMC",20,24,4.50651665457661,1.41280327016116,6.64917408276325,2.06772259480387,3.52845093121909,0.977496282102587,1.05065502396526,1.76320865178101,1.44014552239385,2.4053642288157,0.872863044213816,1.373675447823,0.00400000000000134
"QMC",20,25,5.28973486516768,2.18026297206598,8.17467588478583,3.36242989363967,3.97377426617205,1.3284151025034,3.42763085969195,6.33029965841272,5.2329498422752,9.1833983594565,2.60413788928354,4.45899226660597,0.00400000000000134
"QMC",20,26,5.56383259777402,1.96098222467622,8.62627024546467,2.91350135669734,4.16491600318259,1.31320927250057,2.29564850809792,4.22362850485446,3.56299634466886,6.27917015440091,1.71672605361608,2.82440163969668,0.00400000000000134
"QMC",20,27,3.5041277397932,1.04335306235369,4.6019878129427,1.43565831294146,3.00262702319041,0.802705330237377,1.39955866532765,2.3366141979149,2.14704520764412,3.33955750972119,1.05810801438335,1.69093707300611,0.00400000000000134
"QMC",20,28,7.78074906371167,2.52188217406783,11.7615277061881,3.66319581799238,5.95974511915244,1.76937949603098,0.95461421440462,1.44597849858677,1.24499622654554,1.91872647390696,0.821779199692851,1.16756535518084,0.00400000000000134
"QMC",20,29,4.28641710063168,1.21389244095322,6.09748912421704,1.68287429254285,3.4591223115592,0.923558373483357,1.05888785503183,1.56906442637441,1.42651786129699,2.04251627169455,0.890955059135752,1.29648727034733,0.00400000000000134
"QMC",20,30,5.3069659307049,1.60789637452403,7.97915772499049,2.33538915797344,4.08805050389845,1.12994384631825,1.92119784299109,3.06935645023508,2.77738427425361,4.29537641900311,1.53064995959439,2.30266060985235,0.00400000000000134
"QMC",30,1,5.09214336815064,1.44958125431943,6.77640720067801,1.92547409667511,4.32105278830033,1.16873890473953,1.79324882639032,3.53722721018306,2.89095476804713,5.21023896024335,1.29069649776427,2.41079853446921,0.00400000000000134
"QMC",30,2,6.7403824040282,2.24203905983249,10.111431738359,3.17268396001602,5.20034354221295,1.65064386823191,1.81473787743101,3.7461971825502,2.78043799784202,5.75532652086738,1.3735649467513,2.30498687129108,0.00399999999999778
"QMC",30,3,4.39461035327353,1.34366219658808,6.47675606965052,1.94470167516738,3.4413612739029,0.948986231045136,1.74769898706584,2.75162892033326,2.52114907203712,3.78654750197839,1.39359765033476,2.11509528251481,0.00400000000000134
"QMC",30,4,6.11264756746262,1.94545750861455,9.14815554234182,2.80691717920813,4.72391964606935,1.38269026227944,1.5552267939267,2.75262363165066,2.24682478275526,4.03686343354605,1.23882458203534,1.89417326723536,0.00399999999999778
"QMC",30,5,4.95470414427116,1.57040136422581,7.28900991218837,2.30045686429128,3.88829388401738,1.08404341399539,1.55657685891405,3.68157406627016,2.4358638864091,5.64473679304698,1.15488110820467,2.27807523898699,0.00400000000000134
"QMC",30,6,6.84065334685128,2.02829518214218,10.2786812766234,2.86997481576042,5.26553177741453,1.49169215861996,1.59038159862499,2.4820995692896,2.40698739947921,3.51419024846782,1.21625624626406,1.82358938386549,0.00399999999999778
"QMC",30,7,4.55303244726692,1.301080440182,6.80143544129133,1.82640074028621,3.52366737101409,0.9698677776364,0.96282343134375,1.52647492652014,1.41831513937628,2.14402402377623,0.754289970919817,1.13682794862972,0.004999999999999
"QMC",30,8,5.57186579827867,1.72695536184291,8.95903137485055,2.56409901711608,4.0211518198347,1.15662380215223,1.18115827609712,1.87503136632066,1.79050218019965,2.67125767969526,0.902188119956198,1.36326428371949,0.00399999999999778
"QMC",30,9,5.02805153971023,1.48319777149381,6.23685134758273,1.86354681108177,4.47542644302237,1.27197945615303,1.17958491618463,1.81753060522015,1.69085756044472,2.50631447901559,0.945847209884562,1.39351387104448,0.00399999999999778
"QMC",30,10,7.93310729440806,2.79402012169857,12.3820822914497,4.16470383587885,5.89627515210614,1.85465904044591,2.35570221702321,5.08245831506077,3.89915722975943,7.63897362036649,1.64907680729882,3.30785394692083,0.00400000000000134
"QMC",30,11,5.93988093278424,2.20864007315534,9.26419967635976,3.064763888094,4.41902369998515,1.67709482428332,1.10034901496032,1.77261737135552,1.50008755314933,2.37504254555279,0.917470869412996,1.41387827362234,0.00399999999999778
"QMC",30,12,7.61399790041569,2.07966418999208,11.5669583807295,2.95493432610506,5.80554058895223,1.51953705383191,1.2996078674717,1.9974949395393,2.01494437948932,2.86418533282511,0.972345413987135,1.43607123713925,0.00500000000000256
"QMC",30,13,8.54275026472011,2.73533484865671,13.0334689863158,3.80402491733236,6.48680698783833,2.0694336232836,1.65248523394503,2.94268887314296,2.34074094530987,4.29484233117245,1.33738763147188,2.04427743397307,0.004999999999999
"QMC",30,14,3.48632845245047,1.18146354399114,4.92279852731766,1.68183413405577,2.82961969981604,0.860735943296145,1.28312737405441,2.82693184795753,2.04251441808003,4.26476808959423,0.93595959995724,1.82481040164811,0.00400000000000134
"QMC",30,15,6.61652984043602,2.09417760148046,9.86918273673529,2.963279814779,5.12739853011418,1.54053682269409,2.43475081575964,5.33746202462906,3.92956070064518,8.01793174535019,1.75039614480957,3.47837714277814,0.00400000000000134
"QMC",30,16,3.98611612652772,1.29175151125769,5.81988821052707,1.91969973352147,3.14837096382408,0.864489306612639,0.970536739321299,1.49362063600986,1.28630386757376,1.91276240499868,0.826280871025297,1.25644030081547,0.00400000000000134
"QMC",30,17,6.58134299904585,1.98237449296835,10.0006525231362,2.87719750207593,5.01591286114278,1.39247828248097,0.999075871351754,1.56776418109596,1.44257905949492,2.18960772019439,0.796031001595459,1.17821390415519,0.00400000000000134
"QMC",30,18,5.92926696473172,1.87469885857303,8.62134276846074,2.72107693487281,4.69765734087806,1.3171752321844,1.27027336217617,1.97008400117832,1.72297431574675,2.58519043639083,1.06316520780215,1.6122473208991,0.00399999999999778
"QMC",30,19,8.64520749194346,3.01864681626154,14.7890387143521,4.61038330921758,5.83243535476557,1.88486817785074,2.02019389449897,3.75219746770521,3.21876596707712,5.56292538629036,1.47146297919466,2.5212807675485,0.00400000000000134
"QMC",30,20,4.90557591474973,1.53973550219245,7.61482901608896,2.26069052638407,3.66787374882038,1.05785910544055,1.02280216433636,1.99472301532572,1.53914909726001,2.99707573760321,0.786912901375053,1.3011873050913,0.00399999999999778
"QMC",30,21,5.41957347405646,1.83163378235346,7.35861501873022,2.54505032833981,4.53120775294026,1.38721490689236,1.25959825932481,2.10285558694564,1.7941738901846,2.87882319645817,1.01468413301103,1.62818287402269,0.00399999999999778
"QMC",30,22,6.06657419651937,1.74128804016707,8.03950507288212,2.28648011058056,5.1633259143448,1.42364061097323,1.57454838028033,2.56480494044872,2.24609260728433,3.66358190688809,1.26710163862667,1.85609268610345,0.00399999999999778
"QMC",30,23,4.17978004720404,1.21003033054862,5.9718326640629,1.6824801850746,3.35992599765675,0.915956887630784,1.84727482463477,2.96694664562867,2.67648160702309,4.16712405899083,1.46791735931392,2.21034757890285,0.00400000000000134
"QMC",30,24,4.67538997086323,1.50026090613154,7.23787387097437,2.25127919493764,3.50473822490457,0.98165174365703,1.15216418985513,1.79307592653733,1.6190117009614,2.49475627133808,0.938888370268789,1.35669624311236,0.00400000000000134
"QMC",30,25,4.54105288330702,1.35029907360885,6.1937393124353,1.81826151647271,3.78549684189833,1.07024912128863,2.03606804844406,3.57474471646372,3.24516985443823,5.18630313222768,1.48330488775247,2.51476959887421,0.00400000000000134
"QMC",30,26,5.33262687755682,1.90202423917675,8.52327022039767,2.8842159583548,3.87396550588008,1.21183536883905,1.8773747038992,3.70035882935218,3.01022969883838,5.59888697534748,1.3594691772484,2.37094958640183,0.00400000000000134
"QMC",30,27,4.70175104449669,1.43564265614044,6.92524786750017,2.04996562256827,3.68596302808431,1.04059490386395,1.59964406610828,3.26822845743289,2.44296405816896,5.02793857757027,1.21437958851885,2.0029831314108,0.00400000000000134
"QMC",30,28,5.85808191126722,1.79942981051115,8.87648078108946,2.56954111585131,4.47619690619757,1.30290730302908,1.28073314161013,1.94413181275356,1.82130062095788,2.6664911457852,1.03325024549344,1.50162080702501,0.00400000000000134
"QMC",30,29,7.99335594686516,2.38027408726514,11.9120614811125,3.45109104983718,6.20057008164461,1.6759955554988,0.881273400302191,1.33545008674217,1.20951271465217,1.77867137429985,0.73110574977742,1.07329986543145,0.00399999999999778
"QMC",30,30,5.09136601124042,1.84267203789662,8.41400241123892,2.85909091933599,3.57344423905863,1.10100297324166,1.80440577380729,3.35359581287097,2.8199667511002,5.01478357816193,1.34045428082666,2.21265245676001,0.004999999999999
"QMC",40,1,5.88196140955013,2.01723636256769,8.61926330147573,2.91052283051213,4.62774821360843,1.4325925748127,1.68891771873831,3.63456247802107,2.64732081219882,5.35312880055134,1.24978390949526,2.47645263195661,0.00399999999999778
"QMC",40,2,6.53211361568188,2.53130863969094,9.96591137547825,3.67190230367298,4.96101457344476,1.78052592376448,1.84816695173003,2.99084212705861,2.7566336992268,4.3095665989408,1.43250728370663,2.13079729070122,0.004999999999999
"QMC",40,3,4.13193138340492,1.25694902126405,5.61780269382696,1.69497340103595,3.45062940362621,0.993502811406948,1.32990863705531,2.30944000203336,2.02069493850201,3.4221903300804,1.01316917820812,1.55213704515634,0.00400000000000134
"QMC",40,4,6.80572368836713,2.14288798876888,10.8549132654026,3.17974007834629,4.95173572201049,1.43704758079362,1.6080324984735,3.19767087285971,2.49760831098061,4.88764040822121,1.20072559911176,1.99219585128089,0.004999999999999
"QMC",40,5,5.30622997891075,1.82949552021175,8.26082053456031,2.74835267972775,3.9563162647954,1.19382160380658,1.50908488361764,3.15551334663029,2.32299250115875,4.73997745576875,1.13722115690232,2.0595032742277,0.00399999999999778
"QMC",40,6,7.82062267938536,2.28760891334784,11.5934484857696,3.18662620932111,6.09317240541786,1.72620856953303,1.18482886572803,1.90633595172774,1.82060147856713,2.76172939549305,0.893729930714525,1.34381592411627,0.004999999999999
"QMC",40,7,4.46467048495766,1.34438993643698,6.3790052055332,1.85343728455723,3.58690938550095,1.03004092436184,1.28018445580023,2.27098839540842,1.95191714758645,3.42188758466259,0.97218146147225,1.46737788140943,0.004999999999999
"QMC",40,8,4.66566202702965,1.52675339322148,7.28790077435787,2.28817287943684,3.46416998498999,1.00001746071084,1.20331611435197,2.37298709193294,1.85931476239638,3.63600258160437,0.902741974786234,1.46752665596606,0.00400000000000134
"QMC",40,9,5.36177341298605,1.59659892000469,7.87167639677762,2.23192937736237,4.21257310014738,1.19809126522201,1.19747078176342,1.85496994507119,1.69488075438116,2.5372865731535,0.969723454542882,1.43830774819168,0.00399999999999778
"QMC",40,10,7.6191303094078,2.3155343254312,10.5557045010329,3.04712385958737,6.27361189477393,1.88787868535375,2.10662301481738,4.75445688803114,3.41165794353148,6.98043556595267,1.50866484528327,3.26130505703088,0.00400000000000134
"QMC",40,11,6.12388992989717,1.90248746747442,9.4643552912425,2.69502544523374,4.5944029883399,1.39682819968877,1.89027198869855,4.64548890400911,3.11197426990998,7.15869694116891,1.33089552959614,2.82795511557579,0.00400000000000134
"QMC",40,12,5.86794046045349,1.59576264676416,8.75776413898861,2.23918177627261,4.54573119503366,1.19058378289167,1.62992024248599,2.71893107445799,2.55605487110041,3.92564065192744,1.20617681617396,1.92976709259879,0.00399999999999778
"QMC",40,13,5.9633904110899,1.75403716833211,8.40974432247434,2.36728729139341,4.84168777683403,1.38483978633675,1.3994308401632,2.369764311936,2.14991061342197,3.48930749896109,1.05532071991339,1.61496970460349,0.00400000000000134
"QMC",40,14,5.1677720404109,1.76024290752312,8.14563129019517,2.64550721809689,3.8052829998419,1.14626963156536,1.52359601709781,3.7075106381253,2.41764475315455,5.59485471551916,1.11453316273351,2.39012913300136,0.00400000000000134
"QMC",40,15,6.55318870723785,2.14968755949872,10.6613085255502,3.25229466708224,4.67087601756502,1.3755132722591,1.9622768469015,3.54471785320904,3.07526237836407,5.27863531028842,1.4523144110554,2.35693486791662,0.00399999999999778
"QMC",40,16,5.89958614689123,1.95349635893554,9.09955575170352,2.84898686721172,4.4354727852451,1.35958173079529,1.38167506359839,2.18227619266118,1.91176508822467,2.94830029433623,1.13913779488074,1.72166536356315,0.00399999999999778
"QMC",40,17,4.96817714910714,1.60730906787151,7.0535335800833,2.34607746469409,4.01199914432099,1.11546914994181,1.01163819937879,1.80760898428958,1.52067010142891,2.69304388482341,0.778236800344604,1.20009633760605,0.00400000000000134
"QMC",40,18,7.04580717821416,2.29145389025051,10.5259259681223,3.32419549943214,5.45010248642893,1.60983426805352,1.17226713155337,2.05823199283866,1.79576682665985,3.04584558082152,0.886379939514638,1.38743813241475,0.00400000000000134
"QMC",40,19,8.70670783455727,3.26479686684272,14.6000662751766,4.9858693329071,6.00641089382071,2.0377824388208,2.2036976266368,4.45103436427716,3.59551108023323,6.67610185246111,1.56597812447336,2.9098918708156,0.00399999999999778
"QMC",40,20,5.02913455491979,1.58138211313037,7.62805668408188,2.30421205945816,3.84087289147449,1.10300921434924,1.67581790519952,3.36371556698756,2.67333649278886,5.11492221742964,1.21973917821254,2.12742800525044,0.00399999999999778
"QMC",40,21,4.59490359974472,1.36588528301592,5.99762439899133,1.76557364664028,3.95218642564472,1.13673410851505,1.16423784050665,2.06313564331187,1.60585367443417,2.95353174041198,0.961892455044245,1.48656029575506,0.00400000000000134
"QMC",40,22,7.38201388795582,2.33142787645666,11.2272306461782,3.3715250906355,5.62141822747882,1.64914031192273,1.45960020600579,2.32478220149019,2.0939619018532,3.23946599500671,1.16914728251492,1.75336489121563,0.00400000000000134
"QMC",40,23,5.15500697769972,1.46129822502255,7.1981102242013,1.91905114017047,4.21887090151742,1.19432007324327,1.8231012162224,3.352986354868,2.68443498840897,4.82089533461574,1.42844391284887,2.39684781674217,0.004999999999999
"QMC",40,24,5.18089829581786,1.52948356995808,7.85541087468892,2.24271712720685,3.95807567631162,1.05318846514007,1.20937371381795,2.12935033105584,1.7419048547048,3.12800129550197,0.96589341396354,1.46070006023836,0.004999999999999
"QMC",40,25,3.93710542285284,1.15886006771376,5.68007818133043,1.64256757457065,3.13848710446498,0.849748216768503,1.51272900950472,2.60941672738843,2.37103098268943,3.91361725181987,1.11946085590921,1.70617937949988,0.004999999999999
"QMC",40,26,5.01337711368806,1.52669577601711,7.79606996038959,2.23921742756273,3.73927548083031,1.04986162712135,2.02150470341036,4.36276330908966,3.32498647962445,6.74181951796924,1.42468415907926,2.63393109723057,0.00400000000000134
"QMC",40,27,5.51636551804497,1.6757081992022,7.86958475929024,2.33700811830375,4.43967412422403,1.26248418778206,1.37066293129146,2.27511464772618,1.98874167877836,3.18937991381172,1.08786732242561,1.7000820780053,0.00400000000000134
"QMC",40,28,5.13091645268194,1.79462410401634,8.08840810636645,2.73228318970785,3.77581379853912,1.12950644791473,1.17009905343315,1.93793581023484,1.76184886121326,2.80059727428473,0.898963297525821,1.37208450141473,0.00400000000000134
"QMC",40,29,6.88728805588751,1.99869071587706,10.4276509658585,2.87782918418989,5.26627473785284,1.42542233209614,1.49046974814338,2.41499321461997,2.27497779737112,3.44004324962981,1.13126985021145,1.75619271334911,0.004999999999999
"QMC",40,30,5.67066658818294,2.21917938199845,9.30454705431465,3.4836774897592,4.00683472079004,1.2739572459062,1.42875827608151,2.64188102493793,2.28271171741154,4.0614553650832,1.03776166455367,1.61942316427305,0.00400000000000134
"QMC",50,1,4.65994156426308,1.46218057482744,6.51535222485022,2.07917668145581,3.80911098512116,1.06583343245738,1.29314265981909,2.23360648641681,1.92766626119859,3.29365445364914,1.00217091178025,1.51729305346708,0.00399999999999778
"QMC",50,2,6.71062275058718,2.30805990076237,10.0976904283493,3.32082160881884,5.15964226514729,1.64824506351398,1.64151057953875,2.81275311177499,2.62194394914995,4.21298614422979,1.19255792544069,1.84574847095629,0.00400000000000134
"QMC",50,3,4.06723080611232,1.20273375543346,5.52643596567034,1.66920625013027,3.39856494830857,0.912509367105879,1.48586658982638,2.38727671208466,2.24983619198325,3.43687540484806,1.13578532399743,1.70231019819909,0.00400000000000134
"QMC",50,4,6.36009736149871,1.88696203430695,9.64931195418723,2.68934775681785,4.85284837549124,1.37039591954907,1.7282794555479,3.0613551201361,2.59402072537799,4.48599337388985,1.33156236265988,2.10826715564513,0.00500000000000256
"QMC",50,5,5.50474324355992,1.87369268087969,8.4321794799522,2.79892385830391,4.16519151869372,1.23792910874317,1.32566656153316,2.25161212774067,1.92961273252128,3.21637668654731,1.04930968481754,1.6296771375421,0.00600000000000023
"QMC",50,6,4.87497050758249,1.54234531348063,6.6143639339839,2.0738548794379,4.07734163340515,1.22370019321449,1.38606967409658,3.21200076401396,2.267428573355,5.01021149939683,0.981907340324814,1.8806669081819,0.004999999999999
"QMC",50,7,3.2266801636841,0.96092849825206,4.5393276468645,1.35225217375747,2.62431295610604,0.71273476856885,1.16420149837111,2.00639970193135,1.74649179446099,2.91422811899618,0.896991463575139,1.405602000325,0.00399999999999778
"QMC",50,8,5.75369941761867,1.79612530867817,8.18404227034095,2.4901856873395,4.6384275290042,1.36413813209947,1.37089981625027,2.88422609046861,2.15788086888613,4.42087189735355,1.00975824155686,1.77974867439102,0.00400000000000134
"QMC",50,9,5.41945438242058,1.61561946435593,8.0698537715072,2.34763776372471,4.20580348371425,1.13214011806171,1.25418073156518,1.83441647091735,1.71201195847173,2.38164516718553,1.04453410914333,1.51941143245052,0.00400000000000134
"QMC",50,10,5.63670160657581,1.58835393877774,7.46127170426106,2.12934924672866,4.80001349979985,1.26513645934012,1.72802070061839,3.1815658117212,2.68029861755311,4.6535412176797,1.29133722736873,2.19855996458804,0.00500000000000256
"QMC",50,11,4.14970713670983,1.24069860234423,5.87039241888369,1.71092835746951,3.3617839098558,0.950671716498525,1.3479765630659,2.11445545080562,2.05001551799678,3.01574877820842,1.02650417966321,1.53415045010451,0.00399999999999778
"QMC",50,12,5.78009851191762,1.65762766823414,9.31184116354497,2.44362371097014,4.16055696809927,1.12672403176431,1.64534861879617,2.60194889826887,2.29928327753763,3.57903326119917,1.34547559540744,2.00017349732367,0.00500000000000256
"QMC",50,13,5.40093467504107,1.78353636626642,7.16105311901408,2.3370282710611,4.59322533518553,1.4609588634996,1.13592948827069,1.94301386962738,1.62564836866419,2.78995705799311,0.911200002052378,1.39132900328294,0.0160000000000018
"QMC",50,14,5.33034080776142,1.8203035466725,8.17056818887762,2.70853669478065,4.02976530664424,1.21304415219937,1.58005010295414,3.07706092534126,2.52120535804065,4.56793887293079,1.14908338682025,2.06134104538316,0.00800000000000267
"QMC",50,15,4.96267016247177,1.57690816605611,7.29312707790764,2.29607951224638,3.89323541893281,1.09929991083885,1.78806437129422,3.35321532620432,2.75277247732446,5.02081799057513,1.34536476199058,2.19904248079319,0.004999999999999
"QMC",50,16,4.63251248974941,1.48345786762432,6.89066741120347,2.15339817613906,3.59773606525733,1.04122850380881,1.31114835003513,2.51190735685677,1.97067833219261,3.75972476579665,1.00892547316415,1.65032177241523,0.00400000000000134
"QMC",50,17,6.17128102637337,1.95592045930425,10.1724471486007,2.94829700370576,4.33516638403048,1.2618483691394,1.10171726820956,1.87925519122123,1.61361217162477,2.70704385051003,0.866811318596515,1.33768902873208,0.00400000000000134
"QMC",50,18,6.55273556640292,2.12091289398068,9.85766871608589,3.0608102952378,5.03395168076208,1.50337215751838,1.29255149191206,2.22588778745305,1.97445174612506,3.2865606227071,0.979183846998444,1.50586463324585,0.004999999999999
"QMC",50,19,5.54105660425435,1.65741290310642,7.3593404203669,2.22106872048405,4.7072511803824,1.32080675123008,1.61273572244096,2.87734281378318,2.39585566232533,4.27919480405493,1.2536225589009,1.91795946946595,0.0069999999999979
"QMC",50,20,4.85171229485712,1.6131720460049,7.26196323052665,2.30772064371674,3.74723942559319,1.16379651097198,1.3263573585286,2.20425987492297,2.04899122938168,3.23054259809145,0.995217769302938,1.51751878602719,0.00500000000000256
"QMC",50,21,5.67275418569076,1.74617699503025,8.28174992659711,2.43613837444622,4.47549940162255,1.31336608695877,1.41834868791835,2.76835157769732,2.15350658313447,4.19814396983602,1.08098849476325,1.75865934795963,0.004999999999999
"QMC",50,22,6.44633672468008,1.91221438143871,8.98706916964799,2.60540572750191,5.28124001400762,1.49014294756238,1.23666237128051,2.18437004039304,1.75135032857343,3.13317177406734,1.0006433259645,1.56775838244555,0.004999999999999
"QMC",50,23,4.86972168954129,1.43043061645168,7.08050445546134,2.02305593441084,3.85592909847712,1.05243393709021,2.06472074133701,3.77869061143741,3.1939631068602,5.63188906257531,1.54688716612966,2.50624027489403,0.00600000000000023
"QMC",50,24,5.37481586955219,1.67453537137737,7.56737514948004,2.36230841875107,4.37081566056164,1.23802493753036,1.31150008429702,2.50259994868468,1.98386425690881,3.84199861057941,1.00361615340409,1.54002947613183,0.00600000000000023
"QMC",50,25,5.54063077849914,1.91152129761646,8.75765519496793,2.90462120346837,4.06435474910882,1.20791575121794,1.65462651131919,3.32468567411597,2.654805537935,5.13723263977116,1.19564947821583,2.00379079740414,0.00399999999999778
"QMC",50,26,4.86752539760174,1.37492340778352,7.3815547707877,1.93952441385226,3.71549711949833,1.01631278437409,1.6988539558063,3.72096383948883,2.89165070848281,5.84947044497123,1.15226702895118,2.12388600978289,0.004999999999999
"QMC",50,27,4.72574115097959,1.40255638591287,6.56506604218883,1.91645891241642,3.8834913691464,1.08909406057814,1.61863209601883,2.51422970533759,2.29896086026538,3.43461779373885,1.30710107939415,1.9529891368905,0.004999999999999
"QMC",50,28,6.48804852285441,2.1001076764538,10.4537727890849,3.14587146577236,4.66689812964499,1.37518418550978,1.31833300618638,2.55060763264286,2.0806401030073,3.79427530377793,0.968264323665165,1.69761817631017,0.00799999999999912
"QMC",50,29,5.91231431674158,1.80123820468321,9.25972811950331,2.62185534327127,4.37729994772307,1.25698564617492,1.19182357597938,1.91704792065174,1.80750031595746,2.74231436280184,0.909494381495825,1.38267236815958,0.00700000000000145
"QMC",50,30,5.17981830390911,1.50517467689303,7.5262826280232,2.08504532491921,4.10611077319353,1.1458275859433,1.37512491559798,2.27130371969385,2.13819383477715,3.40604990245407,1.02595581187125,1.4869074016535,0.00400000000000134
"QMC",60,1,5.85228198840016,1.91018718206584,8.90460738202431,2.87732429722768,4.45043767508178,1.23381845931392,1.192783987383,1.98175718837348,1.67065179122363,2.80865051183194,0.97331319808535,1.45193584537399,0.00400000000000134
"QMC",60,2,5.36479621877093,1.70912110229629,7.76748109868119,2.41835788572736,4.26367820994316,1.25679173013262,1.41620694394767,2.28479947353834,2.12204410874072,3.2842898237067,1.09273131052103,1.63382098833901,0.00600000000000023
"QMC",60,3,4.9300529873661,1.5753417829537,7.16919035623839,2.28791452143137,3.9031521562526,1.10417586130064,1.51310375114273,2.73761457548028,2.45050481040153,4.19352920589585,1.08319804717765,1.6930990332464,0.00399999999999778
"QMC",60,4,5.10175441531468,1.68768764570666,7.78116004817564,2.43015482131101,3.8720609415157,1.20213785740853,1.46143897798725,2.77961368051685,2.3209882657037,4.30004853061712,1.06695516540197,1.66916683545776,0.00400000000000134
"QMC",60,5,4.95596237129065,1.66512825410264,7.73613259504441,2.47731947317074,3.68275941585306,1.10989582900832,1.35076840689519,2.34489188815446,2.03454915263401,3.50748652951175,1.03762511124097,1.54356508464337,0.00400000000000134
"QMC",60,6,5.71008337043482,2.13159614717605,9.3855749515194,3.25374570677159,4.02082975608084,1.32901093728657,1.4913514702126,3.19066590633612,2.52442815014346,5.03353865248144,1.01655007916627,1.79292671903806,0.004999999999999
"QMC",60,7,4.16966859088866,1.28545517817652,6.12367494360231,1.84474913978588,3.27160850260567,0.920745561096141,1.48245022196121,3.31358947212117,2.3351485135076,5.18928435073864,1.09055062454106,1.91044973587438,0.00500000000000256
"QMC",60,8,5.24618485565812,1.62779954699148,7.25366092124981,2.26755897858318,4.32289048330246,1.22619264829774,1.29632338864982,2.04218608508019,1.9112588235653,2.86970734617645,1.01349738830485,1.51692338364125,0.00400000000000134
"QMC",60,9,5.0243288305472,1.533350894356,7.36653687561324,2.17436789062055,3.94938970525254,1.12267140062853,1.28756810116501,2.04319844620168,1.72623164664106,2.71671296405564,1.08624669896679,1.6441866475726,0.00399999999999778
"QMC",60,10,8.3643446863592,2.41279453472736,12.6531627393236,3.39916832339994,6.39883733489948,1.78726815276188,1.53035482939791,2.75660402261253,2.27504855827568,3.99919772805926,1.18907175778719,1.93692553087552,0.00400000000000134
"QMC",60,11,5.00725547561812,1.45615648466797,7.48429662324898,2.09453115218369,3.87206099419881,1.04000380787632,1.24759191881834,1.95711869018736,1.78505721058391,2.72644847679645,1.00127883929995,1.47614774382161,0.00399999999999778
"QMC",60,12,5.79669318870437,1.85871249121366,9.2099689982041,2.74645626284613,4.23019540436703,1.25640690955619,1.50123754244484,2.52242608193632,2.2452481313555,3.71350847885896,1.15977936440709,1.71867143003972,0.00399999999999778
"QMC",60,13,5.22044298746355,1.57596923923361,6.94570129739026,2.1374789510483,4.42808200398911,1.23532835206375,1.25364044168521,2.25561183000438,1.85477641586054,3.38742916949363,0.97755616551693,1.46781166298913,0.00500000000000256
"QMC",60,14,6.70955789523512,2.25952384331071,11.2802307415854,3.43429932216137,4.61488030115781,1.4282808799806,1.51471350275562,2.78622087913432,2.45859550278581,4.22123188095663,1.08214513845126,1.77612006066689,0.004999999999999
"QMC",60,15,5.9314727654431,1.90077612503665,9.26357178600585,2.85133933085702,4.40223047029169,1.2408950792744,1.71148467121609,3.25144926956845,2.56498746747072,4.87994442990816,1.31977585133769,2.12005512126274,0.00399999999999778
"QMC",60,16,4.87825783884929,1.56778546716795,7.38132225795543,2.29191161429113,3.73031623953364,1.08451195123226,1.16396456920359,2.12330243377953,1.67749321199715,3.16212820924868,0.928452895191876,1.41078895026709,0.00399999999999778
"QMC",60,17,3.83587079568061,1.25460889661086,5.42788083351927,1.82711238275092,3.10418398558237,0.873598347611709,1.53348364566274,3.0392476512534,2.50739112876619,4.6723030294345,1.08587638018958,1.85717863807199,0.00399999999999778
"QMC",60,18,6.62400838821012,2.40253982425596,10.2085834636016,3.48815879256822,4.97771727010162,1.68378595924327,1.31283306860074,2.4740502432101,1.97334125886207,3.72780636453675,1.00948085970709,1.59681256924774,0.00400000000000134
"QMC",60,19,5.20902487992193,1.53903358494392,7.68392958889546,2.20697454048098,4.07318559841326,1.1046711705646,1.42039789025635,2.7754290715857,2.2683764007386,4.33238180308524,1.03122440063119,1.61990930721657,0.004999999999999
"QMC",60,20,4.53542086389658,1.36045553749393,6.53674526045903,1.93009694053262,3.6175845065887,0.995588398575237,1.41154587347389,2.72728024890387,2.24392509044456,4.2484298923866,1.02980470761621,1.60363769479624,0.00400000000000134
"QMC",60,21,4.9066288755896,1.57747372005806,7.45078806719003,2.30579072842878,3.73900575953449,1.09106368483125,1.44821237155853,2.99728244971233,2.23723861588621,4.6088609272513,1.08609459013479,1.83249299755678,0.00400000000000134
"QMC",60,22,4.71109370604688,1.37377037704875,6.25417692024844,1.87301230283307,4.00341339256127,1.06951533626475,1.20434070215752,2.09339438512256,1.71835877858162,3.02836215146789,0.968604566793423,1.47856122380629,0.004999999999999
"QMC",60,23,4.81681446144214,1.42677130307769,7.50771775104867,2.08101185832451,3.58360985064426,0.991937050941282,1.42573061832772,2.42141713324678,1.99218401668155,3.3841489033067,1.16613268132635,1.81708689830559,0.00399999999999778
"QMC",60,24,5.4836924197125,1.86322974479786,8.24971685634016,2.72136060908712,4.21424588411735,1.29076057174702,1.3986556149843,3.21533981248447,2.27619785201392,5.09752450073321,0.995914070880721,1.77697353010411,0.00500000000000256
"QMC",60,25,6.21472134498345,1.95598907408579,9.3785982245366,2.76642597147802,4.76164467730389,1.43811079439748,2.06284731289269,3.68300937406299,3.11569468829789,5.44384523789697,1.57930512270322,2.48669743971475,0.00400000000000134
"QMC",60,26,5.83907829954748,1.80287637865222,9.55815653634706,2.72634313817268,4.13223474430089,1.15360187142368,1.65239075537768,3.26819254797788,2.63329351169011,4.9336155033509,1.20221266249188,2.10051543645556,0.004999999999999
"QMC",60,27,4.64186377912186,1.33935994911076,6.54324161092636,1.85155237105769,3.77048801541204,1.0221934575957,1.30652046731304,2.03225154200969,1.88166435247952,2.79306120452191,1.04293979765501,1.56448406564797,0.00400000000000134
"QMC",60,28,5.54608618516584,1.55364549190685,8.2805105412943,2.18061478232139,4.29024457606184,1.15695232049685,1.27133939614559,2.50588545352258,1.90032795717217,3.8265258918499,0.982463236592206,1.56161881313359,0.00399999999999778
"QMC",60,29,5.91650661975142,1.72987988154404,7.8578727590742,2.2944254373154,5.02425596557696,1.3958219455601,1.22448008449767,1.87410497301949,1.817262136325,2.59702746122931,0.952037827051932,1.42362726684617,0.00400000000000134
"QMC",60,30,4.44986702255494,1.33785300057919,6.36905288040245,1.88722194458242,3.57095929044268,0.989171212409112,1.41907070791375,2.35385548247697,2.12394173143766,3.46180883965445,1.0962689374735,1.60928124840743,0.00399999999999778
"K-medoids",20,1,4.45689897243708,1.30012089059212,6.71246150411078,1.85808058404907,3.42362451658656,0.939719549007826,0.794478990213311,1.1854135313256,1.03357867429927,1.4803907824322,0.684947291358287,1.0222412239533,0.963000000000001
"K-medoids",20,2,6.72411150742164,1.83553659280402,8.06643550415469,2.21624358120675,6.10962940972148,1.63188791732815,1.07182552814626,1.67394430012047,1.52236961143145,2.29155496993031,0.865577801012345,1.29650969654584,0.805
"K-medoids",20,3,4.0000962109705,1.25394069031677,5.68786965612823,1.79259090694212,3.22692625285354,0.905879357401531,1.64736750643229,2.75932258534518,2.33541467509449,3.77731457934743,1.33217271408423,2.13671432299466,0.814999999999998
"K-medoids",20,4,9.51456337704746,2.74529425508188,14.9629095741112,4.07858728704803,7.01867294040373,1.83541128936425,0.766761774263695,1.11934471668182,1.02518740938532,1.43452972687548,0.64837684644261,0.940312598609406,0.830999999999996
"K-medoids",20,5,9.56236197756026,2.66068754441929,10.6138791950539,3.24406350255174,9.08066135278664,2.34547306261267,0.839836667224388,1.24728475337541,1.14798132076306,1.63303075129925,0.698675429290475,1.02310184558381,0.944000000000003
"K-medoids",20,6,3.63962956142677,1.01451434659971,5.00229604133595,1.36538978502037,3.01539128571419,0.804178171303778,0.911294651715759,1.36015645205466,1.2949318183681,1.84026499436014,0.735550251349879,1.07057522358632,0.857999999999997
"K-medoids",20,7,3.52131686665067,0.953680824945351,4.85219420794944,1.27114298860791,2.91164121309481,0.765474944573251,0.824821066032216,1.2385780601377,1.13413707760358,1.64885728369288,0.683123228329128,0.995682990211227,0.927
"K-medoids",20,8,4.46021913358813,1.25177492220876,6.78693213715074,1.79394033390186,3.39435060681644,0.900270789216554,1.20180753052494,1.81370252645963,1.81494379826917,2.57831070086823,0.920929463737082,1.32330558099405,0.801000000000002
"K-medoids",20,9,3.53530317270671,0.966933598770328,4.85609676553389,1.29868673099686,2.93024688995906,0.768531066620368,0.808336661909084,1.18415401611137,1.043531250693,1.47428129422843,0.700593889393545,1.02415566562639,0.860999999999997
"K-medoids",20,10,6.8360040004883,1.98787284161057,11.4295423538711,3.03812914761849,4.73170151458109,1.23835103131043,0.862454430746031,1.29464908983971,1.18626834461961,1.69896045933186,0.714115095898915,1.05908171646558,0.810000000000002
"K-medoids",20,11,4.66073276098997,1.30580743531342,6.94712524929394,1.87456160779773,3.61333508478369,0.936215094931751,0.844429671141018,1.25096484127301,1.16161913920065,1.61694445884933,0.699124998622085,1.04119756064946,0.936
"K-medoids",20,12,5.43111764181621,1.51213535841276,8.51432031721136,2.194992023843,4.0187007737581,1.06155584025961,0.847408773447075,1.3097963891384,1.17179856690488,1.71631849116896,0.698805627840704,1.07332159806559,0.862000000000002
"K-medoids",20,13,4.56720290799246,1.31818139555828,6.91058085780563,1.90892281415736,3.49370016003336,0.929670135988023,0.797766876361651,1.22091309155134,1.06335265173387,1.56625251705309,0.676101884291696,1.02454802996259,0.896999999999998
"K-medoids",20,14,3.5704768002361,1.06635437248337,4.62934979545821,1.37640429733915,3.08575142775842,0.889046387324174,1.47365727955052,2.32311049786278,2.30322819882981,3.37295373268837,1.09390061878124,1.63075466029076,0.768999999999998
"K-medoids",20,15,6.00890665642345,1.68924744640952,9.41982396906318,2.49575688099528,4.44636352996278,1.14339629963789,0.870980488676628,1.26760596517583,1.17088039427684,1.60303106390561,0.733596174379326,1.07968852822458,0.913000000000004
"K-medoids",20,16,3.6342342871231,1.10768928034928,5.147925673176,1.58478477340606,2.94081141753463,0.799071068962872,0.803590742987703,1.19350830926903,1.07191000835351,1.53695234969229,0.680673537624598,0.997433457637887,0.846000000000004
"K-medoids",20,17,5.8523015592333,1.67535068943319,8.46687840609078,2.37973988375605,4.65456244503043,1.22405020853287,0.88339295508297,1.3284257532318,1.20005797327344,1.76379524615408,0.738328533342082,1.07144441038485,1.155
"K-medoids",20,18,2.74914559078019,0.749253109352307,3.44281143952209,0.935717898231121,2.4313768779487,0.646104195954598,0.837531784410662,1.22099444741882,1.07276588626712,1.53206673954214,0.729770910934521,1.04809810583405,1.319
"K-medoids",20,19,6.3548047592722,1.91582640178011,9.68167137217371,2.84155160987177,4.83076530531731,1.2856533761174,1.06275876081379,1.91703583496198,1.53377902202515,2.81754501029853,0.846984116013048,1.31221161316999,1.38699999999999
"K-medoids",20,20,5.25566695740407,1.4677691135985,8.14617818438049,2.14657245877951,3.93152214951543,1.01510089292086,0.857207371892663,1.25071246354029,1.15854792089189,1.62877222875664,0.719163098049438,1.03227199423569,1.341
"K-medoids",20,21,3.95224590597866,1.15579462778792,5.99491976154856,1.67960099413859,3.0164958715835,0.809624024349107,0.752193403064996,1.11785137257897,1.00342092851561,1.44566170425409,0.637105933305493,0.929854120892136,1.017
"K-medoids",20,22,5.9717954834569,1.65998605850766,9.03736581459436,2.32281405821219,4.56745600215371,1.2434664496656,0.895491221141584,1.3769206002372,1.21314368174789,1.80003347513927,0.749974451478364,1.13142693466606,0.822999999999993
"K-medoids",20,23,7.20909017970428,1.91343127740815,7.57288576415454,2.15711620255905,7.04243521922987,1.79075824207294,0.991732191911076,1.49554186493172,1.39561963294645,2.00093497804065,0.806711129537335,1.19462886204571,0.890999999999998
"K-medoids",20,24,4.81446837972214,1.341812051245,7.27568390686706,1.91645986029617,3.68698417175632,0.970943335929119,0.871510876256044,1.33880617318972,1.2381997078537,1.83230805410341,0.703530517647057,1.03706177117587,0.953000000000003
"K-medoids",20,25,3.36653691339133,0.95056793067268,4.72938352325305,1.31211290433051,2.74221612004685,0.727203715168875,0.802216724234173,1.18181037408873,1.03152557473448,1.47599313108801,0.69717021171448,1.01906629449681,0.841000000000001
"K-medoids",20,26,5.55521637855609,1.60865079682387,8.55004797542679,2.38187317130552,4.18328235093934,1.08363255701808,0.802751845048211,1.22709187070344,1.08418686618126,1.6282272195309,0.673826304640889,0.99048477439356,0.869999999999997
"K-medoids",20,27,3.62945104159582,0.980323269230402,5.13685476176004,1.32841055855145,2.93890855526362,0.769990497993196,0.833755747015915,1.22453225113126,1.09277296512819,1.5530664388012,0.715099814696322,1.03992592209506,0.833000000000006
"K-medoids",20,28,5.4865376407955,1.63202355694667,9.1669401944914,2.48317250460798,3.80054317485661,1.02904681722512,0.831153426671394,1.24799224894158,1.12485814181511,1.61682611757709,0.696607132583212,1.0360677314275,0.908000000000001
"K-medoids",20,29,3.48797683029881,0.970260748263292,4.88631160818481,1.32854736500095,2.84739888735661,0.751065614428867,0.840588690693851,1.27217740290306,1.14159582224808,1.65446742245889,0.702697155568455,1.05161781149755,0.972999999999999
"K-medoids",20,30,5.35719954062436,1.50028238100786,7.13422550025303,2.00079574663657,4.54314295576653,1.2033706579187,1.06984796530854,1.64494382405386,1.59839959117914,2.3129046610526,0.827718170216981,1.22260595950921,1.159
"K-medoids",30,1,5.98129809961723,1.78776643893079,9.64308992341979,2.68342212087222,4.30007229025659,1.16510507551633,0.983479392352674,1.55414947594179,1.44317968367087,2.19897351578041,0.772418788276012,1.14203618618643,1.436
"K-medoids",30,2,3.9697956277539,1.34223540330573,6.1898332887785,2.03753884952927,2.95341678361509,0.851899020885464,1.08809223783978,1.72171111987879,1.57658751885385,2.36986068413324,0.864449063761724,1.32294057865208,1.007
"K-medoids",30,3,6.04013889512654,1.69869097703176,8.9777449338352,2.44118045031454,4.69140599941484,1.21420049727018,0.981260103527296,1.49362752986889,1.39181121992066,2.02095508486448,0.792765190065607,1.17473713454524,1.41099999999999
"K-medoids",30,4,7.13261567079201,2.15661104359703,12.2032245159044,3.29042053404587,4.80456457729138,1.34738761618131,1.24498822181958,1.98711531138671,1.87043775980753,2.85314649154227,0.957827739652661,1.42269200171688,1.25200000000001
"K-medoids",30,5,4.96221413336212,1.57771038257937,7.79155760986896,2.36040338366946,3.66318745321899,1.03633424613371,1.29238834071745,2.0825432828622,1.99494747078952,3.01557989009351,0.96982479835514,1.46732511464546,1.045
"K-medoids",30,6,4.90353045811346,1.57510760324083,7.51341878809071,2.36987018543894,3.7052614600276,1.02051702687755,1.05574506716869,1.68953016038961,1.61416451947603,2.4534646551522,0.799359876299693,1.18380208843909,1.21899999999999
"K-medoids",30,7,4.87293893705515,1.48506461505636,7.44861055278967,2.19782028696732,3.6903797405813,1.00010553151599,0.913665803971574,1.40697718941052,1.38880154186143,1.99381739275416,0.695518376720912,1.03116217129619,1.14399999999999
"K-medoids",30,8,3.89943186621653,1.35216968908757,5.86255524517147,2.00117842153837,2.99810982212748,0.910572243218397,1.19615520608127,1.78177788812532,1.82025002305929,2.53781590858749,0.909616712283965,1.29434442217573,1.14400000000001
"K-medoids",30,9,4.01285679066095,1.2209771946877,5.66753213028833,1.74122575759349,3.25315142756215,0.885004939161382,1.17235100995534,1.72038717570941,1.72026754068638,2.35948811919019,0.920787989126977,1.32762251827317,1.251
"K-medoids",30,10,6.54058673480763,1.87183809605545,9.41489652029347,2.65399197782232,5.22091482881749,1.37059033196011,0.924870964048082,1.41240794352211,1.36219255452856,1.9794227849985,0.724085015451226,1.05446460670798,1.19199999999999
"K-medoids",30,11,8.22174327818952,2.51112465886186,13.6874902958755,3.83298337116814,5.71227376279058,1.56700518372108,0.868416876200983,1.35871730819609,1.24252875466798,1.8669182372646,0.696652183959695,1.04569589764348,1.19
"K-medoids",30,12,4.39878174609582,1.28468530036372,6.24912473354051,1.82728701418922,3.54924017291293,0.935496080776086,1.12088904355226,1.76375332517928,1.66085537397316,2.42683743056166,0.872976170682645,1.35463810375593,1.099
"K-medoids",30,13,3.44382403294014,0.949303208514174,4.25468931150116,1.17461275883517,3.07153426338802,0.825510043788565,1.35482955876342,2.08289412734011,2.09766545845435,2.97702961931913,1.01377388253355,1.50374243031999,1.19900000000001
"K-medoids",30,14,3.63360134238436,1.2562794614332,5.13555956191563,1.88838362198568,2.94401246219644,0.815847525777888,0.996717630388903,1.73040151212995,1.51992328797706,2.56503419704507,0.756500027240923,1.16115019153056,1.131
"K-medoids",30,15,3.9061229278396,1.74338612438434,6.08653862939863,2.81371301985744,2.90503621155831,0.89440823869164,1.02807417600659,1.65678394104605,1.54644926995192,2.39881609771209,0.790074412828999,1.1675804940558,1.23099999999999
"K-medoids",30,16,4.76385539458394,1.6033265489902,7.88332155812921,2.49845464039562,3.33162568903685,0.940700821418081,1.13042495489141,1.73989356870861,1.68857402846814,2.47106286210697,0.874163902073433,1.27028138966615,1.42
"K-medoids",30,17,3.55104798488574,1.05476283249473,5.04662974642969,1.48183461531809,2.86438670578942,0.784314114963188,1.24532112221756,1.90530818565799,1.82282569812687,2.60015413339323,0.980173444588423,1.48082973727711,1.37299999999999
"K-medoids",30,18,3.99430458480309,1.23123554957862,6.12475486017641,1.79201759366189,3.01615832175374,0.858803956244486,1.21499752053105,1.88383345844983,1.77705895404457,2.58272911725271,0.95694019943301,1.45450713196009,1.31700000000001
"K-medoids",30,19,4.22087860542859,1.29047402317238,6.84565962186211,1.97150555899137,3.01577197974245,0.803348344280152,1.10030033304943,1.75874159333782,1.64327563858506,2.51142481921389,0.851005959847191,1.27181026711778,1.38800000000001
"K-medoids",30,20,4.47891059274842,1.41464904155699,6.87183028349697,2.09883519335112,3.38025765522668,0.947390132568125,0.89860086395197,1.44426141960404,1.25917090769263,1.9860682465188,0.733053587430511,1.1102114509702,1.37400000000001
"K-medoids",30,21,6.59036518035261,2.17704535659026,10.647449902239,3.2714404501513,4.72764991050556,1.4148669648711,1.21764654192068,1.95065403599785,1.84466041547216,2.72459084898161,0.929767831779463,1.46416302024561,1.245
"K-medoids",30,22,7.12199258409952,2.11299931350685,11.5394440467268,3.12910629653188,5.09382337953378,1.42098915073605,1.19811256785584,1.7865132149603,1.79150386970142,2.50547933785626,0.925670872719573,1.33223798762054,1.368
"K-medoids",30,23,4.52667598051614,1.31959392310273,6.60819960076151,1.81380683740816,3.57099324333742,1.01505657862072,1.20252144501501,1.92101270659845,1.79275576429728,2.72146871993279,0.931529204359101,1.40859102868438,1.065
"K-medoids",30,24,4.57811201074568,1.54672186827175,7.22323608011368,2.35516353672339,3.36366534955768,0.971626635101628,1.06084393514957,1.63265349201389,1.55926733805681,2.30062862595025,0.832004522840533,1.20800594309771,1.306
"K-medoids",30,25,4.77707682399593,1.4691438671889,7.65653131959408,2.21123821909861,3.4550428450539,0.951010799026178,0.962561652898289,1.51580768419139,1.38208279254647,2.09055823338262,0.769948363698116,1.16017819554531,1.30499999999999
"K-medoids",30,26,6.2547341616007,1.90362912267178,9.72701705485518,2.83421736781743,4.66051693177502,1.26472216456095,1.02344225759858,1.66938172000822,1.52839156571518,2.36513448603302,0.791606629012015,1.22395068527598,1.15599999999999
"K-medoids",30,27,3.96549086959916,1.1383871003497,6.2971502971884,1.66901183023638,2.89496414472616,0.782288773249573,1.56144460809175,2.54236026342004,2.37549439539089,3.76976808996322,1.18769274606191,1.70484229450847,1.34699999999999
"K-medoids",30,28,4.48919673286158,1.48014148925149,7.24324745529056,2.26502233615471,3.22473895436676,0.917176639305187,0.868431628693537,1.40006934026471,1.19599096463195,1.91982918721525,0.718040444220135,1.08071660466025,1.30099999999999
"K-medoids",30,29,4.9218422971375,1.48915745313112,8.30751008501631,2.28871279086991,3.36739236093336,0.911452029350562,0.918422455335991,1.35760263460235,1.30653240705683,1.82253239373991,0.74023087615844,1.0790033498618,1.386
"K-medoids",30,30,3.89003223351137,1.17374334296529,5.80673729811128,1.72067320894334,3.01002206947335,0.806756745259573,0.985167188981976,1.49753652291562,1.48195259374409,2.09689677253291,0.757079825093435,1.11959438394258,1.38900000000001
"K-medoids",40,1,4.78131596098024,1.39101611072753,7.36600511369231,2.05477319427279,3.59195282673565,0.939398529694761,2.3785703191306,4.20401662780337,3.83508175953498,6.36965807975639,1.70834619952813,2.67146311966839,1.602
"K-medoids",40,2,3.46789418618963,0.969649677537328,5.09735708974286,1.36286316814819,2.71808521822462,0.71984418176212,0.851542299746198,1.27232552065559,1.15685911967001,1.65475488600676,0.711048589119085,1.0505768184541,1.17700000000001
"K-medoids",40,3,6.16638742045359,1.74888869961918,9.16136440635859,2.5090466247044,4.78822741571616,1.25268495694587,1.23772575241929,1.84278453028675,1.80054929620267,2.56470990839795,0.978738487603156,1.38985218819103,1.27900000000001
"K-medoids",40,4,4.73037336961918,1.32347225127593,6.95919542221517,1.85468207728421,3.7047650176951,0.987274428039784,1.12606961406525,1.87233234171493,1.65422659249436,2.6083733254935,0.88303441635936,1.40997801857769,1.26299999999999
"K-medoids",40,5,4.15585421978378,1.28220966285805,6.49248690860142,1.92653163846394,3.0806360352549,0.832288411457363,1.41070069104269,2.36768200966695,2.30146842304846,3.53921497261882,1.00080757081557,1.55614057234555,1.232
"K-medoids",40,6,5.37805814279814,1.74874460056339,8.89574552015027,2.68726454351551,3.75936922617146,1.06880461829702,1.05574085929805,1.62171688836996,1.6141139542928,2.3114023757402,0.798801500209546,1.1754728470651,1.501
"K-medoids",40,7,5.32696213305921,1.56933925850625,7.91786407857866,2.2002243828541,4.1347401379268,1.16982805876009,0.941639921303016,1.48115425476408,1.4132569597749,2.10458564181074,0.724621979918643,1.0794228960301,1.44199999999999
"K-medoids",40,8,4.44024843667608,1.25063598181107,6.58068565729529,1.74503587877009,3.45531099508923,0.939452026204441,0.914149046791123,1.47783677971308,1.41569610703611,2.13946842568555,0.683358592581862,1.04052709599636,1.26799999999999
"K-medoids",40,9,5.33585370908193,1.5959566075297,8.57745536146943,2.40803650349706,3.84420760641204,1.02510873730238,1.05217784411893,1.62807484146772,1.54443081458895,2.26382019277565,0.825664131556967,1.22966743343592,1.53999999999999
"K-medoids",40,10,9.91843976257864,3.11650772696468,17.9271417910334,4.9487374853909,6.23317844757702,1.70666418402386,0.92779679314451,1.57947916938362,1.40904829240258,2.29221404226116,0.706345485966266,1.10677689836146,1.672
"K-medoids",40,11,5.87676496605568,1.74660877330142,8.72702449045892,2.50823439973591,4.56519773260415,1.24878265824168,0.837186360301054,1.28368764096491,1.16618666650379,1.73574025093476,0.685794524674665,1.00983512101231,1.56299999999999
"K-medoids",40,12,7.11743616503719,2.18336275703665,11.3491938640935,3.30809968677452,5.17016270082499,1.38742032660966,1.92099541709309,3.02922573080312,2.80762010356,4.12579295777781,1.51300874879744,2.35920210590128,1.428
"K-medoids",40,13,5.05634119443614,1.40537691185413,8.06881800022388,2.0584663960448,3.67012852286153,0.96649727266193,1.16083847976603,1.79528477123641,1.61310567550742,2.3618403202363,0.952724506417013,1.46262294710614,1.498
"K-medoids",40,14,5.51060888608988,1.72622852128342,9.08687958558393,2.65335240358473,3.86496243626659,1.05424685703333,1.19727533600653,1.92075132945909,1.81745310687111,2.81192784528836,0.911896114845493,1.32230964453366,1.456
"K-medoids",40,15,6.1531660914613,1.86687689292906,10.3136260599895,2.87139303929111,4.23870078607796,1.13799555424252,1.65837811333658,2.72759459784471,2.2930181639845,3.59669395970309,1.36634397106313,2.21597574083986,1.33
"K-medoids",40,16,4.50575429330304,1.3744662644471,6.87422009914676,2.06510529846464,3.41588787310561,0.89221811313321,1.04230056187397,1.53742417638688,1.4915643433518,2.07045868219,0.835568631003139,1.21603163505396,1.40000000000001
"K-medoids",40,17,4.70795238490884,1.38440335806179,7.30737750906933,2.06150709131655,3.51180838838157,0.918104668176717,1.06572338370779,1.69802912429425,1.55439816174378,2.42180231011587,0.840856201895487,1.22930694385903,1.453
"K-medoids",40,18,4.67207889096757,1.29628787881052,7.34216816913705,1.85969594772001,3.44341828036209,0.92852235837679,0.869470633855008,1.34481125667103,1.23988232068615,1.83181389718189,0.699023056300838,1.04720714835404,1.51700000000001
"K-medoids",40,19,3.41864005755148,0.995328058880213,4.99546142345831,1.3971004460118,2.69305446830141,0.740519767044115,1.03510641068251,1.55628693818809,1.55630227210479,2.17507450374962,0.795274420577987,1.16600300675901,1.389
"K-medoids",40,20,5.40782998288111,1.64734679238051,9.17185114481771,2.55922979242846,3.6757888197004,0.973977473913574,0.918192320082657,1.40406184015029,1.32835255170071,1.94644190174317,0.729454166363907,1.06544392480102,1.292
"K-medoids",40,21,5.42306415830568,1.56894772074631,8.84811700383889,2.3836471880324,3.84700168168546,0.989853307126642,0.866084975922508,1.32042205206469,1.23907678612007,1.79245343522467,0.694450136213192,1.03313651242423,1.43100000000001
"K-medoids",40,22,6.89916981791578,2.01151964392877,9.92495246608639,2.8489291589472,5.5068343681403,1.47420695565397,0.923248228609285,1.39590539222413,1.28380310424853,1.86459708800137,0.757336332972827,1.11595400741421,1.28200000000001
"K-medoids",40,23,4.85425094550332,1.37673655683547,7.82565214918109,2.03801749498071,3.48693950497822,0.925374154628702,0.949287396083441,1.45678518568274,1.4189664219679,2.0399426973126,0.733161245003045,1.08807023341229,1.50400000000002
"K-medoids",40,24,4.47976025496036,1.32471096241319,7.14381341075034,1.96780452087611,3.25387720908618,0.883472979227214,0.980118031840808,1.54119178698159,1.45778500166635,2.17189317585851,0.760316171427264,1.13914623702524,1.36500000000001
"K-medoids",40,25,4.65910980599551,1.37777246790206,7.11523904392453,2.03614321013062,3.52890443276219,0.929514712148101,1.70224810174744,2.74527385149044,2.35902725104257,3.56956916827895,1.40002649545,2.26743791215917,1.40199999999999
"K-medoids",40,26,4.16587890151263,1.26872741496102,6.42591563854845,1.87772332025243,3.12590689008201,0.853186608234336,1.80352264612084,2.85670786594234,2.48348225230055,3.79696656088066,1.49063438738493,2.29825068501311,1.40299999999999
"K-medoids",40,27,3.66434230059512,1.17381693016451,5.72921901906708,1.77478540173781,2.71417456257771,0.749959943769654,1.19244152070894,1.8346896018792,1.82246781645675,2.61162074687843,0.902530430634181,1.33284797659616,1.38399999999999
"K-medoids",40,28,4.29910416204456,1.2401028641645,6.74322225035367,1.81599906886475,3.17442580491017,0.853217275295846,1.4199163446434,2.40817152200112,1.976277673291,3.15223905888727,1.16390271417706,1.97369509625218,1.482
"K-medoids",40,29,8.70156897207413,2.4344041628165,13.3951850212827,3.46787134454645,6.54176809645628,1.76619746593001,1.38452009474318,2.20538667485701,2.18633504510674,3.26619132694808,1.01555923093952,1.48082804367212,1.416
"K-medoids",40,30,4.54053085957621,1.38280056779952,7.12401377832349,2.07064876147353,3.35172278248712,0.905018053604128,1.03840512607374,1.70269598878939,1.54207324744547,2.4838865667461,0.806638650470582,1.180771389702,1.36599999999999
"K-medoids",50,1,5.75266168165963,1.57832152758454,9.38922671107195,2.34310113366445,4.0755057063401,1.05260243172057,1.00896271790248,1.58982626797942,1.54589710205717,2.2739425276403,0.761332686964994,1.14389379502397,1.53100000000001
"K-medoids",50,2,4.04932103544256,1.23633200702635,6.70622384436624,1.88028876328075,2.82397778273311,0.776477996724662,1.15553810880543,1.8349441095072,1.79615473744849,2.68398999969119,0.860090619779949,1.26393242479007,1.50800000000001
"K-medoids",50,3,4.56538450032465,1.39888278724748,7.74538359106958,2.14256281235869,3.09879324362565,0.861527522958171,0.880343570875288,1.39546922129098,1.31707536500171,1.98549887303478,0.678926208004826,1.01356544148906,1.374
"K-medoids",50,4,4.93585951694767,1.46199362101208,8.28467912285208,2.23540860010989,3.39140952997263,0.904758304439836,1.5643063844424,2.43414455865257,2.33681487625948,3.36976750367462,1.20803137696771,1.8495024261988,1.53800000000001
"K-medoids",50,5,4.07915046502397,1.23872122426108,6.1508155324939,1.81592864928786,3.12371438216382,0.849276944022383,0.844959631468932,1.31455784899451,1.25137263698771,1.82723508801909,0.657525061994583,0.992576421674651,1.62100000000001
"K-medoids",50,6,4.66404522335876,1.32355037043539,7.43463769061177,1.94730114706301,3.386269169845,0.900479157479447,0.952966213290352,1.41733504101157,1.36284618456917,1.92842860249783,0.763932705726438,1.10462686118665,1.60300000000001
"K-medoids",50,7,5.15764887622481,1.4899550311685,7.07595525155453,2.02996001192695,4.27734790479654,1.16090982284617,1.25081661916662,2.23664824816207,2.00755812460128,3.41527431372254,0.903551817818234,1.39487119806609,1.24000000000001
"K-medoids",50,8,3.68820973935749,1.07927003248035,5.15635307363954,1.49540612036181,3.01111326347938,0.818959764024371,0.966987923516,1.50833586153054,1.43073247312885,2.12643292494358,0.753112484436962,1.11307858118926,1.334
"K-medoids",50,9,4.17450388063759,1.23567307531667,6.47610429037194,1.81895671200461,3.11604705026753,0.841139134235566,1.06280265976873,1.62815047746253,1.53346609374794,2.25595671004085,0.846354607190292,1.23671955812553,1.26100000000002
"K-medoids",50,10,4.08741180445099,1.20307994721178,6.34647409667664,1.75424549184668,3.04554955494309,0.834067712111689,0.919455240402722,1.412413234201,1.34369711988719,1.97692861758919,0.723798130629237,1.05474897190928,1.24800000000002
"K-medoids",50,11,6.00154539979956,1.9125446498772,10.2380909502127,2.97797927985998,4.04768299747178,1.12016463901463,1.05568695985425,1.65820407283237,1.53553443564531,2.28786508298795,0.834384974393804,1.26638170382922,1.54900000000001
"K-medoids",50,12,4.86558635147247,1.49442683129873,8.33515455372804,2.31688664015479,3.26544803547158,0.887487442151216,1.75210295652917,2.83438216005062,2.4526889710352,3.91797347801279,1.42899804545215,2.15853487999745,1.48200000000003
"K-medoids",50,13,3.8266006810317,1.22851827078924,5.8691396978222,1.84442496086629,2.88459730995847,0.797736264392133,1.07572150462265,1.70819462839659,1.7333491107455,2.50074544364834,0.772428682901201,1.1745143499284,1.464
"K-medoids",50,14,4.87100439963154,1.51796940162632,7.92389883719232,2.29549525016524,3.46303283675197,0.967866068905413,1.08730215304901,1.67580789231203,1.67874087880867,2.39548108304244,0.814535136669412,1.20707897174704,1.464
"K-medoids",50,15,4.48302152767889,1.34941100234145,7.29343537114196,2.04851566020087,3.18688016005249,0.851671704246523,0.811796444626475,1.24141975691557,1.10535686825688,1.64956073075311,0.67640862270469,0.998473551447619,1.56299999999999
"K-medoids",50,16,4.80441593927121,1.36830659440494,7.52710956306127,1.99273733823067,3.54873046598221,0.950968184387186,1.20423034538079,1.96900627626759,1.90657169596979,2.95897201080436,0.88031588672895,1.27555680387555,1.517
"K-medoids",50,17,4.8944618870797,1.47416312421555,7.45967027603638,2.19732639172151,3.71140739948438,0.973987370945807,1.04468899809217,1.68446399658495,1.64679781174287,2.46713242391561,0.7670010187932,1.15708938239891,1.36099999999999
"K-medoids",50,18,4.26282109293814,1.26133001699203,6.96560165445315,1.91028418097229,3.01631937165451,0.801069563798207,1.03314354915116,1.60377061261233,1.54672218859601,2.2480756469442,0.796285009024729,1.19478434601571,1.31
"K-medoids",50,19,4.30056778985181,1.33864673339556,7.04935850804221,2.023247372334,3.0328465362432,0.854702043639408,1.09539083052851,1.68706608699516,1.65708139958343,2.40173057065831,0.836343436476175,1.22414608033785,1.64499999999998
"K-medoids",50,20,4.37722550829536,1.33491774420763,6.92040583263794,2.00161310394047,3.20433019560644,0.869543689231347,0.863105122420329,1.34318343472295,1.20591942511135,1.83985325324894,0.705001788220864,1.03683862437748,1.43700000000001
"K-medoids",50,21,5.06658771503005,1.45463451500478,7.64388768467004,2.1157393968332,3.87880372092472,1.01397374759008,0.929723317266053,1.41937589792926,1.29769905426456,1.89413130589426,0.760136658446907,1.13562350206513,1.30199999999999
"K-medoids",50,22,7.82810933844393,2.26159051290874,11.9049224929361,3.34217112526473,5.94791429531481,1.5238524016783,1.11140841251746,1.69487616387394,1.65705014601368,2.36810578499395,0.859762618666569,1.26928981820024,1.22299999999998
"K-medoids",50,23,4.34966929131882,1.34403617152671,7.18937674889569,2.05673351492837,3.04001793293129,0.829838735175352,1.0918240400368,1.78690545749656,1.63713472265328,2.51264884952922,0.840330924319414,1.32436358139491,1.58699999999999
"K-medoids",50,24,7.37172629024559,2.28282695273116,12.8592637888396,3.5946160851742,4.84091597030912,1.28667074079086,1.09503282007711,1.9971568263391,1.66621561841247,3.01595754441012,0.831607682487124,1.27795067921466,1.56999999999999
"K-medoids",50,25,5.73694479936593,1.74049718221598,9.90701699516683,2.69049042817573,3.81373939972773,1.04306448985555,1.04340168307439,1.64399350490725,1.53459408164651,2.32045616989495,0.816867506005134,1.21073861189979,1.65299999999999
"K-medoids",50,26,4.34934656160232,1.22744185877943,6.14434967660987,1.68137950448256,3.52150485501839,0.947440915617971,1.13210509182951,1.74327892570254,1.69753717289949,2.47712864530291,0.87133214105483,1.26911066078307,1.565
"K-medoids",50,27,4.98522647770536,1.51580955032414,8.15698481095514,2.30524706256292,3.5224357953292,0.952102193745401,0.925683454129123,1.43526423424734,1.35973453505597,1.9983180158879,0.725502415681416,1.08090896181893,1.42000000000002
"K-medoids",50,28,7.70427434500832,2.59912294323582,13.0253707957926,3.83825045361689,5.2502253632068,1.75403387656238,1.32232457969201,2.18971509190682,2.04621387958516,3.22596014794034,0.988472371642296,1.48548176406871,1.51599999999999
"K-medoids",50,29,5.88933837726687,1.84139297060328,10.3575949910372,2.90885931114633,3.82861260488683,1.02574077817927,0.984983039836643,1.5108228475324,1.46593638460339,2.13454620297288,0.763171036063462,1.11084282899591,1.51599999999999
"K-medoids",50,30,5.30519846855391,1.52914048077129,8.22555458243428,2.23868267216895,3.95835256676432,1.05133504422628,1.19189912284274,1.9495758708062,1.74542322747636,2.85527059744881,0.936618039715866,1.33935215819443,1.506
"K-medoids",60,1,3.98894569961526,1.2230752650122,6.1760309115259,1.82193006529663,2.97800439534991,0.808099736955413,0.97642865110512,1.48011526690205,1.39833036940719,2.01161013441993,0.781412073310481,1.15451930689895,1.625
"K-medoids",60,2,4.18019547196756,1.21585541355862,6.22094826828904,1.73951979850449,3.23689372845935,0.873465700376445,0.911606133474507,1.47515460648731,1.30016578249295,2.08421058024752,0.732001335168349,1.08352652407062,1.494
"K-medoids",60,3,4.32877535446277,1.2342256441538,6.8821767540492,1.78033998092777,3.14851089693127,0.873121498147669,1.43433921482157,2.418081367098,2.15647071507531,3.46159147702378,1.10054675134465,1.73524997231871,1.505
"K-medoids",60,4,4.38269178086446,1.27804205016615,6.69788841926927,1.85062229792122,3.3125332445105,0.897409253355947,1.03017474660004,1.61296645668342,1.51882801204504,2.2538293014012,0.804303451411262,1.20673512587679,1.42999999999998
"K-medoids",60,5,3.95656840833078,1.23330032767608,6.4842220443037,1.88914609085801,2.7882053973399,0.757925139055177,0.927042899899841,1.46710479277537,1.33944564616062,2.03015490089654,0.736417053262953,1.11454024757385,1.602
"K-medoids",60,6,5.93190931501794,1.78187500095311,9.40758212673559,2.64033176052359,4.32534127352501,1.19177120318766,1.1235373725643,1.69950749776423,1.73937850193142,2.40449504540676,0.838875745686593,1.24537654287409,1.39500000000001
"K-medoids",60,7,4.62564915603903,1.42869493867856,6.9429454201379,2.03804302256169,3.55604745469251,1.03253038546994,1.45472097743181,2.34302999190932,2.22922891433711,3.36842689916945,1.09722892091118,1.66930577037513,1.40799999999999
"K-medoids",60,8,6.4538120079089,1.93810562429983,11.2919915040643,3.05866673722912,4.21744944486077,1.08079961636701,0.963080371634645,1.6453670457168,1.43225383503336,2.43080955495644,0.746213269048988,1.1078577821199,1.76900000000001
"K-medoids",60,9,4.38759389466357,1.29550136349405,7.10995803394603,1.96384489636836,3.12922941089152,0.819398662935826,0.956154047903801,1.47849513539534,1.44662411108356,2.10287956285684,0.729442970222062,1.07346407120689,1.42699999999999
"K-medoids",60,10,4.9067962441499,1.49130590666763,8.49698197459679,2.32801336600238,3.24729663932101,0.864210325224578,1.02149272948445,1.56446416981098,1.52692488827554,2.19881846306704,0.787865688780559,1.159345564358,1.54900000000001
"K-medoids",60,11,5.34858834176622,1.59958837545144,8.93325313058516,2.44455096135476,3.69164069417234,0.989529034081096,1.3001694754981,2.01968236825076,1.91896362350022,2.8059767943131,1.0141428681916,1.52486982193835,1.94
"K-medoids",60,12,4.95335149204564,1.50159898671537,7.75754619209713,2.25547679486389,3.65716228458102,0.97241142444665,0.876039442455555,1.30074852622837,1.25156924810505,1.76493141986306,0.702457457882509,1.01694322287179,1.45500000000001
"K-medoids",60,13,5.05384245649381,1.50072904215697,7.71653520360809,2.17250718660165,3.82306001419746,1.05431658341294,0.951032729403325,1.48147226062122,1.39659134044223,2.05527360604514,0.745081173004287,1.12103112377097,1.47
"K-medoids",60,14,5.32077544355524,1.66990919163663,7.5351106731462,2.32612010409798,4.30234075781585,1.25799686779235,1.34951310353611,2.25058330091559,1.89476840760942,3.03863516050796,1.09873494364827,1.77427827129056,1.333
"K-medoids",60,15,4.2047145414429,1.32145271576373,6.94533782826962,2.02721433791187,2.93791009093675,0.808588749099898,1.0344693804893,1.63739580730863,1.57192741166345,2.33270860058373,0.78603894894318,1.1853646627757,1.53900000000002
"K-medoids",60,16,5.04500244147976,1.50278678234137,8.55261330967074,2.31123079593505,3.42367160048956,0.912749756119768,0.979846916314952,1.49752360703285,1.47067469909853,2.11641385250776,0.752970489098194,1.09942446502517,1.42599999999999
"K-medoids",60,17,4.4928492301755,1.38899269472821,7.27468868243238,2.10934551739474,3.20699333905338,0.874332875574288,1.14017389667802,1.73034881400565,1.65036725593775,2.37015566904464,0.904346075599677,1.33470088587104,1.53400000000002
"K-medoids",60,18,5.03541065112382,1.60354801755292,8.23724964572247,2.47939819861261,3.55541742926875,0.958332409947791,1.19631345083697,1.96864807938923,1.82914232455202,2.90006431971265,0.903799540777028,1.33395858272325,1.49000000000001
"K-medoids",60,19,4.35143824836945,1.31482171665703,7.16919347706722,1.99743815824807,3.04898092732537,0.8268298703203,1.0183138157997,1.55330456234546,1.55578062636843,2.23086827389846,0.769879326134329,1.10796352920881,1.596
"K-medoids",60,20,3.79511952225424,1.16109077836508,5.59081099769403,1.68456666237996,2.96509302289652,0.812142457623533,0.932523719668414,1.41974751513034,1.31682753240238,1.94095665546133,0.754886106116071,1.09819090600918,1.423
"K-medoids",60,21,4.54312022000513,1.37907287245429,7.44361264208855,2.08737228916082,3.20241910044009,0.875746483112313,1.08457014282466,1.64857768883599,1.58227446413249,2.24646558536492,0.854515157778198,1.28115662715236,1.56800000000001
"K-medoids",60,22,4.60236024630253,1.322967111274,6.90004964351099,1.89597376531602,3.54029412132454,0.947452569893613,0.932967345314092,1.42728139652516,1.35469792190995,1.97383457674735,0.738029874734268,1.08530776388483,1.482
"K-medoids",60,23,5.18239893884742,1.45062700535885,8.38239356633721,2.15252593416261,3.70325824293895,0.967114589011744,1.14104440637443,1.78336157388565,1.75290677128502,2.56141115283848,0.858221892717902,1.27193795723276,1.46899999999999
"K-medoids",60,24,6.02137149369041,1.72430194896473,10.4499244258809,2.66149847555234,3.97435153630811,1.03599117201341,1.12177443400557,1.88689502969406,1.68187808782631,2.69367417289919,0.86287646549768,1.36095188729099,1.51900000000001
"K-medoids",60,25,7.52030499597846,2.32322364450989,13.8042181257724,3.70803287351506,4.61567773192491,1.23965311113626,1.42257824472828,2.20527261839938,2.2216762812963,3.25186321919937,1.05320936649504,1.49105333916171,1.48099999999999
"K-medoids",60,26,5.9731660202356,1.83825521666018,10.2884119621713,2.85245323499186,3.97852020716499,1.0863707718432,1.07905567562121,1.65762589124234,1.54992942115502,2.24703199623705,0.861402647809642,1.29766282769651,1.40700000000001
"K-medoids",60,27,5.01226083575858,1.50067398526704,8.40305751962541,2.28697696827097,3.4449252772632,0.935619195190961,0.956771635747307,1.44693388191691,1.43160894837783,2.04508060845159,0.737286519424289,1.06213749212337,1.495
"K-medoids",60,28,4.19977195971416,1.20446861388682,6.6995988693387,1.78502781372659,3.04427135887306,0.805297314409351,1.21778889233761,2.00383205965535,1.8227401713165,2.90028871961465,0.938160905436436,1.40826724833439,1.65200000000002
"K-medoids",60,29,4.82719626047132,1.47224555603788,8.26470192857378,2.28317047361202,3.23827030340027,0.871689848172646,1.03541704223497,1.64805284036178,1.56021633134549,2.36973286846545,0.792837889433036,1.17294928564807,1.596
"K-medoids",60,30,5.93572058118024,1.80865920120187,10.5683421642599,2.85473336522966,3.79437351346586,1.00814760483695,1.00766820036703,1.53172348322797,1.49119891027985,2.14665490213881,0.784164715514415,1.14045184140139,1.61600000000001
"SP",20,1,4.64140665887781,1.29310483813829,6.69668241087086,1.77918719621167,3.69988368869104,0.993981248936067,1.04298625856014,1.55617289796371,1.42569629803226,2.03051771452516,0.867666575673473,1.28152047778771,0.292000000000002
"SP",20,2,5.34228507330954,1.49771702064969,7.67355059921715,2.05945481399551,4.27433103350828,1.15229367756896,1.06911984438961,1.58985514600546,1.45371183878658,2.0832454907789,0.89293803690049,1.30285701102427,0.169000000000011
"SP",20,3,4.06636305010567,1.14801256607997,5.87672950574679,1.63254044549378,3.23703316539857,0.837110730792573,1.16920093396121,1.74978164053355,1.68468313284679,2.43624442042896,0.933058250672839,1.32112089964406,0.185000000000002
"SP",20,4,4.87779524931382,1.63317486821327,7.64657067494859,2.44024594606351,3.60941768002862,1.07760669138467,1.07366100827079,1.57450397262188,1.56213498181255,2.15260943497658,0.849890808100832,1.22147848682333,0.164000000000016
"SP",20,5,3.38973565765051,1.03710339896842,4.81404127518816,1.44978303667442,2.73726045855504,0.778100656693404,1.05309308800559,1.71414853422097,1.47118394314174,2.35293510445295,0.861565433697411,1.32218027329496,0.162000000000006
"SP",20,6,4.49977183355718,1.45097055614707,6.57756279625513,2.1329825248498,3.54793463276817,0.992764254385157,1.02430575460837,1.61301723213544,1.33197864417099,2.1432144520905,0.883360632015435,1.29980666140103,0.163000000000011
"SP",20,7,3.74732657751456,1.1451891666378,5.57052048410794,1.66339858367207,2.91212043036006,0.802945762996001,1.19840566023732,2.05171227454265,1.73624211846809,2.84769558263848,0.952022478254515,1.55659925025803,0.168000000000006
"SP",20,8,4.36598844654838,1.23070721377726,6.56542562713612,1.76321258079251,3.35842504538527,0.885607384294705,0.839465495881009,1.24815063490622,1.05816809742813,1.53680112123134,0.739277711932048,1.09069848888882,0.174000000000007
"SP",20,9,5.04961689913552,1.56336421478247,7.92519390826826,2.28537379484727,3.73231346478421,1.08218577703229,0.882427187701588,1.2980800210023,1.22022983498294,1.71392034157268,0.727679606265443,1.05415163148337,0.191000000000003
"SP",20,10,3.30997563552128,0.923895307892682,4.5771163115289,1.23042601674992,2.72949778394237,0.742339996284361,1.03270446990031,1.50997808368296,1.43547384502668,1.99967010549283,0.848195594144106,1.22176953298607,0.173000000000002
"SP",20,11,4.0551452010412,1.11631919662182,5.51614132183695,1.51188288316012,3.3858620619057,0.877449399539398,1.83833539551181,2.99079328727,2.79167096943939,4.30392960542632,1.40161183650588,2.13464634358405,0.165999999999997
"SP",20,12,3.93071348764664,1.26465760190566,5.44505268504448,1.81798403825994,3.23699385531915,0.904418856803314,0.980105029413768,1.5361956684929,1.36227154075691,2.07638841754309,0.805034337066622,1.21075087478842,0.167999999999978
"SP",20,13,3.58450152253552,1.13035000808475,4.79633620812639,1.56564343763957,3.02975414300564,0.860505859574692,0.904688021473326,1.50357404683734,1.28499739403393,2.10737128123557,0.730591974919104,1.12368065918743,0.170000000000016
"SP",20,14,5.73929746475811,1.55094593377397,8.34719857920874,2.16446318085164,4.54461650730027,1.16670815605939,0.768974171331976,1.23770226931114,1.00461116861127,1.59503320034253,0.661028731237553,1.03354077148212,0.171999999999997
"SP",20,15,3.29397358061636,0.902293891251287,4.38772477492413,1.14334055030407,2.7929255474698,0.766973225152041,1.17973017420413,1.74254401591749,1.63324397459799,2.32375522511688,0.971975248884035,1.3977820091646,0.169000000000011
"SP",20,16,4.4917383957918,1.25773837248768,6.02149674162874,1.68094005431759,3.79095524295029,1.00607523605439,0.795133250346538,1.18605864975063,1.03308386844712,1.51501086572193,0.686127939261357,0.999851153118531,0.170000000000016
"SP",20,17,3.44415555544022,1.00437421470666,4.60941300384071,1.35843597574086,2.91035046734615,0.790904204171079,1.17587582742039,1.85165769905943,1.71500614096735,2.5906988574107,0.928899929594407,1.3873188048745,0.233000000000004
"SP",20,18,4.38432480283227,1.33776880445824,5.79906937558681,1.79112203203681,3.73669039050563,1.06783666187146,0.910248059468525,1.47389862040505,1.22303895207375,2.01354292386359,0.767060271499784,1.14492578782608,0.176999999999992
"SP",20,19,3.82414839998696,1.16740272755974,5.51728728669382,1.65147733961019,3.0485205300989,0.858911404773549,1.60866802290774,2.36726209654664,2.20950063965253,3.12718166752367,1.33342626551628,1.92125125328809,0.173000000000002
"SP",20,20,3.55951946129156,1.01908986854398,4.91492693532346,1.3867321671819,2.93904807740161,0.796021743677212,0.986036778222879,1.46113348778369,1.32931880444597,1.91630654057424,0.828890917693139,1.19631302672529,0.171000000000021
"SP",20,21,4.34157614570083,1.22809807037426,6.23540371117065,1.70137410890651,3.47401267995488,0.934393821951676,1.28077514445051,2.1944822602617,1.90519977807084,3.10439458484432,0.994725870948458,1.61462516776799,0.165999999999997
"SP",20,22,5.66091942095061,1.97313891945219,8.55327853572975,2.87533125639354,4.33592809462723,1.37456524691508,1.25349372499937,1.93490545354901,1.79387466776854,2.69011525608386,1.00594491322803,1.46416445434373,0.170999999999992
"SP",20,23,4.95347175088157,1.5118862661985,7.20905668328976,2.04569978489714,3.92092181198424,1.19014523090234,0.881843342128446,1.32132577751742,1.19317862489095,1.72427229925459,0.739321895662766,1.08817027922864,0.170999999999992
"SP",20,24,6.05097141581111,1.73404042093664,8.74020483333703,2.44266092598998,4.81903208487745,1.28493489739877,0.850238420470343,1.3673455027789,1.12180571576486,1.82331064260159,0.725833290782348,1.09689389444051,0.168000000000006
"SP",20,25,4.63466931936177,1.65884259286609,6.43002850442262,2.45889519422328,3.81221427369141,1.11471482426068,1.21075032635642,1.97605095840132,1.59018260581502,2.68109899338599,1.03693218716308,1.54938620074286,0.173000000000002
"SP",20,26,3.26688588101037,0.928130532564991,4.22850133317879,1.21206930005,2.82636930515667,0.76357391627058,0.863674101437678,1.35219944380352,1.16289108204517,1.77594007438697,0.726602635461072,1.10508912284738,0.169999999999987
"SP",20,27,5.01945821456269,1.48859973501669,7.10562278171798,2.04122862168874,4.06378506089378,1.14992140174164,1.33902663092531,2.48411952186731,2.01371769613131,3.52357301939225,1.02995027703204,1.81937941109834,0.171999999999997
"SP",20,28,4.11020669748229,1.18911972698837,6.26453651237869,1.6924546748795,3.12330700574204,0.8657817292366,0.787373591740265,1.20299883143465,1.04745159189514,1.54794578152045,0.668231714574346,1.00623101042171,0.170999999999992
"SP",20,29,6.35565571144065,1.75643619665499,8.61469966044756,2.31683055019965,5.32078641636485,1.42807262777989,1.84804208967898,2.854738042228,2.635452478405,3.98715007863348,1.48732895070951,2.14481726007313,0.173999999999978
"SP",20,30,3.58979056790084,1.13144657170418,5.09305753858727,1.63476862280067,2.90114312881545,0.80147318282311,0.898264305589222,1.34988451939479,1.23638752268787,1.775560329302,0.743369870940684,1.10123530610017,0.173000000000002
"SP",30,1,3.34059420790909,0.935481234521131,4.3490943121008,1.21676237331513,2.87756504473036,0.772772007237439,0.972044012848537,1.7505110049066,1.47827692812985,2.62113366759766,0.739619046146037,1.1475316416866,0.238
"SP",30,2,4.39655721858417,1.23076407843368,6.24870606061198,1.70740143160126,3.54618652963523,0.933703007531343,1.36158537260489,2.05120688807189,1.89945928732199,2.70610876593592,1.11463318331709,1.66643528198874,0.240999999999985
"SP",30,3,3.33118493017803,0.998808334602687,4.74505783679775,1.37925504685474,2.6820383549103,0.763042718404757,1.02918606885165,1.78839588092446,1.53945809763567,2.62840710686667,0.79490663794297,1.22267126619988,0.25800000000001
"SP",30,4,4.14533660385592,1.73875951518246,6.09331102314794,2.64968071148038,3.25096984919778,1.08991543136358,1.11121856277544,1.66906989676835,1.65625618051427,2.31908327579671,0.860977327307446,1.26316123057142,0.281000000000006
"SP",30,5,4.52572996196592,1.48001478285943,7.23677926435929,2.23451453818396,3.28101527665652,0.950626348151872,0.994856261711788,1.5498063692788,1.42511678267898,2.15187105482811,0.797312237527525,1.17416683728631,0.239000000000004
"SP",30,6,3.48957421479864,1.06023282132791,4.95082505167908,1.52423725160121,2.8186751743496,0.757302142136187,1.18052142992699,1.81098849591614,1.5544958103954,2.43587295555847,1.00881986666602,1.43570552915447,0.239000000000004
"SP",30,7,6.02516713318638,1.90764199938529,9.69349229989418,2.92597671715122,4.34094169270461,1.17437905917345,1.38244695582248,2.32778405765452,2.0770281246724,3.35261783719366,1.06354630719036,1.65704202657881,0.238
"SP",30,8,4.15803358074811,1.16315345644043,6.0948364011586,1.63263413645751,3.26879600362795,0.866193419328895,0.855909823808652,1.29548874243894,1.24544634417558,1.75276313826247,0.677063269104902,1.01898003910151,0.23599999999999
"SP",30,9,4.5625404526027,1.40050821899583,6.45029879836159,1.98088626604768,3.69582049542337,1.02975402271402,0.958126300959559,1.55521969407272,1.34317377518378,2.17160056671831,0.781340786478114,1.16791695965364,0.23599999999999
"SP",30,10,6.62070002460638,2.01997556719227,11.2270328479484,3.09862114648514,4.50581037447173,1.24313877286209,0.96657230086823,1.47153246780612,1.3019690027043,1.94668524092755,0.812582773709454,1.19151402420051,0.236999999999995
"SP",30,11,5.60123161076756,1.6217422590184,8.92961708069484,2.4064197937099,4.07308150699355,1.08574259904172,0.790203785186807,1.19392505589994,1.06828585238395,1.56352266010227,0.662528927907044,0.97853974405272,0.241000000000014
"SP",30,12,4.10552560844997,1.1849205911827,5.76121717803606,1.63476097195366,3.34535366720664,0.906464373976194,1.82784907791462,3.01596088821238,2.37954702538827,3.84095955507155,1.57454990830187,2.54926736477522,0.240000000000009
"SP",30,13,3.19475009625698,0.991052183119714,4.45681535247854,1.41464190837502,2.61571478277782,0.717394513014536,1.75481896401191,3.43864791659288,2.68053225659274,5.10376401629111,1.33010187119998,2.30179961273264,0.236999999999995
"SP",30,14,4.42588057158224,1.33628558163806,6.82824545461214,1.94390296175933,3.32289109561105,0.933045683326719,1.25699381062889,1.94251261148546,1.78922480193043,2.69442288439996,1.01263243724296,1.47396854685277,0.240999999999985
"SP",30,15,4.04066471079411,1.26731984404345,6.1192413382069,1.87387601259103,3.08633501623728,0.855172735979778,1.22741479438112,1.90241410715737,1.80412205660572,2.64408183370407,0.962633184625135,1.43910029252498,0.23399999999998
"SP",30,16,3.64730310470667,1.03261851495698,4.79778174053534,1.33701740590363,3.11908782957816,0.857395093136699,0.94724509216675,1.49940013316605,1.35014083739742,2.09480569192492,0.762264962777531,1.12501791737891,0.239000000000004
"SP",30,17,2.84212351320883,0.832583484474836,3.88704643506438,1.1569965613084,2.36237166778803,0.629963466476239,0.853318260208009,1.39434702733855,1.17789433360522,1.93086199750549,0.704296770742329,1.06071234248825,0.234000000000009
"SP",30,18,4.22472680248214,1.23188570730723,6.25250539470139,1.76065299134323,3.29371983405002,0.889404578238666,0.829663936356883,1.20684669432883,1.0393030670986,1.48723197989098,0.733413047662474,1.05340587124162,0.235000000000014
"SP",30,19,4.28758037547362,1.32003959151084,6.46235015440024,1.94772904729737,3.28908585211426,0.894857482119242,0.859888774100336,1.29210811299431,1.12920036480334,1.66723329888896,0.73624067534532,1.07696620915897,0.231999999999999
"SP",30,20,4.2130744591983,1.39103496775176,6.29766020965081,2.01827409036686,3.2559858167733,0.9762982147187,0.833469807819124,1.2614328812288,1.11164877378241,1.63612500601585,0.70575046174416,1.04534341097991,0.238
"SP",30,21,3.60931245259124,1.03419055694666,5.08597412258563,1.42218629892626,2.93133788965989,0.794967446772511,1.41064050800995,2.2856397169232,2.20559106316224,3.36804522069608,1.04565761034764,1.55386211304212,0.236000000000018
"SP",30,22,4.07021151965655,1.13038786434969,5.73373123614898,1.5256886586457,3.30644546841141,0.892029819829398,1.07970558963469,1.69961289902444,1.48872155640104,2.30595506071018,0.891915504109262,1.33175930264532,0.236999999999995
"SP",30,23,4.68012292596581,1.39939461649281,6.74003485991971,1.99165219956683,3.73436268753233,1.01794295458107,0.877893937574725,1.56154628580657,1.29571023084859,2.27896271496567,0.686063388591202,1.08324560577761,0.236999999999995
"SP",30,24,3.78506746070959,1.09486624607166,5.21645154474885,1.52873586106728,3.12788103914622,0.822257738818665,0.844864132551324,1.32178024540599,1.1765911914056,1.79264687759575,0.692559435876914,1.03624476649216,0.238
"SP",30,25,3.79897313295665,1.11409420836225,5.23472321385266,1.57210124321316,3.13978216636384,0.822401465079092,0.978812731202962,1.50991630518113,1.33847379633829,2.0221031078215,0.813682790883269,1.20385325906613,0.25200000000001
"SP",30,26,3.92945253666512,1.15206566936123,5.80265498635069,1.62520096712797,3.06941557768295,0.850854000302912,0.769259008253089,1.13417295390771,0.974643476141354,1.4053943436883,0.67496154819241,0.984941027978392,0.236999999999995
"SP",30,27,3.48781715849182,1.23174077871771,4.93846069295466,1.81997475802671,2.82178821209791,0.832464316558508,0.810326799022989,1.25641797050227,1.05268957863843,1.65048737007846,0.699051614653082,1.02598555618945,0.237000000000023
"SP",30,28,4.46448740781672,1.29563754664061,6.73435161721715,1.84281529813979,3.42233250764408,0.94351603887721,1.08688227261433,1.65004305618061,1.53490165279002,2.25817476493564,0.881184684851692,1.27727479673825,0.234000000000009
"SP",30,29,3.81746705296683,1.28880160384718,5.41435645835754,1.88588289548344,3.08429274590056,0.889221392677523,0.83802469881895,1.25828442641877,1.07437205373022,1.59377557761492,0.72951135557861,1.06956470070562,0.237000000000023
"SP",30,30,4.10948588371961,1.28650486133671,5.7741637638995,1.83415165877805,3.34518808878821,0.932973442559366,0.826710487115911,1.25226634106789,1.08768089931211,1.64008476200402,0.706892044786189,1.02623852889438,0.240999999999985
"SP",40,1,3.94827000574759,1.23340000177838,5.77656700513688,1.7999027597637,3.10756521406253,0.85505346587075,0.820632342712184,1.2479999220488,1.09847267118863,1.63545980953833,0.692873179101714,1.02165104767353,0.302000000000021
"SP",40,2,4.48378121898074,1.41555109344149,6.86828217748607,2.10879905982841,3.38653610900636,0.937820160277821,0.844748289575201,1.27703320175221,1.11865389816154,1.65112053953617,0.718708671707186,1.06149162720765,0.302000000000021
"SP",40,3,4.08005352315102,1.23819006833138,5.51452416835865,1.70490723605466,3.42044168472409,0.949471254535786,1.3726288890719,2.2984911521517,1.93233606783584,3.30494046490663,1.11525904856757,1.64006746449515,0.298000000000002
"SP",40,4,3.46346448819606,0.998254824776066,4.69300189185892,1.34560033449064,2.89768408920418,0.788597548825529,1.08559127066912,1.67119593767924,1.50025130004646,2.26537490843007,0.894782502942181,1.31018152782984,0.300999999999988
"SP",40,5,3.49983420447248,1.05789109550909,5.01788487438599,1.48279395158601,2.80129236983215,0.788906554320624,0.931943295707027,1.44869280390192,1.36469388344736,1.97632931209386,0.73281002862113,1.12566877864694,0.305000000000007
"SP",40,6,3.39723544214826,1.06220477493102,4.69935002575486,1.51952305270389,2.79848481786416,0.765095775810958,1.09339506231653,1.70549908705754,1.53646594989124,2.2690653896719,0.88965802267548,1.37067176659365,0.302000000000021
"SP",40,7,4.18201582707885,1.20144870118584,5.55328579757954,1.6259475014177,3.55236359970897,0.944651073708123,0.798910822543992,1.27183452293415,1.03900581402319,1.64944562424339,0.688665320624315,1.05406074560208,0.299000000000035
"SP",40,8,3.73107602607582,1.17931188058173,5.53648781753879,1.72845252234838,2.90030292338243,0.809944859405494,1.22702448036029,1.87238559530095,1.81114687602831,2.59577436298536,0.958236397056254,1.42073933413678,0.300999999999988
"SP",40,9,3.770286384046,1.12150798066522,5.53993881904453,1.60986666947103,2.95712771523807,0.803028581315813,0.903158384845329,1.42992280040489,1.2412144220902,1.97462458452989,0.747820991020442,1.09203933720269,0.299000000000035
"SP",40,10,3.77925130892216,1.1596991534614,5.15151438233363,1.62635344959625,3.14824434361245,0.864330434225899,0.891999979367497,1.36165742162295,1.26662263678561,1.87028112691475,0.719737451304271,1.04796213868505,0.299999999999955
"SP",40,11,4.24115122392989,1.27490530490401,6.12321161109184,1.82897990387107,3.37510772366458,0.913242954655601,0.92928725892448,1.4937345434002,1.39221732498219,2.16436880359954,0.716266689807008,1.04993460568063,0.300999999999988
"SP",40,12,3.5359427699962,1.13229562419098,5.08666007458997,1.65810641599677,2.82236915059838,0.779063558085745,1.04102350972481,1.620562597241,1.49291430972628,2.25480379299189,0.833082737558028,1.22278170609416,0.302999999999997
"SP",40,13,4.68596424682468,1.37470286445631,7.54847718343207,2.05031829199281,3.36875851841949,0.908298240323122,0.987632007289107,1.530314094694,1.43638605866763,2.14413002529691,0.781134632356228,1.14193168118668,0.308999999999969
"SP",40,14,5.85682878075249,1.81299971641866,8.61869570424008,2.6029153919843,4.58593603257076,1.29686067927704,1.07931317554224,1.91625585106558,1.60211538973492,2.79638275888644,0.838742010762206,1.32794335226962,0.303999999999974
"SP",40,15,4.08206941462159,1.4203989898948,6.28952346180791,2.17762053731848,3.06629370267276,0.87397720698212,0.833964967887756,1.22904585050173,1.14778741300463,1.62363090618454,0.689557333209961,0.99628809749291,0.30400000000003
"SP",40,16,4.70275731544032,1.44419916773275,7.15640241722477,2.12915774797665,3.57369503515792,0.979504962507383,0.91122299460554,1.358509204595,1.1544296466256,1.69861109810358,0.799309720387555,1.16923350253435,0.30400000000003
"SP",40,17,4.06029485024907,1.27501458376006,6.12364039823035,1.88927729673417,3.11083169124535,0.855132611586494,1.24963203751473,2.092985867554,1.71068942860887,2.77945204899015,1.03747319312798,1.68566690608416,0.300999999999988
"SP",40,18,6.00325963919373,1.86278903271883,9.42963120929406,2.7517049728168,4.42659034206563,1.2579609353647,1.28788068309847,2.07802376207731,1.63460171449544,2.49986216845343,1.12833452948146,1.85190723180166,0.295999999999992
"SP",40,19,5.33727206722184,1.64187727348565,7.95045076313681,2.43772029672118,4.13479926663246,1.09624813483464,0.782039888558836,1.19033801356442,1.033592344901,1.54048557671955,0.666286233002957,0.988385744279953,0.30600000000004
"SP",40,20,4.38802661527613,1.43015567308291,6.51051004273577,2.14517812985152,3.41204624210181,0.932639826584452,1.07944913154319,1.65244309250353,1.56052319482021,2.31783893875669,0.858237112769698,1.23117282811298,0.300999999999988
"SP",40,21,3.96347382926953,1.28094684628925,5.70154860636261,1.87270731112512,3.16368633363748,0.884350598263897,1.00956025090543,1.63731363777926,1.48617126855172,2.34443531681647,0.790244294412749,1.17693937068536,0.300999999999988
"SP",40,22,3.99438403195485,1.11210351731388,5.92086267180196,1.56011673906805,3.10790115615539,0.828177951687596,1.09277907620427,1.70640257278004,1.57113378536817,2.3778938278124,0.872660747632771,1.28444420814764,0.301000000000045
"SP",40,23,4.12871723876021,1.27173988607661,6.50684217159207,1.91475083996606,3.03518537444862,0.821678475084826,1.32055799049752,2.06204199827089,1.97846158757968,2.88980098752117,1.01803454560943,1.53857314802054,0.303999999999974
"SP",40,24,4.19668609626228,1.25578271379485,6.13146885836766,1.79597890369673,3.30638201942367,0.904653631862667,0.913311464244334,1.39238526436427,1.22564280198101,1.84371154958211,0.769589973254394,1.12546029713628,0.30400000000003
"SP",40,25,3.78169467467642,1.17313523357732,5.10929281016938,1.65696422557933,3.17079093107135,0.8638057695091,1.17290607110813,1.94360509404846,1.63624614610499,2.72572369649477,0.959696833455256,1.44814406798698,0.300999999999988
"SP",40,26,5.34457759458554,1.68497433414409,8.83449445000266,2.62499524207324,3.73866748154286,0.987334602311072,0.879409354400144,1.32322406737698,1.20973594847089,1.73427102275198,0.727407217959057,1.08287044356673,0.298000000000002
"SP",40,27,3.61865613345717,1.05572672118639,5.15592490931533,1.48138427880207,2.912278199206,0.786335935547669,0.979916440887896,1.50044584389099,1.44502314760076,2.08941372394444,0.766199022142556,1.13128570383627,0.296999999999969
"SP",40,28,4.76917580250824,1.43390119936429,7.31116939646998,2.0917336319752,3.60029230295088,0.994786824462006,1.03415374650807,1.52466674456071,1.4149841165448,1.99962109946812,0.859036729406348,1.24696081618886,0.300000000000011
"SP",40,29,5.21639740806126,1.57201792918797,7.85703650786144,2.29059354227329,4.00128850691865,1.09272054296151,0.992780345504101,1.51201002900583,1.35021197994974,2.01677739953124,0.828305631561656,1.21100567513885,0.298000000000002
"SP",40,30,3.71850938991274,1.05035840812653,5.3224162765762,1.46635727961117,2.98046020525278,0.788346924849263,1.03647493920793,1.69945493774167,1.48119823149646,2.31201020054478,0.831832346796816,1.3256804700729,0.300999999999988
"SP",50,1,3.98445126985875,1.14421418002262,5.51205950899049,1.5949234983027,3.28093391574546,0.860621939492374,0.922091820181974,1.37124210495254,1.19057970345623,1.7528466814376,0.798443701237597,1.15380684955381,0.370000000000005
"SP",50,2,3.81772357956454,1.42060762438728,5.45679932679707,2.16450488972246,3.06233306987505,0.888269721106706,0.961611734139739,1.47744296886267,1.32980108948516,2.01408965791426,0.791926626379343,1.14861153750575,0.371000000000038
"SP",50,3,5.00233833084705,1.51830307667988,8.00254662040412,2.27341753358929,3.61965124463418,0.992827832663732,0.956601146934763,1.47674677616019,1.4020654506605,2.09101905598955,0.751302820723775,1.08201734682992,0.366000000000042
"SP",50,4,4.03280467136013,1.22983813496218,5.73841878726926,1.75094696641452,3.24618848742005,0.892258684791474,1.10771116732147,1.832729389745,1.61941548590611,2.58442908595468,0.871717049639012,1.35187450857906,0.36099999999999
"SP",50,5,4.41497596141965,1.48543167074576,6.215298437171,2.14638976881166,3.58527268818202,1.0489100694933,0.96213441768182,1.46676509400444,1.35837209466493,1.99367551266772,0.77952285669703,1.14502733960788,0.366999999999962
"SP",50,6,3.54759821650872,1.11012994079901,4.66476087559174,1.54669172603009,3.03273850250487,0.835372957783745,1.19416753404272,1.9270463613833,1.86461450064459,2.82599010148385,0.885182865898938,1.32074587057975,0.370000000000005
"SP",50,7,4.07130252123628,1.1653771131105,5.87011101989524,1.63105643314915,3.24170580081988,0.870356307412104,1.09695917791242,1.81493144227584,1.50383425826294,2.57557140526136,0.909311503060087,1.32430430406184,0.368999999999971
"SP",50,8,3.21165302866218,1.081797302983,4.49718302620282,1.5681650555125,2.61919892048387,0.759143170775848,1.36997305429204,2.14350066525165,2.04960626065919,3.07607189728188,1.05675478172203,1.53338979645963,0.375999999999976
"SP",50,9,4.01942341724533,1.27094568290559,5.21250853628839,1.75104697763642,3.46996573255898,0.973205860815194,1.01718918779208,1.70662795449417,1.3725369836141,2.3639366065923,0.853539022322442,1.29628817980829,0.384999999999991
"SP",50,10,6.77816109838144,2.34702663166103,10.6840100085536,3.42008136671781,4.97809712695931,1.62988180938341,1.00687136634966,1.61074719418742,1.4942093490964,2.29029416874878,0.782274981588504,1.17165870387631,0.371000000000038
"SP",50,11,4.07502247033993,1.16628579865459,6.10429059050373,1.68199154969256,3.13913953528125,0.826310817927134,0.852285106561285,1.30644455872458,1.05383005300301,1.62658694642371,0.759334118888496,1.12860242595472,0.370999999999981
"SP",50,12,4.23433682958611,1.28937785342192,6.32430429487506,1.84756380463256,3.27045982084767,0.924634487305699,0.998472219976552,1.65569634936415,1.49075199814502,2.38250260054317,0.771436551754868,1.17802218770553,0.365999999999985
"SP",50,13,5.95517941243378,1.82325674867369,8.66120391027451,2.59314822733108,4.70718161252974,1.32519463478441,0.842112664721256,1.30081772773896,1.12401010480896,1.74048299322205,0.712103721598689,1.03703492261027,0.363999999999976
"SP",50,14,3.62681666580534,1.01463914917592,5.17448210981461,1.40717161760665,2.91304520118914,0.768807519765646,0.908764017880161,1.42733508199969,1.21835047833675,1.91541713887757,0.765985110358005,1.13350468747909,0.368999999999971
"SP",50,15,4.27158887548018,1.25545195452163,5.49295304183129,1.63662003152578,3.70830506422714,1.03332331121144,0.868475130471271,1.36094252719821,1.24781917197681,1.89261538609608,0.693524560148136,1.02683052085726,0.358000000000004
"SP",50,16,3.9877815379609,1.16563449616778,5.27557661750808,1.55208267648862,3.39470658340444,0.935426926890285,1.06672624662823,2.00255094808099,1.52367967589286,3.01156145588898,0.85628311122595,1.2962361815319,0.365999999999985
"SP",50,17,3.24712989940004,0.89492734408759,4.42041204416683,1.1924621762091,2.70679218127942,0.717544324153755,1.04020208811191,1.6612843381148,1.51588829771573,2.35292312562023,0.821131848114468,1.21706377233618,0.358000000000004
"SP",50,18,4.02724028934354,1.26194949021454,5.75944947470607,1.7324864887409,3.22835866279839,0.970927267926997,0.805653500091036,1.25805523976932,0.991595136834792,1.57930225459461,0.719898639500557,1.07811388994022,0.367999999999995
"SP",50,19,4.37895177520249,1.23427489302622,6.37273389422028,1.73938878250433,3.46139961746207,0.912242280586273,0.899845617463924,1.38899533419503,1.31594694804912,1.95759655639351,0.70835294127061,1.02644599851716,0.367999999999995
"SP",50,20,4.40491911216526,1.35070522892365,6.39838196443151,1.96264001254615,3.48620445083068,0.943387444559444,0.885400359894209,1.33835167182935,1.12707192294339,1.70704090301538,0.774022709717021,1.12859463452148,0.365999999999985
"SP",50,21,3.79618426545053,1.28576806091445,5.32205994578639,1.91789270053717,3.09246207316965,0.848076013797826,0.966119868470433,1.45901468342351,1.29658599312868,1.94144842788144,0.813711419527934,1.17138321958866,0.365999999999985
"SP",50,22,4.42917906659921,1.36962194741355,6.50777627678475,1.99573357326049,3.47122907027214,0.951201246814397,0.874931576250643,1.30976786302272,1.15945878049726,1.6843591549855,0.743803316803653,1.09480553365735,0.363999999999976
"SP",50,23,5.98143728879143,1.78637274717533,9.08608723288852,2.54919615552037,4.55163672987287,1.29151530337408,0.748094073827859,1.15341695767385,0.959197514350157,1.47209277620314,0.65087351025924,0.972135338786023,0.363999999999976
"SP",50,24,4.60098589277796,1.57108597663889,6.61879907571026,2.26062515513004,3.67104904801225,1.11832744856191,1.07040778960732,1.60493611805359,1.42008672646535,2.12806741662371,0.909253461757086,1.29453536693719,0.382999999999981
"SP",50,25,4.10441630102199,1.28379203311735,6.13205542385964,1.89875905533076,3.16928464706988,0.863419326661864,0.93977462531203,1.51951978661803,1.32768378491851,2.13413249474305,0.760873888035696,1.1284039810524,0.381000000000029
"SP",50,26,3.54545435080318,1.04296282330114,5.10380877335569,1.49741879593525,2.8277772971968,0.745712706063226,0.849794967951687,1.33759738555355,1.17003979834888,1.85564631068088,0.702310953413018,1.01356965567477,0.380999999999972
"SP",50,27,3.33030036151592,0.952518922628303,4.32145084288884,1.24448135974705,2.87416613593804,0.782365969080849,0.730453141220606,1.13050699654661,0.985508036612329,1.47221366501112,0.613075135180394,0.932069361462895,0.385999999999967
"SP",50,28,4.85708753035558,1.49065864298729,7.4527646986018,2.19865614920914,3.65998107480895,1.00867087260172,1.0054359138875,1.5491064712677,1.48416229374774,2.18481466869016,0.784650969295044,1.14236851632644,0.385999999999967
"SP",50,29,5.18312061717806,1.52017201313776,6.60751226752408,1.92166437078353,4.5262020832727,1.2936825778701,0.972481984241932,1.57484292655077,1.34943034299887,2.18923659763712,0.798636284477764,1.18893419819885,0.36099999999999
"SP",50,30,3.54249204705169,1.10976072870615,5.12373561906774,1.61960374514995,2.81323460663934,0.767982975446982,0.967242162831855,1.47155086051248,1.39130718816427,2.04593847488701,0.771666616840529,1.11070601186601,0.371999999999957
"SP",60,1,4.39819686651782,1.30296108409244,6.8498879753675,1.90696427387568,3.26494618486238,0.895281704290759,0.922536340200168,1.47870594849026,1.28026924901173,2.06538057160374,0.757180655180162,1.10701678279535,0.434000000000026
"SP",60,2,3.67552723051643,1.08331600422335,5.03909094221941,1.50050718731949,3.04704077993199,0.822636891103465,0.941055340634389,1.71445096163449,1.34554990369456,2.55608994722876,0.754617882643606,1.13256258614767,0.442999999999984
"SP",60,3,4.45457357789473,1.37757780393723,6.53292232847877,1.97895373645196,3.49389377210054,0.982185108814725,0.947859064635542,1.53228132946279,1.42306827421718,2.19953662472053,0.728202045550461,1.09402604374644,0.491999999999962
"SP",60,4,3.64073741076476,1.0789747500854,5.17771110014686,1.51737698273217,2.93080524450148,0.799016598291081,0.877415991118483,1.44331850611133,1.29684299212889,2.05459018576421,0.683681562563408,1.04668086407263,0.441000000000031
"SP",60,5,4.83718127638284,1.47192416598598,7.53570995994629,2.16444628534614,3.59250164248146,1.00250970773551,1.16690661795257,1.80489439133082,1.62821377754795,2.45712921828558,0.954131549072048,1.40551047036951,0.44300000000004
"SP",60,6,4.98481709699677,1.52875787432148,7.04403380324904,2.16930350447223,4.03365951559215,1.11487950997259,1.33389955052411,2.21135627678621,1.84227701622009,2.97450328016899,1.09907866972811,1.7498809050093,0.442999999999984
"SP",60,7,3.72700796557721,1.12517535693003,5.47588208866895,1.60926116207267,2.92150175347753,0.810149101886917,0.88383899553332,1.40735653489896,1.23201317120265,1.94370692603861,0.723474988946882,1.07369529494387,0.44300000000004
"SP",60,8,4.60913166485463,1.40949062346956,6.32662813523532,1.95464191411758,3.81638143466765,1.06778115712216,0.846274050664368,1.26192294257761,1.17259969951761,1.65967348895811,0.695650897891894,1.02765305429529,0.442999999999984
"SP",60,9,4.08476826048736,1.25031525287441,5.83764797022972,1.77716824531207,3.27626335606137,0.909717811254435,1.39324413054131,2.41452430819785,2.07885465600787,3.61721032438735,1.07701052404513,1.57605031650762,0.449999999999989
"SP",60,10,3.89049818411877,1.16489918172702,5.93412823807403,1.73528845099732,2.9478864850547,0.770703602593266,0.840568838226405,1.31113659870629,1.19148965353063,1.79534844338518,0.678708786642864,1.01255997496099,0.456000000000017
"SP",60,11,4.39276183416051,1.25690931549634,5.91810799312663,1.70511877421399,3.68920537012182,0.98360032508443,0.857100340065107,1.32419272284494,1.17085188195927,1.77053467623981,0.712384385523125,1.05658280497839,0.446000000000026
"SP",60,12,4.10597849819865,1.19612009686247,6.20723282831014,1.72635804853072,3.13471099499042,0.84523613391927,0.839009846663851,1.33154284353497,1.19260004306574,1.85431178237107,0.675569056895221,1.00158590819111,0.442999999999984
"SP",60,13,4.73202730686371,1.49484618705571,6.26484482510238,2.02137222231428,4.02552930228693,1.17526029668378,1.14769860198371,1.69891141327654,1.4712533611567,2.16849590303013,0.998567482977648,1.43151832170208,0.439999999999998
"SP",60,14,4.77085893271502,1.41812444447962,6.49517596504119,1.91114529856772,3.9738240023275,1.11909302884879,1.0747527164713,1.70955157243542,1.51347003833048,2.42164030589089,0.871963424518346,1.2501132875688,0.444999999999993
"SP",60,15,3.48395388630325,0.983692759488587,4.87019118501302,1.3403959157386,2.84319030967303,0.764497482729421,1.00124867781522,1.70270276452851,1.54697372658585,2.52398318885362,0.748996964178283,1.13782797053293,0.439999999999998
"SP",60,16,5.1568594973497,1.59335911540337,7.15447875588321,2.15717223289573,4.23415393812175,1.24982181464579,1.24509864499468,2.03108956433692,1.78045527116914,2.85204937287757,0.997816019424014,1.50785328483013,0.442999999999984
"SP",60,17,4.23040170917615,1.34860959902241,6.66822524308369,2.05038299899157,3.10516785805092,0.847199518299532,1.10694463736269,1.87786227156759,1.46462404123505,2.46832120603663,0.941849433591989,1.53031302239625,0.454000000000008
"SP",60,18,4.34963370378216,1.27878656710876,6.96368033562667,1.89577806250349,3.14219872888373,0.854737361773186,0.833956300329242,1.36263472873036,1.14873738447147,1.8844463115659,0.688558094421337,1.03640822650188,0.444999999999993
"SP",60,19,3.89076877008101,1.08403005598872,5.18390669756703,1.443704223604,3.29474259309601,0.869526131159818,1.09259346135912,1.6474774689719,1.5371817627899,2.24749006952594,0.887676213166416,1.27945726733937,0.44599999999997
"SP",60,20,3.54113182540012,1.07885389162385,5.20784700324883,1.58163388457873,2.77182087560654,0.739261130762524,0.872105319996028,1.39192527412159,1.20751348889883,1.94654287394829,0.717289919970575,1.0405861454531,0.44599999999997
"SP",60,21,3.34917481676335,0.985852886451862,4.71458725094703,1.38420114051212,2.71803716398398,0.731784989437868,1.10407624849244,1.82962166930112,1.54371637330947,2.52856228691342,0.90086040725796,1.39266089480428,0.444000000000017
"SP",60,22,3.90447964867285,1.17005621112959,5.70479417863023,1.69136096990977,3.07350282709234,0.824934274572629,0.862586503839566,1.32106386733923,1.04949074916662,1.65819248373047,0.776316525378943,1.13208176099835,0.435999999999979
"SP",60,23,4.41949963850094,1.37482689605158,6.25897306175462,1.97384597222407,3.56923571117961,0.981299438358381,0.804843109520209,1.24382996854445,1.04230041226986,1.59260708642675,0.695082687730631,1.04395108611071,0.439999999999998
"SP",60,24,3.77263981596984,1.18629863025923,5.09495321460881,1.67130482636063,3.16273095454263,0.876379545657126,1.00439101541453,1.52741972031366,1.37055428972396,2.04640475144644,0.835500474064504,1.2155302534565,0.442999999999984
"SP",60,25,3.91483438871511,1.14137097816815,5.74837440733755,1.62109528454608,3.06791745946412,0.831025935078028,1.02551631757799,1.5713719968631,1.45056391230319,2.14156752623161,0.829185722088385,1.22119418018717,0.44599999999997
"SP",60,26,4.29107266926257,1.38786323667989,6.75506304857932,2.1185681130586,3.15457237488191,0.862775143657477,1.22390045260445,2.15756728145143,1.69249094281879,2.83481881630876,1.00776599260697,1.75942735591325,0.444999999999993
"SP",60,27,3.43762279747418,0.964694698350255,4.63230830411881,1.28294156722974,2.88579443789014,0.774748630620281,0.905379904579373,1.377528902497,1.28977659844685,1.88020812044575,0.727826066496766,1.06825824578801,0.444999999999993
"SP",60,28,6.1876041024213,1.94102427886039,10.4940500933665,2.98036008634778,4.19844543798338,1.1853087251399,0.889674713938209,1.40548277139572,1.22109641645749,1.94592043437371,0.736590162887264,1.06713283163432,0.439999999999998
"SP",60,29,3.92040850638363,1.12397473048653,5.59299777283275,1.57366247711021,3.14783515044265,0.838443629918995,0.97697804553547,1.54166216635595,1.41713664155778,2.14243794222988,0.773667639031927,1.163780398745,0.44300000000004
"SP",60,30,4.85453241231435,1.42887940766181,6.49428262582068,1.95929335184635,4.09658699231707,1.10045583525645,1.11828887472043,1.80803423818818,1.68157744589853,2.62726213735407,0.857918734717038,1.2607372381238,0.442999999999984
"SSP",20,1,4.62763785162495,1.25665277588678,6.00158162479607,1.63153822985537,4.00002254465729,1.04143264010951,0.777049002040447,1.13492627739214,0.973548949415339,1.37369318111165,0.687288141953585,1.00719744866697,0.182000000000016
"SSP",20,2,4.43926699466924,1.2569283711314,5.01477467587132,1.5587111659851,4.17787081586606,1.09267061115884,0.772116989837653,1.17953175499209,0.790224356695235,1.24441720142225,0.763892605247561,1.14885111018781,0.187000000000012
"SSP",20,3,3.94729011981699,1.01738559743501,4.46358461347148,1.21006716554663,3.71245382838885,0.916437128786343,0.806265912535429,1.15262120251357,0.854214350367702,1.26985519157719,0.784456589641821,1.09515292931899,0.182999999999993
"SSP",20,4,2.89418175585144,0.787936353944208,3.28374673924626,0.94258885773192,2.71698831858824,0.70647880418995,0.771488467661116,1.11418298025243,0.866165698448984,1.27569176815347,0.728424576734192,1.03239443910102,0.186000000000035
"SSP",20,5,3.15787354906464,0.895959557942995,3.6826489564784,1.03818556770481,2.91883911187104,0.823068874486438,0.971000021180327,1.43659573817119,1.1271827857644,1.6567481141081,0.899858998365093,1.32423925876135,0.197000000000003
"SSP",20,6,5.74597653166351,1.52415751986697,5.65315081207962,1.64354119069142,5.78801783953117,1.46689470486699,0.87333600638567,1.24344472033663,0.985906813262412,1.44608984318825,0.822352033732081,1.13987348687406,0.182999999999993
"SSP",20,7,2.96995141338085,0.804319077672534,3.34733888095161,0.922529890205781,2.79805196908473,0.744276325465953,0.764355294835106,1.16861719500392,0.86299975866741,1.3216610705392,0.719422884586256,1.0918176149608,0.194999999999993
"SSP",20,8,2.78612344732811,0.752360149767941,3.23307659251104,0.897525882498804,2.5826820179529,0.676038819936138,0.667949800242284,1.01116168387065,0.798660424641401,1.18209572759033,0.608453728788538,0.922931288325079,0.178999999999974
"SSP",20,9,2.91893593353693,0.82130581889129,3.54534402308193,1.02450388759652,2.63299741944776,0.709461864259508,0.814810879101895,1.28046299785991,1.05155043023498,1.6755349433538,0.706745615247626,1.05190376325261,0.175999999999988
"SSP",20,10,3.71113441161636,0.977164659968626,3.70578499615285,1.01462993321126,3.71355892397009,0.95970275447925,1.20428460550072,1.65920052016779,1.09611516218396,1.61651118218792,1.25331017724896,1.67819100297107,0.170999999999992
"SSP",20,11,3.53949184362467,0.99532329715182,4.05306447854414,1.20472583586567,3.30556025305907,0.883641422373079,0.6966254852476,1.06121400719956,0.859960324640572,1.28625654858013,0.622226702726862,0.941033505309012,0.173000000000002
"SSP",20,12,3.38503262826005,0.941558489055436,4.44446857461477,1.21557906609218,2.90108399101027,0.785187126139269,0.762854026677305,1.13362179111637,0.907060023584945,1.3446311663289,0.696980959101276,1.02285027100767,0.175999999999988
"SSP",20,13,3.70265405257416,1.07988076619195,5.08657494594261,1.47637079966859,3.07228009222208,0.839334148139977,0.748887601236139,1.15801575110424,0.916144084007527,1.46158796788565,0.672702515842609,0.989328211574572,0.173999999999978
"SSP",20,14,3.14343894853771,0.857777161891716,3.211527059428,0.941102100692896,3.11235854970498,0.816921172834617,0.745671335444105,1.13300894911088,0.887141672708432,1.37115187694929,0.681093915866969,1.00572973667556,0.176000000000045
"SSP",20,15,2.91520465007023,0.780198267886307,3.10342444167715,0.872256979550236,2.82995881258894,0.73471898791024,0.729248866055062,1.080349754981,0.812804064501108,1.21644964857599,0.691406231087508,1.01270918030069,0.173000000000002
"SSP",20,16,4.35833512042671,1.27164516498282,5.19645792763793,1.60587416441583,3.97602692628707,1.08553246243789,0.819566511411678,1.24656531192833,0.992005735949552,1.51001038881455,0.740908672769543,1.105742915487,0.177000000000021
"SSP",20,17,3.72699156984949,1.02169255808963,4.08407061617903,1.11187903134389,3.56445848921644,0.97789131880427,0.725193313458111,1.08708470722939,0.746381923278451,1.13378797801205,0.71554881019243,1.06514862798042,0.176000000000045
"SSP",20,18,3.1860568478513,0.893369465807514,3.62386359126753,1.07210394153711,2.9866365110108,0.798807446764902,0.945224666577469,1.40255032021738,1.2088377038952,1.8046035465321,0.825149310297569,1.17465159197332,0.177000000000021
"SSP",20,19,3.39688871055936,0.993064560402688,3.91318751997484,1.22560910065943,3.16137994768383,0.866505582698852,0.864488268327627,1.30552939923159,1.09027878035689,1.66405463554851,0.761494336931104,1.10397434531643,0.17900000000003
"SSP",20,20,4.42933125057304,1.23214752880805,5.15932573729556,1.52217707475369,4.09918462314811,1.07559607952997,0.698925934547531,1.06733672115179,0.750511988365482,1.17483949262411,0.675595673840191,1.01498526053965,0.175000000000011
"SSP",20,21,4.04326551931748,1.13867066264977,4.33824990198975,1.34148329748857,3.90937889108589,1.03357039774786,0.737208453309788,1.07553460278521,0.790945547873464,1.1944531387833,0.712818421753148,1.0169825369207,0.176000000000045
"SSP",20,22,3.61434324547492,1.06216870726067,4.26914429407837,1.25053417821935,3.31650731701313,0.96439345896695,0.843196051988541,1.24046317961083,1.10747507637302,1.57888681099641,0.722988870328701,1.05107622351419,0.171999999999969
"SSP",20,23,2.65447589384587,0.744398849267303,3.1741010159192,0.894672722881064,2.41829318677777,0.664962941524122,1.04652229828546,1.51823944675321,1.20968256881494,1.71287356928703,0.972361845407703,1.42098804132128,0.175999999999988
"SSP",20,24,2.76510873347066,0.777910746379402,3.09266986393669,0.886910050905562,2.61622394857984,0.722955759276694,0.845194063911678,1.26256705830343,0.989152949867191,1.53094915206467,0.779761123995653,1.1195108437871,0.170999999999992
"SSP",20,25,4.62416504782245,1.53389021510643,6.13889318042284,2.22866474567165,3.93470025776059,1.07839534147355,0.731103725667314,1.0917259227185,0.895127023305516,1.31467852023543,0.656444593089353,0.973477394479244,0.175999999999988
"SSP",20,26,3.56146955339689,0.928447914326829,3.55819518899352,0.990214768196265,3.56295571210671,0.899014280066153,0.745366585640425,1.14176749723182,0.905460829479981,1.3718135826807,0.672703489673143,1.02038395253784,0.177000000000021
"SSP",20,27,2.90451910245797,0.855474288156736,3.39860231983523,1.05455743107612,2.6796252918721,0.747498517090298,0.773465490909709,1.17692876936171,0.886933404295462,1.39246626612512,0.721817852368162,1.06446491263123,0.175000000000011
"SSP",20,28,3.45161153133539,0.963215227930107,4.15268656822316,1.19029009942695,3.13250043626672,0.839762080277393,0.928010370398653,1.3275274332396,1.13682205798648,1.57336277983313,0.832964729371278,1.19905200849444,0.175999999999988
"SSP",20,29,3.90362525195491,1.09474231329799,4.94849268460913,1.37937457683961,3.42870668414796,0.937218204170441,0.716156612608819,1.09581396978327,0.842952269193731,1.27387014573734,0.658524792774529,1.00450351451143,0.169999999999959
"SSP",20,30,3.90459014383515,1.12881398623457,4.96912994628036,1.45790681106394,3.41934810537117,0.941377580481594,0.757306860525539,1.1273005135356,0.950470890964507,1.37988164658763,0.669258196048334,0.991034126098772,0.175000000000011
"SSP",30,1,4.67282992413599,1.33165539157987,5.52715664458698,1.60683758957823,4.28337148620973,1.18519337823873,0.682832263027783,1.02564442537213,0.834414625234431,1.23389602021695,0.61373102975369,0.915116088343785,0.238
"SSP",30,2,3.00275955245641,0.842325073374832,3.60793028549512,0.997830476563851,2.72629179583787,0.760778639957023,0.71688483383475,1.06551092418241,0.824010478239021,1.22906482449813,0.667945278486374,0.98176704723156,0.240999999999985
"SSP",30,3,2.29594321962155,0.654198243371048,2.60452012100136,0.77920073642455,2.15567472861703,0.588665403011925,0.699154322902676,1.0406225416705,0.807433035139449,1.2066428197048,0.649934528726731,0.955667620901076,0.242999999999995
"SSP",30,4,3.64068095966203,1.09152660646309,4.82486045032382,1.43475113920007,3.10085388458941,0.892276796604359,0.73057762237742,1.07371922490186,0.89921743205297,1.2993152676692,0.653700480089569,0.953323886871305,0.236000000000047
"SSP",30,5,3.63232163892604,1.0078649234822,4.26379220924874,1.20233153755396,3.34425024106537,0.905381893469163,0.875343595374423,1.31202093719316,1.09145651160394,1.60453404747731,0.776754757192836,1.15421322652386,0.236000000000047
"SSP",30,6,3.27959953747881,0.938731650829615,4.03818420425016,1.19044105600882,2.93526541290552,0.798716691898788,0.703399363242521,1.06856600248422,0.773350658203359,1.18783008792429,0.671647313711091,1.00979264057854,0.238
"SSP",30,7,2.65751525933172,0.732548681540222,3.17807320962554,0.869437993749846,2.42021062947711,0.66080142251374,0.716341736407931,1.0421258562938,0.865467805787161,1.2486848954866,0.648360243327794,0.932907373734596,0.235000000000014
"SSP",30,8,3.17722390044472,0.865969322245321,3.66340614978452,1.02252378858946,2.95511514923693,0.78411506269564,0.776661828137017,1.16454650679048,0.928007575535316,1.39253575159011,0.7075206470246,1.04395170771222,0.237000000000023
"SSP",30,9,3.57421019050704,0.990976495347669,4.33716738667569,1.21172476495866,3.22739597943328,0.872356137591618,0.710328491789618,1.0809024180568,0.80118013128549,1.23196437765863,0.669030448026811,1.00475421930289,0.235000000000014
"SSP",30,10,6.00302791769858,1.7506628364512,6.6820207891884,1.99563993486953,5.69327725817449,1.62669817478215,0.677057567694635,1.11377844737565,0.855131503229285,1.41487251933834,0.595821782619486,0.945079770228674,0.254999999999995
"SSP",30,11,2.75443399992954,0.774869451100281,2.94935835686426,0.878421204693543,2.66601784248906,0.723026396958799,0.776279292116941,1.12495528431439,0.836244767913341,1.23451610729065,0.74907942324276,1.07157280168143,0.242000000000019
"SSP",30,12,2.7599868546392,0.805552865220057,3.30149756086922,1.00248760195094,2.51383463363357,0.697896856246386,0.720964889010992,1.11982017184046,0.768070330314448,1.21795309040158,0.69955236869533,1.07224724101452,0.23599999999999
"SSP",30,13,3.31601311898851,1.04249426302627,4.61907275582692,1.46596607563141,2.72156861322472,0.77601511834214,0.820931034952377,1.37298957264887,1.15985044173884,1.88311666760871,0.666318940797,1.06176917930723,0.240000000000009
"SSP",30,14,3.27724563653273,0.910177619808513,4.44075277548731,1.21193997652459,2.74646377005836,0.732318020853381,0.812668649216066,1.32776611374365,1.05814378119713,1.77491535100717,0.700685022847411,1.06304303747975,0.238
"SSP",30,15,3.11550027116648,0.97150999930479,3.51581740947706,1.27356662610548,2.93313953724885,0.79681315916067,0.874402871486968,1.35467967130842,1.11131809465078,1.74541309816236,0.766478354053766,1.13285308491556,0.238
"SSP",30,16,3.30480129151815,0.951436880060884,4.02096491880636,1.22383039512357,2.9790252064833,0.797305722627945,0.833442903374312,1.29117084381141,0.965789256489936,1.57623813395624,0.773239794554185,1.1381091954459,0.239999999999952
"SSP",30,17,2.70668578553157,0.809204974079111,3.26136033326622,1.05129735838299,2.45454973302256,0.670872688187318,0.939038161617424,1.40080650333862,1.24827906296568,1.81149929441259,0.798467838968386,1.16728896253444,0.254000000000019
"SSP",30,18,3.26295632350087,0.920440433836539,4.03276705262655,1.17069219375161,2.91277667740239,0.780488294320815,0.680758901418667,1.05705010190139,0.808369933337942,1.25787974249012,0.622709845585799,0.951773775254395,0.257999999999981
"SSP",30,19,3.11120098671774,0.843230051874482,3.51035195178312,0.994140419909995,2.92950126216934,0.764732337820879,0.636981784545444,0.982825622060371,0.705927816281803,1.1042853576819,0.605596479055448,0.922252181451701,0.245000000000005
"SSP",30,20,3.46749834088283,0.954204837408954,4.21433754467499,1.16609351129936,3.12606704306328,0.839711911245343,0.796847357365355,1.1809463754323,0.975311455724298,1.42818449155611,0.715259207724179,1.04867806898011,0.246999999999957
"SSP",30,21,2.64508266745394,0.707274303564085,2.92760213163641,0.794015388448365,2.51711722772278,0.664268782237031,0.716232668579415,1.0558166768383,0.849914395756441,1.24382221308981,0.655682359057434,0.958603640226895,0.239999999999952
"SSP",30,22,3.07938814722908,0.912548797242847,3.7968285547226,1.13035314953342,2.75303126691101,0.79393980265899,0.901281113395813,1.38638666185237,1.0523368878658,1.70336438705797,0.832567265116369,1.21513629528706,0.245000000000005
"SSP",30,23,3.44198701219006,1.04954245286877,4.39802870440283,1.43515599515776,3.0070926559959,0.815900434879783,0.765687374429809,1.13792306833159,0.800421859278637,1.2500950652373,0.749886984604651,1.08305952451782,0.269000000000005
"SSP",30,24,4.42298804894912,1.1825685963662,5.42813265447848,1.46733991707773,3.96575724022573,1.0272292306806,0.7747297735423,1.29931589785271,1.02770247213046,1.74065605857835,0.659654876931296,1.0382256658885,0.259000000000015
"SSP",30,25,4.80420868913448,1.34106829854198,5.59013701536749,1.65659239473664,4.44720776416034,1.1699689951482,0.716663770435975,1.07874670366401,0.833614427456311,1.26557511366405,0.663539978686782,0.982213448369314,0.300000000000011
"SSP",30,26,3.02102741904307,0.798440193578138,3.36978557740373,0.924768877058294,2.86181343304431,0.733571570180552,0.767652009363705,1.16762135154465,0.816665021700889,1.27828151536682,0.745276741938591,1.11345270693365,0.25
"SSP",30,27,3.13392456459456,0.876035369533549,3.77192427562076,1.04202480610537,2.84266692768074,0.788728826650256,0.949243395174205,1.44621131166617,1.24716970464797,1.8405608319202,0.813235006185734,1.22467086668478,0.245000000000005
"SSP",30,28,3.39371756168073,1.14267628340011,4.45256156372426,1.56367429151072,2.9117153110297,0.887158932018052,1.07918932729663,1.64496269773991,1.40025303887121,2.09997319050533,0.933036134491406,1.38932420917439,0.245000000000005
"SSP",30,29,2.83803136348295,0.780219729388599,3.01423497987233,0.855758312744515,2.75782073801911,0.743295051152204,0.747034044133201,1.13012939615699,0.902162180602263,1.38481337135916,0.67641730477114,0.992783855451109,0.243999999999971
"SSP",30,30,4.78711201524128,1.39476852916377,5.55329542312374,1.62673043311342,4.43783510974848,1.27509815008618,0.98312754199077,1.44916395048542,1.14743997967605,1.71329757869983,0.908223101124186,1.31121534499549,0.24799999999999
"SSP",40,1,3.00321312857772,0.811678592622301,3.5847000523949,0.95540533924284,2.73848697869673,0.737019104000964,0.790064154865902,1.15332141005504,0.951689558128946,1.37521172263112,0.716483014901626,1.03668943908162,0.327000000000055
"SSP",40,2,3.2988979112285,0.954349490193662,3.97351372307304,1.20788545076537,2.99265188667412,0.813586017304296,1.11011933667887,1.67021928663729,1.29561748432915,1.98498696278214,1.02591130407322,1.50576802874124,0.310000000000002
"SSP",40,3,3.00469393793124,0.840689009576192,3.47951587068461,0.989068455068911,2.7889912401099,0.763820254449303,0.854983522605713,1.32037569418988,1.08324852132287,1.68505193239054,0.751287015251975,1.11601795620331,0.305999999999983
"SSP",40,4,3.10717644283285,0.8488558808022,3.77105761508448,1.05484908361072,2.80537178648502,0.736398168334061,0.734483013327751,1.0783106877948,0.839478902494892,1.22979875813419,0.686751205931328,1.00189835915603,0.30400000000003
"SSP",40,5,3.3702013073464,0.94059183689895,3.78409428540223,1.12251346439322,3.18204289402183,0.845037593958773,0.768731397418722,1.12328185144356,0.876312403342831,1.27763071319765,0.719824379296252,1.04560743933288,0.305000000000007
"SSP",40,6,5.07913689966787,1.33416089595114,5.3479684237964,1.44433548393452,4.95674939371673,1.2808677058735,0.786095851291544,1.1856570589291,0.997194678317253,1.521272891563,0.689991575453218,0.996085660983026,0.302999999999997
"SSP",40,7,4.4849876978377,1.34033602247679,6.25666342737465,1.89951235495894,3.67899610001212,0.986065447233487,0.729544265599747,1.1324481996313,0.916858413884126,1.41390622629147,0.644329106214729,0.977953477877645,0.305000000000007
"SSP",40,8,2.6209149492634,0.729765182935896,2.9959162850293,0.869601214990724,2.45055887631989,0.656473650186581,0.746169593998788,1.13215610503817,0.827882022884371,1.26885573232399,0.709049170234988,1.06427178255863,0.302999999999997
"SSP",40,9,3.78847762433138,1.07713782344679,4.8080523336904,1.37016524217194,3.32331235509617,0.912714511524316,1.0854577154149,1.79730547642776,1.49641239450461,2.50016133812154,0.897965967936766,1.36097408358102,0.300999999999988
"SSP",40,10,3.54316252138687,0.968470636066815,4.44338241758395,1.23276713192898,3.13420950795685,0.820758119619282,0.86385854278856,1.2625359008026,1.06664939021412,1.5327073924529,0.771734464548285,1.11844801164581,0.302999999999997
"SSP",40,11,3.21297348499593,0.92288926024143,3.67494540278598,1.06927745231985,3.00355860090389,0.84824934347029,0.670655808086181,1.01048802093558,0.781225523668437,1.18859423325157,0.620533834691096,0.91844399869428,0.296999999999969
"SSP",40,12,3.26449605038214,0.865542372917863,3.6007956704869,1.01987281413711,3.11183075569444,0.785539819382083,0.705931975515503,1.06915067322975,0.866578310046808,1.28511746615004,0.633005577340917,0.955129299347759,0.293000000000006
"SSP",40,13,3.24465098308004,0.905822876687064,3.79312183814677,1.09669097037716,2.99531260017515,0.804212178824006,0.95998465376772,1.39632246070606,1.06053966489531,1.57973495123943,0.914271698127659,1.30444289298639,0.295000000000016
"SSP",40,14,5.42382750164661,1.49828215595937,6.24755826396094,1.74917905735675,5.05015745751295,1.36939426311127,0.968849625622586,1.4152469148274,0.97135571056299,1.42852898619369,0.967712787090961,1.40918047683903,0.310000000000002
"SSP",40,15,2.61975779999297,0.787230805672474,3.29764348658595,1.05939914261456,2.31202739555168,0.625760810285225,0.69083645736909,1.08169240147913,0.798025956866894,1.29883239832738,0.642177120426751,0.967163508128907,0.298000000000002
"SSP",40,16,3.31950135757438,0.923150409456237,3.75318355614637,1.13507551442958,3.12234663715915,0.808648261804162,0.687675463326624,1.03581036322094,0.755826927312289,1.17272301302463,0.656693368898435,0.967181968600603,0.309000000000026
"SSP",40,17,2.99682401319086,0.851608660581179,3.55735107165758,1.00418532603377,2.7423692845932,0.77246309011949,0.759443503519164,1.11025791330239,0.930546150770516,1.35275984553722,0.681770397446863,0.980576717844224,0.314000000000021
"SSP",40,18,3.66751325700174,0.965526697563391,4.21154041009619,1.14027053157971,3.42037192566081,0.874687159099896,0.810319369013246,1.19113771903087,0.911852047218669,1.37178942115568,0.764194977751576,1.09930802996684,0.309000000000026
"SSP",40,19,3.74067241650744,1.05345947534138,4.32661767299626,1.26797724668234,3.47524981651653,0.940317320582807,0.761016807712214,1.11839634710007,0.875079353255114,1.29772089074252,0.709348538254764,1.02691154257563,0.296999999999969
"SSP",40,20,3.23774893934761,0.91521708837525,3.93928116401234,1.17000057286857,2.91859963383026,0.771962827131874,0.829130706191839,1.304267664832,1.06757593273961,1.68473444257822,0.720654394226239,1.08800663565371,0.293999999999983
"SSP",40,21,3.51303581984179,0.977179645178343,3.82846991874635,1.16379874169224,3.36994504424934,0.87956400268442,0.80244665111803,1.18257841515992,0.970482876113007,1.44797519391914,0.726220162461086,1.04009295580254,0.293999999999983
"SSP",40,22,4.1724745073232,1.17929833549958,4.76490272426244,1.40559113566849,3.90392293177142,1.0609366595107,0.971121880846443,1.41569224722935,1.16201999913829,1.6990000565489,0.88458651846616,1.26656200532165,0.291999999999973
"SSP",40,23,4.78957452544736,1.42491403097142,6.13873050567244,1.89069896985758,4.1736029527472,1.1512101268804,1.00929555013236,1.47106828930027,1.32222369939669,1.87310458120856,0.86642486129448,1.24507257945636,0.289000000000044
"SSP",40,24,3.56210930249438,0.994293626346128,4.0664502231146,1.18259682570208,3.33348827301751,0.89599245183632,0.87275838429419,1.29762303741123,0.913798132354644,1.44679085692725,0.854154798768127,1.22403093178892,0.295000000000016
"SSP",40,25,2.889392493904,0.838516983245573,3.48821859944877,1.04235188873664,2.61774623820437,0.727457570448838,0.882873746973742,1.34501288958456,1.06769387848995,1.59470121135909,0.799033553235671,1.21494392432898,0.290999999999997
"SSP",40,26,4.09362404650199,1.15229589642479,5.02162494876725,1.43908262141279,3.67235229136102,0.995197401149124,0.682948182997911,1.03289667813455,0.864410649019764,1.2793343456607,0.6005721730537,0.899000477411044,0.295000000000016
"SSP",40,27,3.00257908707763,0.83774493411124,3.60281144654282,1.03486582147533,2.72853659246287,0.730264345143477,0.798154919223263,1.19252515076335,1.04034963231435,1.51911440943469,0.687578336152793,1.00885558300187,0.293000000000006
"SSP",40,28,3.27372218678034,0.914396644402981,4.13309899614819,1.18749875845573,2.88304395479358,0.758394715047174,0.789113876442096,1.17307333974635,0.954842675744952,1.45642086450371,0.713772496973685,1.01852426564929,0.293000000000006
"SSP",40,29,2.84335426941266,0.83320984651171,3.25270413470126,1.01761294622557,2.65739430378188,0.734298041640481,0.937404626515544,1.41190930535442,1.13554883588467,1.73344741367176,0.847391428787385,1.2385675679639,0.29400000000004
"SSP",40,30,3.88084094707675,1.24947331417117,5.18525657571367,1.69871803287357,3.28869339639245,0.979763758000417,0.931253074969215,1.3897795301955,1.14509438765392,1.69515763156383,0.834178487114354,1.22630649125228,0.29200000000003
"SSP",50,1,3.26030410543146,0.931117912502888,4.29134414522786,1.24042161001694,2.79120860345419,0.74926027177205,0.950715241827596,1.42150195097335,0.998013438453448,1.51170553481885,0.929195833819729,1.37850946956666,0.35899999999998
"SSP",50,2,3.63573457906821,1.12115245217373,4.48859818124162,1.45429070587834,3.25047813293667,0.932424692037846,0.922275472004857,1.34582720595542,1.02113241835326,1.51688048248973,0.877619707907826,1.2609734816155,0.358000000000004
"SSP",50,3,3.58193680416062,1.02696296237512,4.04578148588926,1.19749283374443,3.37089994291714,0.939183246307374,0.877375821546818,1.33484335233267,1.01387203810835,1.57066736877941,0.815273712264453,1.21246200132386,0.352000000000032
"SSP",50,4,4.71085541034224,1.33140408752692,5.45968666417337,1.59145974406623,4.3730783099211,1.19573134236995,0.929156881392625,1.35373137985944,1.04733597113667,1.57683432835654,0.8758495573995,1.24002801220296,0.357000000000028
"SSP",50,5,3.09205537293992,0.933295997833678,3.90014062401074,1.21500576835088,2.72597648403199,0.772576677549921,0.883874256949015,1.31463955804152,1.04696143940933,1.51661256268578,0.809992479659944,1.21211539079823,0.356000000000051
"SSP",50,6,3.95142631057761,1.18877389988056,4.78663598428161,1.5190130872147,3.57197256495616,1.00345461784394,1.0649946887689,1.66636031115289,1.2480571733214,2.01360256820323,0.981825458774043,1.48196055209889,0.357999999999947
"SSP",50,7,3.74545685568063,1.02090991780437,4.03402228355563,1.16921851369987,3.61501212168484,0.946269477513799,1.03559538459617,1.49099708530816,1.1701370165611,1.69245346432276,0.974776430911153,1.39038250757587,0.355999999999995
"SSP",50,8,2.88671011936519,0.807163347622599,3.2871781929804,0.970150224107915,2.70529001890191,0.721306000604212,0.83578318775394,1.24633734441405,1.04016153737161,1.56284978964704,0.743195680376804,1.07264031054174,0.356999999999971
"SSP",50,9,3.81324633419122,1.05190376871945,4.20282068257348,1.22796740533313,3.63561929437739,0.960979435515729,1.17472426546746,1.9014711023863,1.60325010012243,2.54438720152414,0.979337233930086,1.52063790013612,0.358000000000004
"SSP",50,10,4.07940393227414,1.25515346268516,5.15645806166407,1.60567920787589,3.58902212834844,1.05775152958713,0.89687100065469,1.31101926279894,0.912337967757123,1.3490461302449,0.889828904048785,1.29333530088767,0.359000000000037
"SSP",50,11,3.0639716891842,0.826476111584755,3.40087731189409,0.969402025270257,2.91211206295489,0.753236890755022,0.814110964146837,1.21693921303652,0.936194603406811,1.40552532039223,0.759081975085715,1.12161437844922,0.358000000000004
"SSP",50,12,3.10783894047984,0.894168491439897,3.5772595445381,1.11858790768059,2.89548699906439,0.771492640035062,0.746918455766691,1.10688890485566,0.869980682225126,1.3140920192854,0.691248758958685,0.999138812346018,0.355000000000018
"SSP",50,13,5.31471920090484,1.51705493502516,5.79923643428647,1.79381245223807,5.09585256508358,1.37387783785054,0.969781610031325,1.51511003665547,1.10033622401,1.79384041162064,0.910807342071794,1.370742074908,0.355999999999995
"SSP",50,14,3.21328805520571,0.862489933959014,3.58936066490153,0.992870148670313,3.04353013976759,0.796677490085437,0.72699132109716,1.12944825574495,0.786103531989815,1.24011379470734,0.700308267241701,1.07577141314529,0.357000000000028
"SSP",50,15,2.99624087133898,0.844317915253652,3.44966770734597,0.993080459067513,2.7914184226197,0.767724618833372,0.821250294032008,1.19577117177086,0.901203619283311,1.34069796501291,0.785133693599981,1.12419525849994,0.358000000000004
"SSP",50,16,3.16125093377413,0.895966232065118,4.01362182969758,1.16071798437233,2.77344508932508,0.74499512416225,0.836435358327108,1.25500942551659,1.05521193903696,1.61509205790617,0.736897895195006,1.05111650514126,0.358000000000004
"SSP",50,17,3.50895934394231,1.10684349892189,4.60706040775303,1.54251348784802,3.01006837697592,0.837080650264306,0.953570581090077,1.44785347425197,1.20992673009688,1.80218818613563,0.837102460549358,1.2542255884796,0.356999999999971
"SSP",50,18,3.20547347053727,0.939036152700253,3.96791007679056,1.18441835072382,2.86131214212796,0.804105149517282,0.619214217372969,0.960013657590886,0.739600668032825,1.14851208105741,0.564872177075116,0.861520121536067,0.357000000000028
"SSP",50,19,3.94815180216039,1.08303190471822,5.50561498966169,1.46072663488738,3.23497000586349,0.85616132388977,0.88914151961851,1.31569265977825,1.1210153552505,1.66868777654412,0.782963601618672,1.11742979648663,0.358000000000004
"SSP",50,20,2.84498328906123,0.824499856827764,3.40966873308159,1.03412559173322,2.58971971476898,0.709701301081856,0.845441408101309,1.31702087166778,1.04541788232311,1.58522568962712,0.75504292143095,1.17587127411404,0.356999999999971
"SSP",50,21,3.42994630209485,0.96314451270375,3.76631306674868,1.16775200681955,3.27800235230375,0.854808837209845,0.955064422747063,1.37262161240174,0.935482745552575,1.43220197137984,0.963909878627718,1.34484270567747,0.358000000000004
"SSP",50,22,4.05040979199103,1.13495899517797,4.36040631322742,1.32402760858636,3.90957169490446,1.03774275611222,0.837868092655337,1.23254961257085,0.902983761952048,1.34630975901472,0.808284641467915,1.17723981926868,0.35899999999998
"SSP",50,23,4.22203726252778,1.30742326982601,5.87280114553755,1.81751374442217,3.46990750588081,0.991508262409333,0.767466628539298,1.14913152734045,0.968123752762742,1.43171161164366,0.67604217010222,0.994091588769586,0.353000000000009
"SSP",50,24,3.34936094338952,0.921193612918645,3.81656303240631,1.12824754376885,3.13786082525712,0.81024614751282,0.952814100310204,1.41092821257957,1.26279669596234,1.80873417837045,0.812486483759116,1.18781567039809,0.353999999999985
"SSP",50,25,3.6629395232287,1.03642930139181,4.17312007938165,1.24598826104603,3.43248022417077,0.926351467819402,0.867311314081429,1.38118028907857,1.07985847415883,1.78234328645138,0.771299286697335,1.15515581189736,0.358000000000004
"SSP",50,26,3.52997346280009,0.993222635841894,4.99995214969898,1.35739583614689,2.86021401177693,0.772309050758403,0.885589712219508,1.33132805939924,1.09900147135045,1.71057619528216,0.788353919679568,1.11660576748941,0.35899999999998
"SSP",50,27,4.27921624353697,1.21660737767294,6.2334042238063,1.71323569078155,3.38308961975301,0.901608797131744,0.752675959634848,1.25585364334143,1.02442471786173,1.73599979993697,0.628060876702158,0.958344487778063,0.349999999999966
"SSP",50,28,3.07238668494506,0.862943782773686,3.32611706175056,1.00069257311233,2.95760659722648,0.792806621222207,0.748970426218924,1.12300652112103,0.874551237190726,1.33857637892325,0.692161396568669,1.01049318500212,0.361999999999966
"SSP",50,29,3.74402792896892,1.01724392842617,4.2623413298605,1.18743312078226,3.50938996801957,0.93001530372909,0.799591366363775,1.18146521309107,0.907333687418358,1.38044273594202,0.750816940549762,1.07939484080193,0.399000000000001
"SSP",50,30,3.39389937546081,0.979627909324862,4.05706392525514,1.19184631619741,3.09433398539949,0.866894268148437,0.888404805261961,1.26736386402844,0.927333812351857,1.33895465606421,0.870819753109818,1.23366334618446,0.364999999999952
"SSP",60,1,3.05347021793007,0.874811031525784,3.29962318479306,1.00576596959029,2.94266835695171,0.808974300615129,0.80455301980281,1.17443757127652,0.860806933809625,1.30228292647204,0.779231211015752,1.11210358371198,0.434000000000026
"SSP",60,2,3.49224491951995,0.992152747628614,4.71946976752554,1.33063214978701,2.93062887309617,0.790297947606317,0.954876082191237,1.52767396865837,1.30668364480405,2.1156821896354,0.793878060730303,1.16335476988056,0.466999999999985
"SSP",60,3,3.36413714355568,0.90106145695564,3.58635135241447,1.00855084286269,3.26389461836899,0.848125002332951,0.815167775470099,1.21667651619226,0.959629110092134,1.43910688965091,0.750000165132655,1.10173514755901,0.432000000000016
"SSP",60,4,4.06724153872401,1.23748300254498,4.58628355377994,1.55487841192928,3.83191612490551,1.0627970977231,0.835979091521398,1.37947745491285,1.08760482206657,1.85934360276246,0.721895977919234,1.09467262896056,0.441000000000031
"SSP",60,5,4.02725280412436,1.16376341234863,5.02986589200095,1.47186147601444,3.57072184467607,0.992267209381075,1.07671043703657,1.62980913832139,1.23068851787631,1.83787663470804,1.0065978863131,1.52569441001833,0.432999999999993
"SSP",60,6,3.30941145322006,0.99209183169834,3.95026859005312,1.25313680119491,3.01885699606783,0.847652762209173,0.798763450457993,1.18411271273327,0.965352292135306,1.43329854002668,0.72323471296064,1.05186306457484,0.432000000000016
"SSP",60,7,3.23231404429164,0.917622275547404,4.37786721000086,1.23184458634981,2.70807348565286,0.730028719952615,0.876676847600294,1.35500107082779,1.15166745228563,1.75194542078873,0.750832641904773,1.12766954764042,0.449999999999989
"SSP",60,8,4.10695908972287,1.19846911673346,4.7129631809207,1.49809212314142,3.83062448953814,1.03339564692565,1.02841271464877,1.60083210709688,1.28475534582462,2.02997442141832,0.911521856113026,1.36094206792706,0.430999999999983
"SSP",60,9,3.5416877016938,0.964903954867751,4.3501318145498,1.16684316390114,3.17330576025771,0.85725273769923,1.06058517629596,1.65956411275432,1.40434761142079,2.26463602610957,0.903943707540977,1.29313759332493,0.43100000000004
"SSP",60,10,3.94433307267081,1.16012477719736,5.46963961107169,1.61701538103613,3.24530570022624,0.87429573850556,0.819283168614954,1.24575958334313,1.14720214503105,1.6830855063758,0.669002333459559,0.982301463867429,0.430000000000007
"SSP",60,11,3.89083030610688,1.12891744960135,5.62221705882766,1.58237891158597,3.09962818185748,0.844166511815585,0.818999756638673,1.21340372707077,1.06595576292727,1.53704710271809,0.706146798473991,1.03226184260464,0.432000000000016
"SSP",60,12,3.1729624987007,0.96702902958345,3.92363670333828,1.25101648521432,2.83530175652973,0.807348219056683,0.902689450517104,1.29800913318848,0.913222168811594,1.34917503994812,0.897951728807173,1.27432450265892,0.430999999999983
"SSP",60,13,4.73202730686371,1.49484618705571,6.26484482510238,2.02137222231428,4.02552930228693,1.17526029668378,1.14769860198371,1.69891141327654,1.4712533611567,2.16849590303013,0.998567482977648,1.43151832170208,0.430999999999983
"SSP",60,14,3.83317638911086,1.19639188527181,4.5907769823201,1.49879255152686,3.49240008829775,1.03186574488838,0.822450237980304,1.22685840747088,0.98380887124014,1.48235930807922,0.749869515843307,1.09262055935131,0.432999999999993
"SSP",60,15,3.49961283713074,0.984479922581886,4.11039434106136,1.21869653967675,3.22428291981078,0.858246720358515,0.69323964391805,1.02850795871537,0.775463295323297,1.1663729497909,0.656174619850584,0.959907772441164,0.454999999999984
"SSP",60,16,3.47020814247369,0.995474240990792,4.2563723159803,1.26947593832327,3.1145414839108,0.842736442311194,0.971171653358638,1.48381406086548,1.26613636699476,1.92844083892797,0.83772737081777,1.23098352001689,0.435000000000002
"SSP",60,17,4.62643856435539,1.44525407092344,6.88808083844485,2.08259736750006,3.59883433755448,1.03302858141416,1.16746474090805,1.88400610688324,1.46988275643641,2.28904842735441,1.03005749725243,1.66777920572281,0.430000000000007
"SSP",60,18,3.77391146858516,1.0657581487514,4.42013430410974,1.32250315842724,3.48176549793487,0.926625695696313,0.8233203649238,1.21709748055672,0.987709265569546,1.44874980423985,0.749003036127619,1.09642278263218,0.430000000000007
"SSP",60,19,4.19152055384234,1.15404577100285,5.37972468239676,1.47357411825281,3.64892868651279,0.973868488853246,0.950821285296355,1.48550193736796,1.33171885759698,2.02526860542218,0.776884905133015,1.15817448254094,0.427999999999997
"SSP",60,20,4.5195122129057,1.31922495247728,6.83180246452933,1.85973063956157,3.4673864264366,0.979044733102546,0.868348565002768,1.3553158521667,1.20718439679275,1.85539387423646,0.714173320024062,1.05181139004078,0.42999999999995
"SSP",60,21,3.84869669880399,1.06757799946799,4.52007668387886,1.29541209691362,3.54605001649396,0.947119248309317,0.855968680337532,1.29305010069402,1.03492466480821,1.5810359606716,0.775298365190233,1.13967855685704,0.437999999999988
"SSP",60,22,3.07809151456031,0.880545128883537,3.70098381688264,1.1302272740602,2.79405598110349,0.739206209599437,0.792514431385948,1.21818794167777,0.966025997689295,1.50024003201139,0.713394092103932,1.06506024778816,0.444000000000017
"SSP",60,23,4.7888824945727,1.37170151197537,5.19767980095809,1.58445907803173,4.60486885911793,1.26430026658686,0.795613137923369,1.17671992939798,0.901577065488895,1.3677277821611,0.747915153533971,1.07976863864918,0.441000000000031
"SSP",60,24,4.1411628666554,1.22730750741122,5.92867530383941,1.71529532982771,3.32197007444021,0.920980589002313,1.00747120220801,1.49381385724029,1.34150796778295,1.94390908160836,0.854386666961398,1.23384437202272,0.427999999999997
"SSP",60,25,3.59851742488253,0.986061455404583,4.99442018999549,1.31203386043004,2.96563726042184,0.795411869018354,0.772884702330849,1.17852945758747,0.974354568249177,1.47074152218813,0.681541461911128,1.01879577711107,0.425999999999988
"SSP",60,26,3.93832608496539,1.150099107457,5.01041837509185,1.47472019813528,3.45015838822692,0.966821947414117,0.8793334388704,1.34480783844495,1.1245804095687,1.70763875090604,0.767662410246773,1.14201919012335,0.430000000000007
"SSP",60,27,4.7021730906507,1.36378450544163,5.328899785402,1.63406952455577,4.41924834953312,1.22234355540531,0.742202531904702,1.11765405979828,0.823298708277148,1.27469021574403,0.705593089706132,1.03901608111387,0.428999999999974
"SSP",60,28,4.97489692606349,1.5004397257355,6.00628038521978,1.90258938490804,4.5086266161583,1.27774504530701,1.14574342145129,1.71913520638349,1.45356170644583,2.20894798077297,1.0065841922968,1.44416338100408,0.428999999999974
"SSP",60,29,3.61377463248848,1.00877725968039,4.74218245140363,1.29540394447359,3.10290720371889,0.847719691479395,0.83522619219282,1.24516129134363,1.03296628153533,1.51457313280409,0.745702733285742,1.10173379301341,0.428999999999974
"SSP",60,30,4.80428077721945,1.37934473510132,5.09504707472907,1.53723844199295,4.67349119738727,1.30209440916551,1.31367674715396,1.95045553708421,1.38410210689228,2.08699229994159,1.28199871813685,1.88581932632264,0.428999999999974
